Archivo,Línea,Patrón,Severidad,Contenido,Sugerencia
"app\shared\user-account-access\update-role.html",56,"surface-legacy","medium","[class.hover:surface-100]=""!isSelfProfile()""","Usar bg-slate-* o tokens --ds-*"
"app\shared\ui\ai-chat-widget\ai-chat-widget.html",20,"surface-legacy","medium","class=""rounded-circle surface-100 p-2 flex align-items-center justify-content-center w-2rem h-2rem""","Usar bg-slate-* o tokens --ds-*"
"app\shared\ui\ai-chat-widget\ai-chat-widget.html",35,"surface-legacy","medium","class=""w-6rem h-6rem rounded-circle surface-100 flex align-items-center justify-content-center mb-4 relative overflow-hi...","Usar bg-slate-* o tokens --ds-*"
"app\shared\ui\ai-chat-widget\ai-chat-widget.html",42,"surface-legacy","medium","class=""absolute w-full h-full surface-200 opacity-50 rounded-circle""","Usar bg-slate-* o tokens --ds-*"
"app\apps\supplier.luxuryapp\provider-quotation\cuadro-comparativo-list.html",6,"surface-legacy","medium","<div class=""surface-100 p-1 md:p-2 text-center"">","Usar bg-slate-* o tokens --ds-*"
"app\apps\supplier.luxuryapp\provider\employee-provider-form.html",21,"border-round","medium","class=""col-12 mb-4 p-3 border-1 surface-border border-round bg-primary-reverse""","Usar "rounded" o "rounded-lg" de Tailwind"
"app\apps\supplier.luxuryapp\paint-inventory\inventario-pintura.html",30,"surface-legacy","medium","<div class=""p-3 surface-100 rounded flex align-items-center"">","Usar bg-slate-* o tokens --ds-*"
"app\apps\supplier.luxuryapp\lighting-inventory\inventario-iluminacion.html",32,"surface-legacy","medium","<div class=""p-3 surface-100 rounded flex align-items-center"">","Usar bg-slate-* o tokens --ds-*"
"app\apps\reclutamiento.luxuryapp\reclutamiento-y-altas-bajas\employee-reclutamiento.html",30,"surface-legacy","medium","class=""flex align-items-center p-3 mb-2 border-1 surface-border rounded surface-100""","Usar bg-slate-* o tokens --ds-*"
"app\apps\operations.luxuryapp\dashboard\unified-pending-dashboard.html",62,"surface-legacy","medium","class=""text-xs text-500 font-bold bg-surface-200 px-1 rounded""","Usar bg-slate-* o tokens --ds-*"
"app\apps\operations.luxuryapp\dashboard\unified-pending-dashboard.html",268,"surface-legacy","medium","class=""border-circle bg-surface-200 p-4 flex align-items-center justify-content-center""","Usar bg-slate-* o tokens --ds-*"
"app\apps\operations.luxuryapp\dashboard\unified-pending-dashboard.html",319,"surface-legacy","medium","<span class=""text-xs text-500 font-bold bg-surface-200 px-1 rounded""","Usar bg-slate-* o tokens --ds-*"
"app\apps\operations.luxuryapp\dashboard\unified-pending-dashboard-mobile.html",30,"surface-legacy","medium","[class.surface-100]=""selectedModule() !== null""","Usar bg-slate-* o tokens --ds-*"
"app\apps\operations.luxuryapp\dashboard\unified-pending-dashboard-mobile.html",43,"surface-legacy","medium","[class.surface-100]=""selectedModule() !== mod""","Usar bg-slate-* o tokens --ds-*"
"app\apps\compras.luxuryapp\historial-compras\historial-compras-list.html",11,"border-round","medium","<div class=""surface-50 border-1 surface-border border-round-lg p-3"">","Usar "rounded" o "rounded-lg" de Tailwind"
"app\apps\compras.luxuryapp\historial-compras\historial-compras-list.html",19,"border-round","medium","class=""border-1 surface-border bg-white border-round-md px-2 py-1 text-xs font-medium text-700 cursor-pointer""","Usar "rounded" o "rounded-lg" de Tailwind"
"app\apps\compras.luxuryapp\historial-compras\historial-compras-list.html",51,"border-round","medium","class=""border-1 surface-border bg-white border-round-md px-2 py-1 text-xs font-medium text-primary cursor-pointer""","Usar "rounded" o "rounded-lg" de Tailwind"
"app\apps\committee.luxuryapp\cobranza\committee-cobranza-mobile.html",27,"border-round","medium","<div class=""surface-card p-3 shadow-1 border-round-xl"">","Usar "rounded" o "rounded-lg" de Tailwind"
"app\apps\committee.luxuryapp\cobranza\committee-cobranza-mobile.html",27,"shadow-legacy","medium","<div class=""surface-card p-3 shadow-1 border-round-xl"">","Usar shadow-sm, shadow, shadow-md, shadow-lg de Tailwind"
"app\apps\committee.luxuryapp\cobranza\committee-cobranza-mobile.html",50,"border-round","medium","<div class=""surface-card p-3 shadow-1 border-round-xl"">","Usar "rounded" o "rounded-lg" de Tailwind"
"app\apps\committee.luxuryapp\cobranza\committee-cobranza-mobile.html",50,"shadow-legacy","medium","<div class=""surface-card p-3 shadow-1 border-round-xl"">","Usar shadow-sm, shadow, shadow-md, shadow-lg de Tailwind"
"app\apps\committee.luxuryapp\cobranza\committee-cobranza-detail-modal.html",5,"border-round","medium","class=""bg-primary text-white border-round w-3rem h-3rem flex align-items-center justify-content-center text-xl font-bold...","Usar "rounded" o "rounded-lg" de Tailwind"
"app\apps\committee.luxuryapp\cobranza\committee-cobranza-detail-modal.html",20,"border-round","medium","class=""text-sm border-round p-3 flex flex-column gap-2""","Usar "rounded" o "rounded-lg" de Tailwind"
"app\apps\cobranza.luxuryapp\cobranza-online\cobranza-online-wrapper.html",2,"border-round","medium","<div class=""surface-card border-round-xl shadow-1 sticky top-0 z-5 mb-3"">","Usar "rounded" o "rounded-lg" de Tailwind"
"app\apps\cobranza.luxuryapp\cobranza-online\cobranza-online-wrapper.html",2,"shadow-legacy","medium","<div class=""surface-card border-round-xl shadow-1 sticky top-0 z-5 mb-3"">","Usar shadow-sm, shadow, shadow-md, shadow-lg de Tailwind"
"app\apps\cobranza.luxuryapp\cobranza-online\cobranza-online-wrapper.html",129,"border-round","medium","<div class=""border-1 surface-border border-round-lg p-4 mt-4"">","Usar "rounded" o "rounded-lg" de Tailwind"
"app\apps\cobranza.luxuryapp\cobranza-online\cobranza-online-wrapper.html",170,"border-round","medium","class=""border-round-md bg-primary text-primary-contrast px-3 py-2 text-sm font-semibold cursor-pointer border-none shado...","Usar "rounded" o "rounded-lg" de Tailwind"
"app\apps\cobranza.luxuryapp\cobranza-online\cobranza-online-wrapper.html",170,"shadow-legacy","medium","class=""border-round-md bg-primary text-primary-contrast px-3 py-2 text-sm font-semibold cursor-pointer border-none shado...","Usar shadow-sm, shadow, shadow-md, shadow-lg de Tailwind"
"app\apps\cobranza.luxuryapp\cobranza-online\cobranza-online-wrapper.html",190,"border-round","medium","class=""surface-card p-4 shadow-4 border-round-xl flex flex-column align-items-center""","Usar "rounded" o "rounded-lg" de Tailwind"
"app\apps\cobranza.luxuryapp\cobranza-online\cobranza-online-wrapper.html",190,"shadow-legacy","medium","class=""surface-card p-4 shadow-4 border-round-xl flex flex-column align-items-center""","Usar shadow-sm, shadow, shadow-md, shadow-lg de Tailwind"
"app\apps\cobranza.luxuryapp\aspel-cobranza-haus\aspel-cobranza-haus.html",189,"surface-legacy","medium","<code class=""text-sm px-2 py-1 rounded surface-100 font-mono""","Usar bg-slate-* o tokens --ds-*"
"app\apps\cobranza.luxuryapp\aspel-cobranza-haus\aspel-cobranza-haus.html",204,"border-round","medium","class=""p-3 mb-4 border-round-xl border-1 surface-border bg-blue-50 text-blue-800 flex align-items-start gap-3""","Usar "rounded" o "rounded-lg" de Tailwind"
"app\apps\cobranza.luxuryapp\aspel-cobranza-haus\aspel-cobranza-haus.html",348,"border-round","medium","class=""p-3 mb-4 border-round-xl border-1 surface-border bg-blue-50 text-blue-800 flex align-items-start gap-3""","Usar "rounded" o "rounded-lg" de Tailwind"
"app\apps\cobranza.luxuryapp\aspel-cobranza-haus\aspel-cobranza-haus.html",489,"surface-legacy","medium","<code class=""text-sm px-2 py-1 rounded surface-100 font-mono""","Usar bg-slate-* o tokens --ds-*"
"app\apps\cobranza.luxuryapp\aspel-cobranza-haus\aspel-cobranza-haus.html",613,"surface-legacy","medium","<td><code class=""text-sm px-2 py-1 rounded surface-100 font-mono"">{{ item.numCtaContra }}</code></td>","Usar bg-slate-* o tokens --ds-*"
"app\apps\cobranza.luxuryapp\aspel-cobranza-haus\aspel-cobranza-haus.html",626,"border-round","medium","class=""p-3 mb-4 border-round-xl border-1 surface-border bg-blue-50 text-blue-800 flex align-items-start gap-3""","Usar "rounded" o "rounded-lg" de Tailwind"
"app\apps\cobranza.luxuryapp\aspel-cobranza-haus\aspel-cobranza-haus.html",741,"surface-legacy","medium","<code class=""text-sm px-2 py-1 rounded surface-100 font-mono""","Usar bg-slate-* o tokens --ds-*"
"app\apps\cobranza.luxuryapp\aspel-cobranza-haus\aspel-cobranza-haus.html",877,"surface-legacy","medium","<td><code class=""text-sm px-2 py-1 rounded surface-100 font-mono"">{{ item.numCta }}</code></td>","Usar bg-slate-* o tokens --ds-*"
"app\apps\cobranza.luxuryapp\aspel-cobranza-haus\aspel-cobranza-haus-debt-detail-modal.html",237,"surface-legacy","medium","<code class=""text-sm px-2 py-1 rounded surface-100 font-mono""","Usar bg-slate-* o tokens --ds-*"
"app\core\pages-extras\unauthorized\unauthorized.html",45,"surface-legacy","medium","<div class=""surface-100 rounded p-3"">","Usar bg-slate-* o tokens --ds-*"
"app\shared\ui\mobile\data-view-mobile\data-view-mobile.html",81,"surface-legacy","medium","class=""sticky z-2 flex align-items-center justify-content-between px-3 py-2 surface-100 border-y-1 surface-border shadow...","Usar bg-slate-* o tokens --ds-*"
"app\shared\ui\mobile\data-view-mobile\data-view-mobile.html",85,"surface-legacy","medium","<span class=""text-xs font-medium text-500 bg-surface-200 px-2 py-1 rounded-xl"">","Usar bg-slate-* o tokens --ds-*"
"app\apps\system.luxuryapp\configuracion-sistema\eleven-labs\eleven-labs-settings.html",153,"surface-legacy","medium","<div class=""surface-100 rounded p-3 h-full"">","Usar bg-slate-* o tokens --ds-*"
"app\apps\supplier.luxuryapp\quotes\provider-quotation\cuadro-comparativo-list.html",6,"surface-legacy","medium","<div class=""surface-100 p-1 md:p-2 text-center"">","Usar bg-slate-* o tokens --ds-*"
"app\apps\supplier.luxuryapp\pr\solicitud-compra\solicitud-compra.html",151,"surface-legacy","medium","<div class=""mt-5 p-3 surface-100 rounded"">","Usar bg-slate-* o tokens --ds-*"
"app\apps\supplier.luxuryapp\pr\purchase-request\purchase-request.html",106,"surface-legacy","medium","<div class=""p-3 surface-100 rounded text-color-secondary mt-3"">","Usar bg-slate-* o tokens --ds-*"
"app\apps\supplier.luxuryapp\pr\cedula-presupuestal\ordenes-compra-cedula-list.html",104,"surface-legacy","medium","<div class=""flex-none p-3 surface-100 border-top-1 border-200"">","Usar bg-slate-* o tokens --ds-*"
"app\apps\supplier.luxuryapp\po\purchase-link-manager\purchase-link-manager.html",303,"important","critical","background-color: var(--primary-50) !important;","Eliminar !important y usar @layer primeng-brand o tokens CSS"
"app\apps\supplier.luxuryapp\po\purchase-link-manager\purchase-link-manager.html",304,"important","critical","border: 2px dashed var(--primary-500) !important;","Eliminar !important y usar @layer primeng-brand o tokens CSS"
"app\apps\recursos-humanos.luxuryapp\evaluaciones-de-desempeo\evaluation-template\lista-plantilla-evaluacion.html",70,"surface-legacy","medium","class=""w-3rem h-3rem rounded flex align-items-center justify-content-center flex-shrink-0 ml-3 surface-100""","Usar bg-slate-* o tokens --ds-*"
"app\apps\recursos-humanos.luxuryapp\evaluaciones-de-desempeo\evaluation-template\formulario-plantilla-evaluacion.html",114,"surface-legacy","medium","class=""flex align-items-center gap-3 p-2 surface-100 rounded hover:surface-200 transition-colors""","Usar bg-slate-* o tokens --ds-*"
"app\apps\reclutamiento.luxuryapp\reclutamiento-y-altas-bajas\recruitment-client-requests\solicitudes-cliente-list.html",128,"surface-legacy","medium","class=""w-3rem h-3rem rounded flex align-items-center justify-content-center flex-shrink-0 ml-3 surface-100""","Usar bg-slate-* o tokens --ds-*"
"app\apps\reclutamiento.luxuryapp\estructura-organizacional\work-position\work-position-hours.html",4,"surface-legacy","medium","<div class=""flex align-items-center p-3 surface-100 rounded-lg"">","Usar bg-slate-* o tokens --ds-*"
"app\apps\reclutamiento.luxuryapp\candidates\candidate-interviewer-queue\candidate-interviewer-queue.html",142,"border-round","medium","<div class=""border-1 border-dashed surface-border border-round p-4 bg-surface-50"">","Usar "rounded" o "rounded-lg" de Tailwind"
"app\apps\reclutamiento.luxuryapp\candidates\candidate-interviewer-queue\candidate-interviewer-queue.html",152,"border-round","medium","class=""border-1 surface-border border-round p-3 cursor-pointer""","Usar "rounded" o "rounded-lg" de Tailwind"
"app\apps\reclutamiento.luxuryapp\candidates\candidate-interview\candidate-interview-response.html",176,"border-round","medium","<button class=""p-2 hover:bg-gray-100 border-round"" (click)=""closeReasonModal()"">","Usar "rounded" o "rounded-lg" de Tailwind"
"app\apps\reclutamiento.luxuryapp\candidates\candidate-recruitment-interviews\candidate-recruitment-interviews.html",200,"border-round","medium","class=""border-1 surface-border border-round p-3""","Usar "rounded" o "rounded-lg" de Tailwind"
"app\apps\reclutamiento.luxuryapp\candidates\candidate-application\candidate-process-hiring-modal.html",47,"border-round","medium","<div class=""surface-ground border-round p-3"">","Usar "rounded" o "rounded-lg" de Tailwind"
"app\apps\reclutamiento.luxuryapp\candidates\candidate-application\candidate-process-hiring-modal.html",309,"border-round","medium","<div class=""surface-ground border-round p-3 h-full"">","Usar "rounded" o "rounded-lg" de Tailwind"
"app\apps\reclutamiento.luxuryapp\candidates\candidate-application\candidate-process-hiring-modal.html",322,"border-round","medium","<div class=""surface-ground border-round p-3 h-full"">","Usar "rounded" o "rounded-lg" de Tailwind"
"app\apps\reclutamiento.luxuryapp\candidates\candidate-application\candidate-process-hiring-modal.html",349,"border-round","medium","<div class=""surface-ground border-round p-3"">","Usar "rounded" o "rounded-lg" de Tailwind"
"app\apps\reclutamiento.luxuryapp\candidates\candidate-application\candidate-application-form.html",8,"border-round","medium","<div class=""mb-3 p-3 border-1 surface-border border-round surface-50"">","Usar "rounded" o "rounded-lg" de Tailwind"
"app\apps\reclutamiento.luxuryapp\candidates\candidate-application\candidate-application-form.html",61,"border-round","medium","<div class=""border-1 surface-border border-round p-3 surface-50"">","Usar "rounded" o "rounded-lg" de Tailwind"
"app\apps\reclutamiento.luxuryapp\candidates\candidate-application\candidate-application-form.html",149,"border-round","medium","class=""border-1 surface-border border-round p-3 surface-card""","Usar "rounded" o "rounded-lg" de Tailwind"
"app\apps\reclutamiento.luxuryapp\candidates\candidate-application\candidate-application-form.html",179,"border-round","medium","<div class=""border-1 surface-border border-round p-3"">","Usar "rounded" o "rounded-lg" de Tailwind"
"app\apps\reclutamiento.luxuryapp\candidates\candidate\candidate-form.html",108,"border-round","medium","<div class=""border-1 surface-border border-round p-3"">","Usar "rounded" o "rounded-lg" de Tailwind"
"app\apps\reclutamiento.luxuryapp\candidates\candidate\candidate-form.html",135,"border-round","medium","<div class=""border-1 surface-border border-round p-3"">","Usar "rounded" o "rounded-lg" de Tailwind"
"app\apps\reclutamiento.luxuryapp\candidates\candidate\candidate-detail.html",48,"border-round","medium","<div class=""surface-50 border-1 surface-border border-round p-3"">","Usar "rounded" o "rounded-lg" de Tailwind"
"app\apps\reclutamiento.luxuryapp\candidates\candidate\candidate-detail.html",100,"border-round","medium","class=""surface-card border-1 surface-border border-round p-3 flex flex-column gap-1""","Usar "rounded" o "rounded-lg" de Tailwind"
"app\apps\reclutamiento.luxuryapp\candidates\candidate-work-position-candidates\candidate-work-position-candidates.html",182,"border-round","medium","class=""border-1 surface-border border-round p-3 text-sm text-color-secondary""","Usar "rounded" o "rounded-lg" de Tailwind"
"app\apps\reclutamiento.luxuryapp\candidates\candidate-work-position-candidates\candidate-work-position-candidates.html",191,"border-round","medium","class=""border-1 surface-border border-round p-3""","Usar "rounded" o "rounded-lg" de Tailwind"
"app\apps\reclutamiento.luxuryapp\candidates\candidate-work-position-candidates\candidate-work-position-candidates.html",332,"border-round","medium","<div class=""border-1 surface-border border-round p-3 surface-50"">","Usar "rounded" o "rounded-lg" de Tailwind"
"app\apps\operations.luxuryapp\reports\pending-minutes\pending-minutes.html",9,"surface-legacy","medium","<div class=""border-bottom-1 surface-border p-3 surface-100""></div>","Usar bg-slate-* o tokens --ds-*"
"app\apps\operations.luxuryapp\reports\pending-minutes\pending-minutes.html",107,"surface-legacy","medium","<div class=""p-3 surface-100 text-center rounded text-color-secondary"">","Usar bg-slate-* o tokens --ds-*"
"app\apps\operations.luxuryapp\inventarios-y-almacn\inventory-engine-system\inventory-engine-system.html",19,"surface-legacy","medium","<div class=""surface-100 p-3 rounded mb-3"">{{ system.system }}</div>","Usar bg-slate-* o tokens --ds-*"
"app\apps\operations.luxuryapp\google-calendar\google-calendar\google-calendar.html",153,"border-round","medium","class=""flex flex-column align-items-center justify-content-center mx-3 my-2 border-round-xl bg-primary-50 px-3 py-2 shad...","Usar "rounded" o "rounded-lg" de Tailwind"
"app\apps\operations.luxuryapp\google-calendar\google-calendar\google-calendar.html",153,"shadow-legacy","medium","class=""flex flex-column align-items-center justify-content-center mx-3 my-2 border-round-xl bg-primary-50 px-3 py-2 shad...","Usar shadow-sm, shadow, shadow-md, shadow-lg de Tailwind"
"app\apps\operations.luxuryapp\google-calendar\google-calendar\google-calendar.html",169,"border-round","medium","class=""text-xs font-bold px-2 py-1 border-round-xl {{ getSubjectTypeClass(item) }}""","Usar "rounded" o "rounded-lg" de Tailwind"
"app\apps\operations.luxuryapp\google-calendar\google-calendar\google-calendar.html",174,"border-round","medium","class=""text-xs font-medium text-color-secondary bg-surface-200 px-2 py-1 border-round-xl""","Usar "rounded" o "rounded-lg" de Tailwind"
"app\apps\operations.luxuryapp\google-calendar\google-calendar\google-calendar.html",174,"surface-legacy","medium","class=""text-xs font-medium text-color-secondary bg-surface-200 px-2 py-1 border-round-xl""","Usar bg-slate-* o tokens --ds-*"
"app\apps\operations.luxuryapp\google-calendar\google-calendar\google-calendar.html",218,"border-round","medium","class=""no-underline text-xs font-bold px-2 py-1 border-round-xl bg-green-100 text-green-800 flex align-items-center gap-...","Usar "rounded" o "rounded-lg" de Tailwind"
"app\apps\operations.luxuryapp\google-calendar\google-calendar\google-calendar-form.html",488,"border-round","medium","class=""flex flex-row align-items-center bg-white p-2 border-1 surface-border border-round""","Usar "rounded" o "rounded-lg" de Tailwind"
"app\apps\operations.luxuryapp\google-calendar\google-calendar\google-calendar-form.html",503,"border-round","medium","class=""text-xs px-2 py-1 bg-blue-100 text-blue-800 border-round white-space-nowrap""","Usar "rounded" o "rounded-lg" de Tailwind"
"app\apps\operations.luxuryapp\announcements\announcement\announcement-detail.html",63,"surface-legacy","medium","class=""p-2 surface-100 rounded text-color hover:surface-200 transition-colors transition-duration-200 flex align-items-c...","Usar bg-slate-* o tokens --ds-*"
"app\apps\operations.luxuryapp\announcements\announcement\announcement-admin-form.html",9,"important","critical","margin: 0 !important;","Eliminar !important y usar @layer primeng-brand o tokens CSS"
"app\apps\operations.luxuryapp\announcements\announcement\announcement-admin-form.html",12,"important","critical","background-color: #d1fae5 !important;","Eliminar !important y usar @layer primeng-brand o tokens CSS"
"app\apps\operations.luxuryapp\announcements\announcement\announcement-admin-form.html",13,"important","critical","color: #065f46 !important;","Eliminar !important y usar @layer primeng-brand o tokens CSS"
"app\apps\operations.luxuryapp\announcements\announcement\announcement-admin-form.html",94,"surface-legacy","medium","class=""flex flex-column align-items-center mb-3 p-3 surface-100 rounded border-1 surface-border""","Usar bg-slate-* o tokens --ds-*"
"app\apps\operations.luxuryapp\field-service\service-order\ordenes-servicio-list.html",105,"surface-legacy","medium","<td colspan=""8"" class=""font-bold text-sm surface-100 px-3 py-2"">","Usar bg-slate-* o tokens --ds-*"
"app\apps\operations.luxuryapp\field-service\service-order\ordenes-servicio-list.html",235,"surface-legacy","medium","<div class=""flex gap-2 mb-3 bg-surface-100 p-1 rounded"">","Usar bg-slate-* o tokens --ds-*"
"app\apps\operations.luxuryapp\field-service\service-order\ordenes-servicio-list.html",367,"important","critical","visibility: visible !important;","Eliminar !important y usar @layer primeng-brand o tokens CSS"
"app\apps\operations.luxuryapp\field-service\service-order\ordenes-servicio-list.html",368,"important","critical","background-color: white !important;","Eliminar !important y usar @layer primeng-brand o tokens CSS"
"app\apps\operations.luxuryapp\field-service\service-order\ordenes-servicio-list.html",369,"important","critical","color: black !important;","Eliminar !important y usar @layer primeng-brand o tokens CSS"
"app\apps\operations.luxuryapp\field-service\service-order\ordenes-servicio-list.html",379,"important","critical","display: none !important;","Eliminar !important y usar @layer primeng-brand o tokens CSS"
"app\apps\operations.luxuryapp\field-service\service-order\ordenes-servicio-list.html",384,"important","critical","display: block !important;","Eliminar !important y usar @layer primeng-brand o tokens CSS"
"app\apps\operations.luxuryapp\field-service\service-order\ordenes-servicio-list.html",385,"important","critical","visibility: visible !important;","Eliminar !important y usar @layer primeng-brand o tokens CSS"
"app\apps\operations.luxuryapp\field-service\service-order\ordenes-servicio-list.html",386,"important","critical","width: 100% !important;","Eliminar !important y usar @layer primeng-brand o tokens CSS"
"app\apps\operations.luxuryapp\field-service\service-order\ordenes-servicio-list.html",391,"important","critical","display: block !important;","Eliminar !important y usar @layer primeng-brand o tokens CSS"
"app\apps\operations.luxuryapp\field-service\service-order\ordenes-servicio-list.html",396,"important","critical","display: none !important;","Eliminar !important y usar @layer primeng-brand o tokens CSS"
"app\apps\operations.luxuryapp\field-service\service-order\ordenes-servicio-list.html",406,"important","critical","display: none !important;","Eliminar !important y usar @layer primeng-brand o tokens CSS"
"app\apps\operations.luxuryapp\field-service\service-order\ordenes-servicio-list.html",411,"important","critical","width: 100% !important;","Eliminar !important y usar @layer primeng-brand o tokens CSS"
"app\apps\operations.luxuryapp\field-service\service-order\ordenes-servicio-list.html",412,"important","critical","border-collapse: collapse !important;","Eliminar !important y usar @layer primeng-brand o tokens CSS"
"app\apps\operations.luxuryapp\field-service\service-order\ordenes-servicio-list.html",417,"important","critical","border: 1px solid #ddd !important;","Eliminar !important y usar @layer primeng-brand o tokens CSS"
"app\apps\operations.luxuryapp\field-service\service-order\ordenes-servicio-list.html",418,"important","critical","padding: 4px !important;","Eliminar !important y usar @layer primeng-brand o tokens CSS"
"app\apps\operations.luxuryapp\field-service\service-order\ordenes-servicio-list.html",419,"important","critical","font-size: 10px !important;","Eliminar !important y usar @layer primeng-brand o tokens CSS"
"app\apps\operations.luxuryapp\field-service\service-order\ordenes-servicio-list.html",426,"important","critical","color: black !important;","Eliminar !important y usar @layer primeng-brand o tokens CSS"
"app\apps\mantenimiento.luxuryapp\reports-mantenance\report-consumos\report-consumos.html",83,"surface-legacy","medium","class=""surface-card rounded-xl p-3 border-1 border-surface-200 h-full""","Usar bg-slate-* o tokens --ds-*"
"app\apps\mantenimiento.luxuryapp\reports-mantenance\report-consumos\report-consumos.html",98,"surface-legacy","medium","class=""surface-card rounded-xl p-3 border-1 border-surface-200 h-full""","Usar bg-slate-* o tokens --ds-*"
"app\apps\mantenimiento.luxuryapp\reports-mantenance\report-consumos\report-consumos.html",112,"surface-legacy","medium","class=""surface-card rounded-xl p-3 border-1 border-surface-200 h-full""","Usar bg-slate-* o tokens --ds-*"
"app\apps\mantenimiento.luxuryapp\reports-mantenance\report-consumos\report-consumos.html",124,"surface-legacy","medium","class=""surface-card rounded-xl p-3 border-1 border-surface-200 h-full""","Usar bg-slate-* o tokens --ds-*"
"app\apps\mantenimiento.luxuryapp\reports-mantenance\report-consumos\report-consumos.html",163,"surface-legacy","medium","class=""surface-50 rounded-lg p-3 border-1 border-surface-200""","Usar bg-slate-* o tokens --ds-*"
"app\apps\mantenimiento.luxuryapp\reports-mantenance\report-consumos\report-consumos.html",249,"surface-legacy","medium","class=""surface-card rounded-xl border-1 border-surface-200 p-4 text-center text-500""","Usar bg-slate-* o tokens --ds-*"
"app\apps\mantenimiento.luxuryapp\planificacin-de-mantenimiento\maintenance-calendar-master\datos-servicio-form.html",16,"surface-legacy","medium","<div class=""surface-100 rounded p-3 text-900 line-height-3"">","Usar bg-slate-* o tokens --ds-*"
"app\apps\mantenimiento.luxuryapp\planificacin-de-mantenimiento\maintenance-calendar-master\datos-servicio-form.html",27,"surface-legacy","medium","<div class=""surface-100 rounded p-3 text-700 line-height-3"">","Usar bg-slate-* o tokens --ds-*"
"app\apps\mantenimiento.luxuryapp\planificacin-de-mantenimiento\maintenance-calendar-master\datos-servicio-form.html",52,"surface-legacy","medium","class=""flex align-items-center gap-3 cursor-pointer p-3 hover:surface-100 transition-colors transition-duration-150""","Usar bg-slate-* o tokens --ds-*"
"app\apps\mantenimiento.luxuryapp\planificacin-de-mantenimiento\maintenance-calendar-master\datos-servicio-form.html",72,"surface-legacy","medium","<div class=""surface-100 rounded p-3 text-400 text-sm text-center"">","Usar bg-slate-* o tokens --ds-*"
"app\apps\mantenimiento.luxuryapp\planificacin-de-mantenimiento\maintenance-calendar-master\calendario-maestro-readonly.html",6,"surface-legacy","medium","class=""flex align-items-center justify-content-between p-2 font-bold text-primary surface-100 rounded mb-2""","Usar bg-slate-* o tokens --ds-*"
"app\apps\mantenimiento.luxuryapp\planificacin-de-mantenimiento\maintenance-calendar-master\calendario-maestro-readonly.html",18,"surface-legacy","medium","class=""p-3 border-1 surface-border rounded cursor-pointer hover:surface-100 transition-colors transition-duration-150""","Usar bg-slate-* o tokens --ds-*"
"app\apps\mantenimiento.luxuryapp\planificacin-de-mantenimiento\maintenance-calendar-master\calendario-maestro-lista.html",10,"surface-legacy","medium","class=""flex justify-content-between align-items-center p-3 font-bold text-primary surface-100 rounded mb-2""","Usar bg-slate-* o tokens --ds-*"
"app\apps\mantenimiento.luxuryapp\planificacin-de-mantenimiento\maintenance-calendar-master\calendario-maestro-lista.html",30,"surface-legacy","medium","class=""p-3 border-1 surface-border rounded hover:surface-100 transition-colors transition-duration-200""","Usar bg-slate-* o tokens --ds-*"
"app\apps\mantenimiento.luxuryapp\inspection\resultado-inspeccion\resultado-inspeccion.html",80,"shadow-legacy","medium","class=""w-full h-24 object-cover rounded-md shadow-2 border-1 border-outline""","Usar shadow-sm, shadow, shadow-md, shadow-lg de Tailwind"
"app\apps\mantenimiento.luxuryapp\inspection\lista-reportes-inspeccion\lista-informe-inspeccion.html",109,"shadow-legacy","medium","styleClass=""w-full h-24 object-cover rounded-md shadow-2 border-1 border-outline""","Usar shadow-sm, shadow, shadow-md, shadow-lg de Tailwind"
"app\apps\mantenimiento.luxuryapp\inspection\bitacora\mis-inspecciones-ejecutar.html",33,"surface-legacy","medium","<td colspan=""5"" class=""surface-100 p-2"">","Usar bg-slate-* o tokens --ds-*"
"app\apps\mantenimiento.luxuryapp\inspection\bitacora\mis-inspecciones-ejecutar.html",134,"shadow-legacy","medium","styleClass=""rounded-md shadow-1""","Usar shadow-sm, shadow, shadow-md, shadow-lg de Tailwind"
"app\apps\mantenimiento.luxuryapp\inspection\bitacora\mis-inspecciones-agregar-imagenes.html",49,"shadow-legacy","medium","class=""w-full h-24 object-cover rounded-md border-1 border-outline shadow-1""","Usar shadow-sm, shadow, shadow-md, shadow-lg de Tailwind"
"app\apps\mantenimiento.luxuryapp\inspection\bitacora\mis-inspecciones-agregar-imagenes.html",80,"shadow-legacy","medium","class=""w-full h-24 object-cover rounded-md border-1 border-outline shadow-1""","Usar shadow-sm, shadow, shadow-md, shadow-lg de Tailwind"
"app\apps\mantenimiento.luxuryapp\equipos-y-maquinaria\machinery\ficha-tecnica-activo.html",6,"surface-legacy","medium","class=""surface-100 rounded p-3 mb-3 font-bold text-xl text-primary""","Usar bg-slate-* o tokens --ds-*"
"app\apps\mantenimiento.luxuryapp\equipos-y-maquinaria\machinery\ficha-tecnica-activo.html",77,"surface-legacy","medium","<thead class=""surface-100"">","Usar bg-slate-* o tokens --ds-*"
"app\apps\mantenimiento.luxuryapp\equipos-y-maquinaria\machinery\ficha-tecnica-activo.html",93,"surface-legacy","medium","<thead class=""surface-100"">","Usar bg-slate-* o tokens --ds-*"
"app\apps\mantenimiento.luxuryapp\equipos-y-maquinaria\machinery\equipos-list.html",34,"surface-legacy","medium",": 'surface-100 border-300 text-color-secondary hover:surface-200 hover:border-primary-300'","Usar bg-slate-* o tokens --ds-*"
"app\apps\mantenimiento.luxuryapp\equipos-y-maquinaria\machinery\equipos-list.html",241,"surface-legacy","medium","class=""p-1 rounded surface-100 mr-2 mb-2 inline-flex align-items-center""","Usar bg-slate-* o tokens --ds-*"
"app\apps\mantenimiento.luxuryapp\equipos-y-maquinaria\machinery\equipos-list.html",416,"surface-legacy","medium","<div class=""text-center text-500 p-2 italic surface-100 rounded"">","Usar bg-slate-* o tokens --ds-*"
"app\apps\mantenimiento.luxuryapp\logs\recepcion-pipas-agua\recepcion-pipas-agua-reporte.html",6,"surface-legacy","medium","<div class=""surface-100 p-3 flex flex-column gap-3"">","Usar bg-slate-* o tokens --ds-*"
"app\apps\mantenimiento.luxuryapp\logs\recepcion-pipas-agua\recepcion-pipas-agua-analisis.html",79,"surface-legacy","medium","<tr class=""border-bottom-1 border-100 hover:surface-100"">","Usar bg-slate-* o tokens --ds-*"
"app\apps\mantenimiento.luxuryapp\logs\maintenance-log\bitacora-mantenimiento.html",20,"surface-legacy","medium","<div class=""card surface-100 mb-2 border-1 surface-border"">","Usar bg-slate-* o tokens --ds-*"
"app\apps\mantenimiento.luxuryapp\logs\maintenance-log\bitacora-individual.html",28,"surface-legacy","medium","<div class=""card surface-100 mb-2 border-1 surface-border"">","Usar bg-slate-* o tokens --ds-*"
"app\apps\contabilidad.luxuryapp\general-ledger\presupuesto-propuesta\fee-comparison-by-fija.html",146,"surface-legacy","medium","class=""flex align-items-center px-4 py-4 surface-100 border-bottom-1 surface-border""","Usar bg-slate-* o tokens --ds-*"
"app\apps\contabilidad.luxuryapp\general-ledger\presupuesto-propuesta\account-modal-add.html",29,"surface-legacy","medium","[class.surface-200]=""isSelected(account.codigoCuenta)""","Usar bg-slate-* o tokens --ds-*"
"app\apps\contabilidad.luxuryapp\general-ledger\presupuesto-propuesta\account-modal-add.html",30,"surface-legacy","medium","[class.hover:surface-100]=""!isSelected(account.codigoCuenta)""","Usar bg-slate-* o tokens --ds-*"
"app\apps\contabilidad.luxuryapp\general-ledger\funding-accounting\funding-accounting-detail.html",31,"surface-legacy","medium","customClass=""mr-1  border-2 border-surface-200""","Usar bg-slate-* o tokens --ds-*"
"app\apps\contabilidad.luxuryapp\general-ledger\funding-accounting\funding-accounting-detail.html",48,"surface-legacy","medium","customClass=""mr-1  border-2 border-surface-200""","Usar bg-slate-* o tokens --ds-*"
"app\apps\contabilidad.luxuryapp\general-ledger\funding-accounting\funding-accounting-detail.html",57,"surface-legacy","medium","customClass=""mr-1  border-2 border-surface-200""","Usar bg-slate-* o tokens --ds-*"
"app\apps\contabilidad.luxuryapp\general-ledger\funding-accounting\funding-accounting-detail.html",65,"surface-legacy","medium","customClass=""mr-1  border-2 border-surface-200""","Usar bg-slate-* o tokens --ds-*"
"app\apps\contabilidad.luxuryapp\general-ledger\funding-accounting\funding-accounting-detail.html",72,"surface-legacy","medium","customClass=""mr-1  border-2 border-surface-200""","Usar bg-slate-* o tokens --ds-*"
"app\apps\contabilidad.luxuryapp\general-ledger\funding-accounting\funding-accounting-detail.html",79,"surface-legacy","medium","customClass=""mr-1  border-2 border-surface-200""","Usar bg-slate-* o tokens --ds-*"
"app\apps\contabilidad.luxuryapp\general-ledger\contabilidad-online\financial-reports-wrapper.html",37,"surface-legacy","medium","<div class=""surface-100 p-2 flex gap-3"">","Usar bg-slate-* o tokens --ds-*"
"app\apps\contabilidad.luxuryapp\general-ledger\contabilidad-cliente\contabilidad-cliente-wrapper.html",7,"surface-legacy","medium","<div class=""surface-100 p-3 flex align-items-center gap-3"">","Usar bg-slate-* o tokens --ds-*"
"app\apps\contabilidad.luxuryapp\general-ledger\catalogo-gastos-fijos\catalogo-gastos-fijos-list.html",130,"surface-legacy","medium","class=""flex align-items-center flex-wrap px-3 py-2 mt-1 rounded surface-100 border-left-3 border-orange-500 mb-2 shadow-...","Usar bg-slate-* o tokens --ds-*"
"app\apps\contabilidad.luxuryapp\fondeos-y-reporteo\funding-accounting\funding-accounting-detail.html",31,"surface-legacy","medium","customClass=""mr-1  border-2 border-surface-200""","Usar bg-slate-* o tokens --ds-*"
"app\apps\contabilidad.luxuryapp\fondeos-y-reporteo\funding-accounting\funding-accounting-detail.html",48,"surface-legacy","medium","customClass=""mr-1  border-2 border-surface-200""","Usar bg-slate-* o tokens --ds-*"
"app\apps\contabilidad.luxuryapp\fondeos-y-reporteo\funding-accounting\funding-accounting-detail.html",57,"surface-legacy","medium","customClass=""mr-1  border-2 border-surface-200""","Usar bg-slate-* o tokens --ds-*"
"app\apps\contabilidad.luxuryapp\fondeos-y-reporteo\funding-accounting\funding-accounting-detail.html",65,"surface-legacy","medium","customClass=""mr-1  border-2 border-surface-200""","Usar bg-slate-* o tokens --ds-*"
"app\apps\contabilidad.luxuryapp\fondeos-y-reporteo\funding-accounting\funding-accounting-detail.html",72,"surface-legacy","medium","customClass=""mr-1  border-2 border-surface-200""","Usar bg-slate-* o tokens --ds-*"
"app\apps\contabilidad.luxuryapp\fondeos-y-reporteo\funding-accounting\funding-accounting-detail.html",79,"surface-legacy","medium","customClass=""mr-1  border-2 border-surface-200""","Usar bg-slate-* o tokens --ds-*"
"app\apps\contabilidad.luxuryapp\fondeos-y-reporteo\funding\funding-purchase-detail.html",17,"surface-legacy","medium","class=""flex justify-content-between align-items-center border-bottom-1 surface-border p-3 surface-100""","Usar bg-slate-* o tokens --ds-*"
"app\apps\contabilidad.luxuryapp\fondeos-y-reporteo\funding\funding-detail.html",101,"surface-legacy","medium","<div class=""hidden md:flex gap-1 bg-surface-100 rounded p-1"">","Usar bg-slate-* o tokens --ds-*"
"app\apps\contabilidad.luxuryapp\fondeos-y-reporteo\funding\funding-detail.html",248,"surface-legacy","medium","<div class=""bg-surface-100 border-circle p-3 mb-3"">","Usar bg-slate-* o tokens --ds-*"
"app\apps\contabilidad.luxuryapp\fondeos-y-reporteo\funding\funding-detail.html",395,"surface-legacy","medium","class=""text-xs px-2 py-0 bg-surface-200 text-700 rounded-md""","Usar bg-slate-* o tokens --ds-*"
"app\apps\contabilidad.luxuryapp\fondeos-y-reporteo\funding\funding-detail.html",425,"surface-legacy","medium","class=""text-xs font-bold text-700 bg-surface-100 px-1 rounded""","Usar bg-slate-* o tokens --ds-*"
"app\apps\contabilidad.luxuryapp\ar\catalogo-gastos-fijos\catalogo-gastos-fijos-list.html",130,"surface-legacy","medium","class=""flex align-items-center flex-wrap px-3 py-2 mt-1 rounded surface-100 border-left-3 border-orange-500 mb-2 shadow-...","Usar bg-slate-* o tokens --ds-*"
"app\apps\direccion.luxuryapp\juntas-comite\juntas-mensuales-session\junta-mensual-session-checklist-dialog.html",53,"surface-legacy","medium","<div class=""px-3 py-2 bg-surface-100 font-semibold"">","Usar bg-slate-* o tokens --ds-*"
"app\apps\direccion.luxuryapp\juntas-comite\junta-comite-minutas\resumen-minuta.html",63,"surface-legacy","medium","<tr class=""text-sm uppercase text-700 bg-surface-100"">","Usar bg-slate-* o tokens --ds-*"
"app\apps\direccion.luxuryapp\juntas-comite\junta-comite-minutas\resumen-minuta.html",176,"surface-legacy","medium","class=""border-circle bg-surface-200 p-5 flex align-items-center justify-content-center shadow-sm""","Usar bg-slate-* o tokens --ds-*"
"app\apps\direccion.luxuryapp\juntas-comite\junta-comite-minutas\minuta-pendientes.html",13,"surface-legacy","medium","<div class=""surface-100 p-2 rounded mb-3"">","Usar bg-slate-* o tokens --ds-*"
"app\apps\direccion.luxuryapp\juntas-comite\junta-comite-minutas\invited-form.html",2,"surface-legacy","medium","<div class=""p-2 surface-200 font-semibold"">Invitados</div>","Usar bg-slate-* o tokens --ds-*"
"app\apps\direccion.luxuryapp\juntas-comite\junta-comite-minutas\comite-form.html",2,"surface-legacy","medium","<div class=""p-2 surface-200 font-semibold"">Comité</div>","Usar bg-slate-* o tokens --ds-*"
"app\apps\direccion.luxuryapp\juntas-comite\junta-comite-minutas\administration-form-list.html",2,"surface-legacy","medium","<div class=""p-2 surface-200 font-semibold"">Administración</div>","Usar bg-slate-* o tokens --ds-*"
"app\apps\cobranza.luxuryapp\cobranza-online\resumen\cobranza-online-resumen.html",3,"border-round","medium","<div class=""surface-card border-1 surface-border border-round-xl shadow-1 p-3 md:p-4"">","Usar "rounded" o "rounded-lg" de Tailwind"
"app\apps\cobranza.luxuryapp\cobranza-online\resumen\cobranza-online-resumen.html",3,"shadow-legacy","medium","<div class=""surface-card border-1 surface-border border-round-xl shadow-1 p-3 md:p-4"">","Usar shadow-sm, shadow, shadow-md, shadow-lg de Tailwind"
"app\apps\cobranza.luxuryapp\cobranza-online\resumen\cobranza-online-resumen.html",12,"border-round","medium","<div class=""surface-card border-1 surface-border border-round-xl shadow-1 p-3 md:p-4 mb-3"">","Usar "rounded" o "rounded-lg" de Tailwind"
"app\apps\cobranza.luxuryapp\cobranza-online\resumen\cobranza-online-resumen.html",12,"shadow-legacy","medium","<div class=""surface-card border-1 surface-border border-round-xl shadow-1 p-3 md:p-4 mb-3"">","Usar shadow-sm, shadow, shadow-md, shadow-lg de Tailwind"
"app\apps\cobranza.luxuryapp\cobranza-online\resumen\cobranza-online-resumen.html",32,"border-round","medium","class=""surface-card p-3 md:p-4 shadow-1 border-round-xl border-1 surface-border h-full flex flex-column md:flex-row alig...","Usar "rounded" o "rounded-lg" de Tailwind"
"app\apps\cobranza.luxuryapp\cobranza-online\resumen\cobranza-online-resumen.html",32,"shadow-legacy","medium","class=""surface-card p-3 md:p-4 shadow-1 border-round-xl border-1 surface-border h-full flex flex-column md:flex-row alig...","Usar shadow-sm, shadow, shadow-md, shadow-lg de Tailwind"
"app\apps\cobranza.luxuryapp\cobranza-online\resumen\cobranza-online-resumen.html",73,"border-round","medium","class=""surface-card p-3 md:p-4 shadow-1 border-round-xl border-1 surface-border h-full flex flex-column md:flex-row alig...","Usar "rounded" o "rounded-lg" de Tailwind"
"app\apps\cobranza.luxuryapp\cobranza-online\resumen\cobranza-online-resumen.html",73,"shadow-legacy","medium","class=""surface-card p-3 md:p-4 shadow-1 border-round-xl border-1 surface-border h-full flex flex-column md:flex-row alig...","Usar shadow-sm, shadow, shadow-md, shadow-lg de Tailwind"
"app\apps\cobranza.luxuryapp\cobranza-online\resumen\cobranza-online-resumen.html",115,"border-round","medium","class=""surface-card p-3 md:p-4 shadow-1 border-round-xl border-1 surface-border h-full flex flex-column md:flex-row alig...","Usar "rounded" o "rounded-lg" de Tailwind"
"app\apps\cobranza.luxuryapp\cobranza-online\resumen\cobranza-online-resumen.html",115,"shadow-legacy","medium","class=""surface-card p-3 md:p-4 shadow-1 border-round-xl border-1 surface-border h-full flex flex-column md:flex-row alig...","Usar shadow-sm, shadow, shadow-md, shadow-lg de Tailwind"
"app\apps\cobranza.luxuryapp\cobranza-online\resumen\cobranza-online-resumen.html",164,"border-round","medium","class=""surface-card p-3 shadow-1 border-round-xl border-1 surface-border surface-50 h-full""","Usar "rounded" o "rounded-lg" de Tailwind"
"app\apps\cobranza.luxuryapp\cobranza-online\resumen\cobranza-online-resumen.html",164,"shadow-legacy","medium","class=""surface-card p-3 shadow-1 border-round-xl border-1 surface-border surface-50 h-full""","Usar shadow-sm, shadow, shadow-md, shadow-lg de Tailwind"
"app\apps\cobranza.luxuryapp\cobranza-online\resumen\cobranza-online-resumen.html",184,"shadow-legacy","medium","<div class=""col-12 sm:col-6 md:col-4 surface-card border-1 surface-border rounded-xl shadow-1 p-2"">","Usar shadow-sm, shadow, shadow-md, shadow-lg de Tailwind"
"app\apps\cobranza.luxuryapp\cobranza-online\resumen\cobranza-online-resumen.bak.html",4,"border-round","medium","class=""surface-card border-1 surface-border border-round-xl shadow-1 p-3 md:p-4""","Usar "rounded" o "rounded-lg" de Tailwind"
"app\apps\cobranza.luxuryapp\cobranza-online\resumen\cobranza-online-resumen.bak.html",4,"shadow-legacy","medium","class=""surface-card border-1 surface-border border-round-xl shadow-1 p-3 md:p-4""","Usar shadow-sm, shadow, shadow-md, shadow-lg de Tailwind"
"app\apps\cobranza.luxuryapp\cobranza-online\resumen\cobranza-online-resumen.bak.html",13,"border-round","medium","class=""surface-card border-1 surface-border border-round-xl shadow-1 p-3 md:p-4 mb-3""","Usar "rounded" o "rounded-lg" de Tailwind"
"app\apps\cobranza.luxuryapp\cobranza-online\resumen\cobranza-online-resumen.bak.html",13,"shadow-legacy","medium","class=""surface-card border-1 surface-border border-round-xl shadow-1 p-3 md:p-4 mb-3""","Usar shadow-sm, shadow, shadow-md, shadow-lg de Tailwind"
"app\apps\cobranza.luxuryapp\cobranza-online\resumen\cobranza-online-resumen.bak.html",34,"border-round","medium","class=""surface-card p-4 shadow-1 border-round-xl border-1 surface-border h-full flex flex-column md:flex-row align-items...","Usar "rounded" o "rounded-lg" de Tailwind"
"app\apps\cobranza.luxuryapp\cobranza-online\resumen\cobranza-online-resumen.bak.html",34,"shadow-legacy","medium","class=""surface-card p-4 shadow-1 border-round-xl border-1 surface-border h-full flex flex-column md:flex-row align-items...","Usar shadow-sm, shadow, shadow-md, shadow-lg de Tailwind"
"app\apps\cobranza.luxuryapp\cobranza-online\resumen\cobranza-online-resumen.bak.html",75,"border-round","medium","class=""surface-card p-4 shadow-1 border-round-xl border-1 surface-border h-full flex flex-column md:flex-row align-items...","Usar "rounded" o "rounded-lg" de Tailwind"
"app\apps\cobranza.luxuryapp\cobranza-online\resumen\cobranza-online-resumen.bak.html",75,"shadow-legacy","medium","class=""surface-card p-4 shadow-1 border-round-xl border-1 surface-border h-full flex flex-column md:flex-row align-items...","Usar shadow-sm, shadow, shadow-md, shadow-lg de Tailwind"
"app\apps\cobranza.luxuryapp\cobranza-online\resumen\cobranza-online-resumen.bak.html",124,"border-round","medium","class=""surface-card p-3 shadow-1 border-round-xl border-1 surface-border surface-50 h-full""","Usar "rounded" o "rounded-lg" de Tailwind"
"app\apps\cobranza.luxuryapp\cobranza-online\resumen\cobranza-online-resumen.bak.html",124,"shadow-legacy","medium","class=""surface-card p-3 shadow-1 border-round-xl border-1 surface-border surface-50 h-full""","Usar shadow-sm, shadow, shadow-md, shadow-lg de Tailwind"
"app\apps\cobranza.luxuryapp\cobranza-online\resumen\cobranza-online-resumen.bak.html",141,"border-round","medium","class=""surface-card p-3 shadow-1 border-round-xl border-1 surface-border h-full""","Usar "rounded" o "rounded-lg" de Tailwind"
"app\apps\cobranza.luxuryapp\cobranza-online\resumen\cobranza-online-resumen.bak.html",141,"shadow-legacy","medium","class=""surface-card p-3 shadow-1 border-round-xl border-1 surface-border h-full""","Usar shadow-sm, shadow, shadow-md, shadow-lg de Tailwind"
"app\apps\cobranza.luxuryapp\cobranza-online\resumen\cobranza-online-resumen.bak.html",162,"border-round","medium","class=""surface-card border-round-xl border-1 surface-border shadow-1 p-0 overflow-hidden max-w-30rem""","Usar "rounded" o "rounded-lg" de Tailwind"
"app\apps\cobranza.luxuryapp\cobranza-online\resumen\cobranza-online-resumen.bak.html",162,"shadow-legacy","medium","class=""surface-card border-round-xl border-1 surface-border shadow-1 p-0 overflow-hidden max-w-30rem""","Usar shadow-sm, shadow, shadow-md, shadow-lg de Tailwind"
"app\apps\cobranza.luxuryapp\cobranza-online\resumen\cobranza-online-resumen.bak.html",186,"shadow-legacy","medium","class=""col-12 sm:col-6 md:col-4 surface-card border-1 surface-border rounded-xl shadow-1 p-2""","Usar shadow-sm, shadow, shadow-md, shadow-lg de Tailwind"
"app\apps\cobranza.luxuryapp\cobranza-online\resumen\cobranza-online-resumen.bak.html",227,"border-round","medium","class=""surface-card border-1 surface-border border-round-xl shadow-1 p-3 md:p-4 h-full""","Usar "rounded" o "rounded-lg" de Tailwind"
"app\apps\cobranza.luxuryapp\cobranza-online\resumen\cobranza-online-resumen.bak.html",227,"shadow-legacy","medium","class=""surface-card border-1 surface-border border-round-xl shadow-1 p-3 md:p-4 h-full""","Usar shadow-sm, shadow, shadow-md, shadow-lg de Tailwind"
"app\apps\cobranza.luxuryapp\cobranza-online\resumen\cobranza-online-resumen.bak.html",240,"border-round","medium","class=""surface-card border-round-xl border-1 surface-border shadow-none overflow-hidden h-full flex flex-column""","Usar "rounded" o "rounded-lg" de Tailwind"
"app\apps\cobranza.luxuryapp\cobranza-online\resumen\cobranza-online-resumen.bak.html",369,"border-round","medium","class=""surface-card border-round-xl border-1 surface-border shadow-none overflow-hidden h-full flex flex-column""","Usar "rounded" o "rounded-lg" de Tailwind"
"app\apps\cobranza.luxuryapp\cobranza-online\resumen\cobranza-online-resumen.bak.html",501,"border-round","medium","class=""surface-card border-1 surface-border border-round-xl shadow-1 p-3 md:p-4 h-full flex flex-column""","Usar "rounded" o "rounded-lg" de Tailwind"
"app\apps\cobranza.luxuryapp\cobranza-online\resumen\cobranza-online-resumen.bak.html",501,"shadow-legacy","medium","class=""surface-card border-1 surface-border border-round-xl shadow-1 p-3 md:p-4 h-full flex flex-column""","Usar shadow-sm, shadow, shadow-md, shadow-lg de Tailwind"
"app\apps\cobranza.luxuryapp\cobranza-online\otros-cargos\cobranza-online-otros-cargos.html",4,"border-round","medium","class=""surface-card border-1 surface-border border-round-xl shadow-1 p-3 md:p-4""","Usar "rounded" o "rounded-lg" de Tailwind"
"app\apps\cobranza.luxuryapp\cobranza-online\otros-cargos\cobranza-online-otros-cargos.html",4,"shadow-legacy","medium","class=""surface-card border-1 surface-border border-round-xl shadow-1 p-3 md:p-4""","Usar shadow-sm, shadow, shadow-md, shadow-lg de Tailwind"
"app\apps\cobranza.luxuryapp\cobranza-online\otros-cargos\cobranza-online-otros-cargos.html",14,"border-round","medium","class=""surface-card border-1 surface-border border-round-xl shadow-1 p-3 md:p-4 mb-3""","Usar "rounded" o "rounded-lg" de Tailwind"
"app\apps\cobranza.luxuryapp\cobranza-online\otros-cargos\cobranza-online-otros-cargos.html",14,"shadow-legacy","medium","class=""surface-card border-1 surface-border border-round-xl shadow-1 p-3 md:p-4 mb-3""","Usar shadow-sm, shadow, shadow-md, shadow-lg de Tailwind"
"app\apps\cobranza.luxuryapp\cobranza-online\otros-cargos\cobranza-online-otros-cargos.html",51,"border-round","medium","class=""border-round p-2 text-center flex-shrink-0 surface-ground border-1 surface-border""","Usar "rounded" o "rounded-lg" de Tailwind"
"app\apps\cobranza.luxuryapp\cobranza-online\otros-cargos\cobranza-online-otros-cargos.html",65,"border-round","medium","class=""border-round p-2 text-center flex-shrink-0 surface-ground border-1 surface-border""","Usar "rounded" o "rounded-lg" de Tailwind"
"app\apps\cobranza.luxuryapp\cobranza-online\otros-cargos\cobranza-online-otros-cargos.html",79,"border-round","medium","class=""border-round p-2 text-center flex-shrink-0 surface-ground border-1 surface-border""","Usar "rounded" o "rounded-lg" de Tailwind"
"app\apps\cobranza.luxuryapp\cobranza-online\morosidad\cobranza-online-morosidad-detail-modal.html",4,"border-round","medium","<div class=""bg-primary text-white border-round w-3rem h-3rem flex align-items-center justify-content-center text-xl font...","Usar "rounded" o "rounded-lg" de Tailwind"
"app\apps\cobranza.luxuryapp\cobranza-online\morosidad\cobranza-online-morosidad-detail-modal.html",15,"border-round","medium","<div class=""text-sm border-round p-3 flex flex-column gap-2""","Usar "rounded" o "rounded-lg" de Tailwind"
"app\apps\cobranza.luxuryapp\cobranza-online\inspection\cobranza-online-inspection.html",91,"surface-legacy","medium","[class.surface-100]=""selectedRow()?.accountNumber === item.accountNumber""","Usar bg-slate-* o tokens --ds-*"
"app\apps\cobranza.luxuryapp\cobranza-online\detalle-condominos\cobranza-online-detalle-condominos.html",47,"border-round","medium","class=""border-round p-2 text-center cursor-pointer transition-all transition-duration-200 flex-shrink-0""","Usar "rounded" o "rounded-lg" de Tailwind"
"app\apps\cobranza.luxuryapp\cobranza-online\detalle-condominos\cobranza-online-detalle-condominos.html",49,"shadow-legacy","medium","[ngClass]=""isActive('COBRANZA EXTRAJUDICIAL') ? 'surface-card shadow-2 border-2 border-primary' : 'surface-ground border...","Usar shadow-sm, shadow, shadow-md, shadow-lg de Tailwind"
"app\apps\cobranza.luxuryapp\cobranza-online\detalle-condominos\cobranza-online-detalle-condominos.html",66,"border-round","medium","class=""border-round p-2 text-center cursor-pointer transition-all transition-duration-200 flex-shrink-0""","Usar "rounded" o "rounded-lg" de Tailwind"
"app\apps\cobranza.luxuryapp\cobranza-online\detalle-condominos\cobranza-online-detalle-condominos.html",68,"shadow-legacy","medium","[ngClass]=""isActive('MOROSOS') ? 'surface-card shadow-2 border-2 border-primary' : 'surface-ground border-1 surface-bord...","Usar shadow-sm, shadow, shadow-md, shadow-lg de Tailwind"
"app\apps\cobranza.luxuryapp\cobranza-online\detalle-condominos\cobranza-online-detalle-condominos.html",85,"border-round","medium","class=""border-round p-2 text-center cursor-pointer transition-all transition-duration-200 flex-shrink-0""","Usar "rounded" o "rounded-lg" de Tailwind"
"app\apps\cobranza.luxuryapp\cobranza-online\detalle-condominos\cobranza-online-detalle-condominos.html",87,"shadow-legacy","medium","[ngClass]=""isActive('DEUDA CORRIENTE') ? 'surface-card shadow-2 border-2 border-primary' : 'surface-ground border-1 surf...","Usar shadow-sm, shadow, shadow-md, shadow-lg de Tailwind"
"app\apps\cobranza.luxuryapp\cobranza-online\detalle-condominos\cobranza-online-detalle-condominos.html",104,"border-round","medium","class=""border-round p-2 text-center cursor-pointer transition-all transition-duration-200 flex-shrink-0""","Usar "rounded" o "rounded-lg" de Tailwind"
"app\apps\cobranza.luxuryapp\cobranza-online\detalle-condominos\cobranza-online-detalle-condominos.html",106,"shadow-legacy","medium","[ngClass]=""isActive('SIN ADEUDO') ? 'surface-card shadow-2 border-2 border-primary' : 'surface-ground border-1 surface-b...","Usar shadow-sm, shadow, shadow-md, shadow-lg de Tailwind"
"app\apps\cobranza.luxuryapp\cobranza-online\detalle-condominos\cobranza-online-detalle-condominos.html",123,"border-round","medium","class=""border-round p-2 text-center cursor-pointer transition-all transition-duration-200 flex-shrink-0""","Usar "rounded" o "rounded-lg" de Tailwind"
"app\apps\cobranza.luxuryapp\cobranza-online\detalle-condominos\cobranza-online-detalle-condominos.html",125,"shadow-legacy","medium","[ngClass]=""isActive('ANTICIPOS') ? 'surface-card shadow-2 border-2 border-primary' : 'surface-ground border-1 surface-bo...","Usar shadow-sm, shadow, shadow-md, shadow-lg de Tailwind"
"app\apps\cobranza.luxuryapp\aspel-cobranza-haus\aspel-cobranza-reglas-negocio\aspel-cobranza-reglas-negocio.html",44,"border-round","medium","<div class=""surface-100 p-3 border-round border-1 surface-border mt-3 mb-3"">","Usar "rounded" o "rounded-lg" de Tailwind"
"app\apps\cobranza.luxuryapp\aspel-cobranza-haus\aspel-cobranza-reglas-negocio\aspel-cobranza-reglas-negocio.html",44,"surface-legacy","medium","<div class=""surface-100 p-3 border-round border-1 surface-border mt-3 mb-3"">","Usar bg-slate-* o tokens --ds-*"
"app\apps\cobranza.luxuryapp\aspel-cobranza-haus\aspel-cobranza-reglas-negocio\aspel-cobranza-reglas-negocio.html",72,"border-round","medium","<div class=""bg-red-50 text-red-900 p-3 border-round border-1 border-red-200"">","Usar "rounded" o "rounded-lg" de Tailwind"
"app\apps\admin.luxuryapp\seguridad-permisos\customer\customer-images.html",104,"surface-legacy","medium","border-color: var(--surface-300);","Usar bg-slate-* o tokens --ds-*"
"app\apps\admin.luxuryapp\seguridad-permisos\acceso-customer\access-customer.html",26,"surface-legacy","medium","class=""flex align-items-center justify-content-between p-3 rounded-lg border-1 surface-border cursor-pointer hover:surfa...","Usar bg-slate-* o tokens --ds-*"
"app\apps\admin.luxuryapp\herramientas-dev\update-data-base\update-data-base.html",36,"surface-legacy","medium","class=""h-full border-1 surface-border hover:surface-100 transition-all transition-duration-200""","Usar bg-slate-* o tokens --ds-*"
"app\apps\admin.luxuryapp\herramientas-dev\update-data-base\update-data-base.html",58,"surface-legacy","medium","class=""h-full border-1 surface-border hover:surface-100 transition-all transition-duration-200""","Usar bg-slate-* o tokens --ds-*"
"app\apps\admin.luxuryapp\herramientas-dev\update-data-base\update-data-base.html",83,"surface-legacy","medium","class=""h-full border-1 surface-border hover:surface-100 transition-all transition-duration-200""","Usar bg-slate-* o tokens --ds-*"
"app\apps\admin.luxuryapp\herramientas-dev\update-data-base\update-data-base.html",108,"surface-legacy","medium","class=""h-full border-1 surface-border hover:surface-100 transition-all transition-duration-200""","Usar bg-slate-* o tokens --ds-*"
"app\apps\admin.luxuryapp\herramientas-dev\update-data-base\update-data-base.html",133,"surface-legacy","medium","class=""h-full border-1 surface-border hover:surface-100 transition-all transition-duration-200""","Usar bg-slate-* o tokens --ds-*"
"app\apps\admin.luxuryapp\herramientas-dev\update-data-base\update-data-base.html",159,"surface-legacy","medium","class=""h-full border-1 surface-border hover:surface-100 transition-all transition-duration-200""","Usar bg-slate-* o tokens --ds-*"
"app\apps\admin.luxuryapp\herramientas-dev\update-data-base\update-data-base.html",184,"surface-legacy","medium","class=""h-full border-1 surface-border hover:surface-100 transition-all transition-duration-200""","Usar bg-slate-* o tokens --ds-*"
"app\apps\admin.luxuryapp\herramientas-dev\ia-test\ia-test.component.html",36,"surface-legacy","medium","<div class=""result-container rounded p-3 surface-100"" >","Usar bg-slate-* o tokens --ds-*"
"app\apps\supplier.luxuryapp\po\purchase-order\create-orden-compra-wizard\create-orden-compra-wizard.html",292,"surface-legacy","medium","<p class=""m-0 text-surface-500"">","Usar bg-slate-* o tokens --ds-*"
"app\apps\recursos-humanos.luxuryapp\expediente-del-empleado\recursos-humanos\vacation-balance-admin\vacaciones-saldo.html",186,"surface-legacy","medium","class=""p-4 rounded-lg shadow-sm mt-4 mx-3 surface-100 text-900 border-1 border-300""","Usar bg-slate-* o tokens --ds-*"
"app\apps\recursos-humanos.luxuryapp\expediente-del-empleado\recursos-humanos\vacation-balance-admin\vacaciones-saldo.html",210,"surface-legacy","medium","<div class=""surface-100 rounded-lg p-5"">","Usar bg-slate-* o tokens --ds-*"
"app\apps\recursos-humanos.luxuryapp\expediente-del-empleado\recursos-humanos\vacation-balance-admin\vacaciones-saldo.html",249,"surface-legacy","medium","<div class=""surface-100 rounded-lg p-4 text-center text-500"">","Usar bg-slate-* o tokens --ds-*"
"app\apps\recursos-humanos.luxuryapp\expediente-del-empleado\recursos-humanos\vacation-balance-admin\vacaciones-admin-auditoria.html",63,"surface-legacy","medium","class=""flex flex-column align-items-center justify-content-center text-center surface-100 rounded-lg p-6 min-h-15rem""","Usar bg-slate-* o tokens --ds-*"
"app\apps\recursos-humanos.luxuryapp\expediente-del-empleado\recursos-humanos\vacation-balance-admin\vacaciones-admin-auditoria.html",86,"surface-legacy","medium","<div class=""surface-100 rounded-lg p-4 mb-4"">","Usar bg-slate-* o tokens --ds-*"
"app\apps\recursos-humanos.luxuryapp\expediente-del-empleado\recursos-humanos\vacation-balance-admin\vacaciones-admin-auditoria.html",124,"surface-legacy","medium","<div class=""surface-100 rounded-xl p-4 mb-4 border-1 border-300"">","Usar bg-slate-* o tokens --ds-*"
"app\apps\recursos-humanos.luxuryapp\expediente-del-empleado\recursos-humanos\vacation-balance-admin\vacaciones-admin-auditoria.html",276,"surface-legacy","medium","<div class=""surface-100 rounded-lg p-4 text-center text-500"">","Usar bg-slate-* o tokens --ds-*"
"app\apps\recursos-humanos.luxuryapp\expediente-del-empleado\recursos-humanos\vacation-balance-admin\vacaciones-admin-auditoria.html",339,"surface-legacy","medium","<div class=""surface-100 rounded-lg p-4 text-center text-500 mt-3"">","Usar bg-slate-* o tokens --ds-*"
"app\apps\recursos-humanos.luxuryapp\expediente-del-empleado\recursos-humanos\leave-request\mi-permiso-detalle.html",2,"surface-legacy","medium","class=""card p-4 shadow-sm rounded-2xl border-1 surface-border surface-100""","Usar bg-slate-* o tokens --ds-*"
"app\apps\recursos-humanos.luxuryapp\expediente-del-empleado\recursos-humanos\employee-file\employee-file-list.html",56,"surface-legacy","medium","class=""w-3rem h-3rem rounded-circle surface-200 flex align-items-center justify-content-center text-500 text-sm font-bol...","Usar bg-slate-* o tokens --ds-*"
"app\apps\recursos-humanos.luxuryapp\expediente-del-empleado\recursos-humanos\employee-file\employee-file-detail.html",45,"surface-legacy","medium","class=""flex align-items-center gap-2 surface-100 rounded-lg px-3 py-2 text-sm""","Usar bg-slate-* o tokens --ds-*"
"app\apps\recursos-humanos.luxuryapp\expediente-del-empleado\recursos-humanos\employee-file\employee-file-detail.html",57,"surface-legacy","medium","class=""flex align-items-center gap-2 surface-100 rounded-lg px-3 py-2 text-sm""","Usar bg-slate-* o tokens --ds-*"
"app\apps\recursos-humanos.luxuryapp\expediente-del-empleado\recursos-humanos\employee-file\employee-file-detail.html",66,"surface-legacy","medium","class=""flex align-items-center gap-2 surface-100 rounded-lg px-3 py-2 text-sm""","Usar bg-slate-* o tokens --ds-*"
"app\apps\recursos-humanos.luxuryapp\expediente-del-empleado\recursos-humanos\employee-file\employee-file-detail.html",76,"surface-legacy","medium","class=""flex align-items-center gap-2 surface-100 rounded-lg px-3 py-2 text-sm""","Usar bg-slate-* o tokens --ds-*"
"app\apps\recursos-humanos.luxuryapp\expediente-del-empleado\recursos-humanos\employee-file\employee-file-detail.html",347,"surface-legacy","medium","class=""w-5rem h-5rem rounded-circle surface-100 flex align-items-center justify-content-center""","Usar bg-slate-* o tokens --ds-*"
"app\apps\recursos-humanos.luxuryapp\expediente-del-empleado\recursos-humanos\employee-file\employee-file-detail.html",400,"surface-legacy","medium","class=""w-5rem h-5rem rounded-circle surface-100 flex align-items-center justify-content-center""","Usar bg-slate-* o tokens --ds-*"
"app\apps\recursos-humanos.luxuryapp\expediente-del-empleado\recursos-humanos\employee-file\employee-file-detail.html",489,"surface-legacy","medium","class=""w-5rem h-5rem rounded-circle surface-100 flex align-items-center justify-content-center""","Usar bg-slate-* o tokens --ds-*"
"app\apps\recursos-humanos.luxuryapp\expediente-del-empleado\recursos-humanos\employee-file\employee-file-detail.html",554,"surface-legacy","medium","class=""w-5rem h-5rem rounded-circle surface-100 flex align-items-center justify-content-center""","Usar bg-slate-* o tokens --ds-*"
"app\apps\recursos-humanos.luxuryapp\expediente-del-empleado\recursos-humanos\employee-file\employee-file-detail.html",815,"surface-legacy","medium","class=""w-5rem h-5rem rounded-circle surface-100 flex align-items-center justify-content-center""","Usar bg-slate-* o tokens --ds-*"
"app\apps\recursos-humanos.luxuryapp\expediente-del-empleado\recursos-humanos\employee-file\employee-file-detail.html",1053,"surface-legacy","medium","<span class=""badge surface-100 border-1 border-300 text-700""","Usar bg-slate-* o tokens --ds-*"
"app\apps\recursos-humanos.luxuryapp\expediente-del-empleado\recursos-humanos\employee-file\employee-file-detail.html",1180,"surface-legacy","medium","class=""w-5rem h-5rem rounded-circle surface-100 flex align-items-center justify-content-center""","Usar bg-slate-* o tokens --ds-*"
"app\apps\recursos-humanos.luxuryapp\expediente-del-empleado\hr-employees\org-chart\org-chart.html",410,"surface-legacy","medium","class=""surface-300 text-600""","Usar bg-slate-* o tokens --ds-*"
"app\apps\recursos-humanos.luxuryapp\expediente-del-empleado\employees\staff-board\staff-board.html",312,"border-round","medium","class=""mt-2 p-2 border-round bg-surface-100 border-1 surface-border""","Usar "rounded" o "rounded-lg" de Tailwind"
"app\apps\recursos-humanos.luxuryapp\expediente-del-empleado\employees\staff-board\staff-board.html",312,"surface-legacy","medium","class=""mt-2 p-2 border-round bg-surface-100 border-1 surface-border""","Usar bg-slate-* o tokens --ds-*"
"app\apps\recursos-humanos.luxuryapp\expediente-del-empleado\employees\org-chart\org-chart.html",410,"surface-legacy","medium","class=""surface-300 text-600""","Usar bg-slate-* o tokens --ds-*"
"app\apps\recursos-humanos.luxuryapp\expediente-del-empleado\employees\employee-interviewer-queue\employee-interviewer-queue.html",142,"border-round","medium","class=""border-1 surface-border border-round p-3 cursor-pointer""","Usar "rounded" o "rounded-lg" de Tailwind"
"app\apps\recursos-humanos.luxuryapp\expediente-del-empleado\employees\employee-interviewer-queue\employee-interview-response.html",165,"border-round","medium","<button class=""p-2 hover:bg-gray-100 border-round"" (click)=""closeReasonModal()"">","Usar "rounded" o "rounded-lg" de Tailwind"
"app\apps\recursos-humanos.luxuryapp\evaluaciones-de-desempeo\evaluation-template\performance-evaluation\resultado-evaluacion.html",130,"surface-legacy","medium","class=""flex justify-content-between align-items-center surface-100 p-3 mb-3 rounded""","Usar bg-slate-* o tokens --ds-*"
"app\apps\reclutamiento.luxuryapp\reclutamiento-y-altas-bajas\reclutamiento-solicitudes\vacancy-requests\vacantes-list.html",116,"surface-legacy","medium","class=""w-3rem h-3rem rounded flex align-items-center justify-content-center flex-shrink-0 ml-3 surface-100""","Usar bg-slate-* o tokens --ds-*"
"app\apps\reclutamiento.luxuryapp\reclutamiento-y-altas-bajas\reclutamiento-solicitudes\vacancy-requests\vacante-form.html",37,"border-round","medium","<div class=""p-3 border-1 surface-border border-round surface-50"">","Usar "rounded" o "rounded-lg" de Tailwind"
"app\apps\reclutamiento.luxuryapp\reclutamiento-y-altas-bajas\reclutamiento-solicitudes\vacancy-requests\vacante-detail-modal.html",9,"surface-legacy","medium","class=""flex align-items-center gap-3 p-3 surface-100 rounded-lg mb-2""","Usar bg-slate-* o tokens --ds-*"
"app\apps\reclutamiento.luxuryapp\reclutamiento-y-altas-bajas\reclutamiento-solicitudes\vacancy-requests\vacante-detail-modal.html",115,"surface-legacy","medium","class=""flex align-items-center gap-3 p-3 surface-100 rounded-lg""","Usar bg-slate-* o tokens --ds-*"
"app\apps\reclutamiento.luxuryapp\reclutamiento-y-altas-bajas\reclutamiento-solicitudes\vacancy-requests\solicitud-vacante-form.html",18,"surface-legacy","medium","<div class=""card flex flex-column gap-1 p-4 h-full surface-100 border-none"">","Usar bg-slate-* o tokens --ds-*"
"app\apps\reclutamiento.luxuryapp\reclutamiento-y-altas-bajas\reclutamiento-solicitudes\vacancy-requests\solicitud-vacante-form.html",27,"surface-legacy","medium","<div class=""card flex flex-column gap-1 p-4 h-full surface-100 border-none"">","Usar bg-slate-* o tokens --ds-*"
"app\apps\reclutamiento.luxuryapp\reclutamiento-y-altas-bajas\reclutamiento-solicitudes\vacancy-requests\solicitud-vacante-form.html",36,"surface-legacy","medium","<div class=""card flex flex-column gap-1 p-4 h-full surface-100 border-none"">","Usar bg-slate-* o tokens --ds-*"
"app\apps\reclutamiento.luxuryapp\reclutamiento-y-altas-bajas\reclutamiento-solicitudes\vacancy-requests\solicitud-vacante-form.html",45,"surface-legacy","medium","<div class=""card flex flex-column gap-1 p-4 h-full surface-100 border-none"">","Usar bg-slate-* o tokens --ds-*"
"app\apps\reclutamiento.luxuryapp\reclutamiento-y-altas-bajas\reclutamiento-solicitudes\vacancy-requests\solicitud-vacante-form.html",54,"surface-legacy","medium","<div class=""card flex flex-column gap-1 p-4 h-full surface-100 border-none"">","Usar bg-slate-* o tokens --ds-*"
"app\apps\reclutamiento.luxuryapp\reclutamiento-y-altas-bajas\reclutamiento-solicitudes\vacancy-requests\solicitud-vacante-form.html",64,"surface-legacy","medium","<div class=""card flex flex-column gap-1 p-4 h-full surface-100 border-none"">","Usar bg-slate-* o tokens --ds-*"
"app\apps\reclutamiento.luxuryapp\reclutamiento-y-altas-bajas\reclutamiento-solicitudes\vacancy-requests\solicitud-vacante-form.html",73,"surface-legacy","medium","<div class=""card flex flex-column gap-1 p-4 h-full surface-100 border-none"">","Usar bg-slate-* o tokens --ds-*"
"app\apps\reclutamiento.luxuryapp\reclutamiento-y-altas-bajas\reclutamiento-solicitudes\vacancy-requests\solicitud-vacante-form.html",99,"surface-legacy","medium","<tr class=""surface-100"">","Usar bg-slate-* o tokens --ds-*"
"app\apps\reclutamiento.luxuryapp\reclutamiento-y-altas-bajas\reclutamiento-solicitudes\vacancy-requests\register-employe-to-vacancy.html",3,"surface-legacy","medium","<div class=""col-12 surface-900 text-center"">","Usar bg-slate-* o tokens --ds-*"
"app\apps\reclutamiento.luxuryapp\reclutamiento-y-altas-bajas\reclutamiento-solicitudes\vacancy-requests\register-employe-to-vacancy.html",22,"surface-legacy","medium","<div class=""col-12 surface-900 text-center"">","Usar bg-slate-* o tokens --ds-*"
"app\apps\reclutamiento.luxuryapp\reclutamiento-y-altas-bajas\reclutamiento-solicitudes\salary-modification\solicitud-modificacion-list.html",91,"surface-legacy","medium","class=""w-3rem h-3rem rounded flex align-items-center justify-content-center flex-shrink-0 ml-3 surface-100""","Usar bg-slate-* o tokens --ds-*"
"app\apps\reclutamiento.luxuryapp\reclutamiento-y-altas-bajas\reclutamiento-solicitudes\recruitment-requests\solicitud-alta-list.html",84,"surface-legacy","medium","class=""w-3rem h-3rem rounded flex align-items-center justify-content-center flex-shrink-0 ml-3 surface-100""","Usar bg-slate-* o tokens --ds-*"
"app\apps\reclutamiento.luxuryapp\reclutamiento-y-altas-bajas\reclutamiento-solicitudes\request-dismissal\solicitud-baja-list.html",84,"surface-legacy","medium","class=""w-3rem h-3rem rounded flex align-items-center justify-content-center flex-shrink-0 ml-3 surface-100""","Usar bg-slate-* o tokens --ds-*"
"app\apps\operations.luxuryapp\task-engine\tasks\work-group\task-group-list.html",79,"surface-legacy","medium","class=""inline-flex align-items-center justify-content-center gap-2 px-3 py-1 rounded surface-50 cursor-pointer hover:sur...","Usar bg-slate-* o tokens --ds-*"
"app\apps\operations.luxuryapp\task-engine\tasks\task-status\task-status.html",22,"surface-legacy","medium","class=""bg-surface-100 p-1""","Usar bg-slate-* o tokens --ds-*"
"app\apps\operations.luxuryapp\task-engine\tasks\task-follow-up\task-followup.html",60,"surface-legacy","medium","<span class=""text-xs text-500 surface-100 px-2 py-1 rounded"">","Usar bg-slate-* o tokens --ds-*"
"app\apps\operations.luxuryapp\task-engine\tasks\task-follow-up\task-followup.html",78,"surface-legacy","medium","<div class=""border-circle surface-200 p-3 mb-3"">","Usar bg-slate-* o tokens --ds-*"
"app\apps\operations.luxuryapp\task-engine\tasks\task-message\task-view.html",29,"surface-legacy","medium","<div class=""surface-100 p-4 border-bottom-1 surface-border"">","Usar bg-slate-* o tokens --ds-*"
"app\apps\operations.luxuryapp\task-engine\tasks\task-message\task-view.html",246,"surface-legacy","medium","class=""flex align-items-center mb-0 p-3 surface-100 border-bottom-1 surface-border""","Usar bg-slate-* o tokens --ds-*"
"app\apps\operations.luxuryapp\task-engine\tasks\task-message\task-form.html",182,"border-round","medium","class=""m-0 p-3 border-round surface-100 text-700 text-sm white-space-pre-line""","Usar "rounded" o "rounded-lg" de Tailwind"
"app\apps\operations.luxuryapp\task-engine\tasks\task-message\task-form.html",182,"surface-legacy","medium","class=""m-0 p-3 border-round surface-100 text-700 text-sm white-space-pre-line""","Usar bg-slate-* o tokens --ds-*"
"app\apps\operations.luxuryapp\supervision\supervision\resultado-general-grafico\resultado-general-grafico.html",29,"surface-legacy","medium","class=""w-full flex h-2rem rounded overflow-hidden surface-200""","Usar bg-slate-* o tokens --ds-*"
"app\apps\operations.luxuryapp\supervision\supervision\resultado-general-grafico\resultado-general-grafico.html",75,"surface-legacy","medium","class=""w-full flex h-2rem rounded overflow-hidden surface-200""","Usar bg-slate-* o tokens --ds-*"
"app\apps\operations.luxuryapp\supervision\supervision\resultado-general-grafico\resultado-general-grafico.html",122,"surface-legacy","medium","class=""w-full flex h-2rem rounded overflow-hidden surface-200""","Usar bg-slate-* o tokens --ds-*"
"app\apps\operations.luxuryapp\supervision\supervision\resultado-general-grafico\resultado-general-grafico.html",173,"surface-legacy","medium","class=""w-full flex h-2rem rounded overflow-hidden surface-200""","Usar bg-slate-* o tokens --ds-*"
"app\apps\operations.luxuryapp\supervision\supervision\resultado-general-grafico\resultado-general-grafico.html",219,"surface-legacy","medium","class=""w-full flex h-2rem rounded overflow-hidden surface-200""","Usar bg-slate-* o tokens --ds-*"
"app\apps\operations.luxuryapp\manuals\biblioteca\manuals-and-processes\manuals-and-processes-list.html",106,"surface-legacy","medium","class=""flex align-items-center justify-content-between p-3 rounded-lg hover:surface-100 cursor-pointer transition-all tr...","Usar bg-slate-* o tokens --ds-*"
"app\apps\operations.luxuryapp\manuals\biblioteca\manuals-and-processes\manuals-and-processes-detail.html",46,"surface-legacy","medium","class=""surface-100 border-1 surface-border rounded-xl px-3 py-2 inline-flex align-items-center gap-2 text-sm text-color""","Usar bg-slate-* o tokens --ds-*"
"app\apps\operations.luxuryapp\google-calendar\calendar\general-anual-mantenimiento\general-anual-mantenimiento.html",22,"surface-legacy","medium","<div class=""surface-100 p-3 rounded mb-3"">","Usar bg-slate-* o tokens --ds-*"
"app\apps\operations.luxuryapp\google-calendar\calendar\general-anual-mantenimiento\general-anual-mantenimiento.html",127,"surface-legacy","medium","<div class=""surface-100 p-1 rounded"">","Usar bg-slate-* o tokens --ds-*"
"app\apps\operations.luxuryapp\google-calendar\calendar\general-anual-mantenimiento\general-anual-mantenimiento.html",130,"surface-legacy","medium","<div class=""surface-100 p-1 rounded"">","Usar bg-slate-* o tokens --ds-*"
"app\apps\operations.luxuryapp\google-calendar\calendar\general-anual-mantenimiento\general-anual-mantenimiento.html",133,"surface-legacy","medium","<div class=""surface-100 p-1 rounded"">","Usar bg-slate-* o tokens --ds-*"
"app\apps\operations.luxuryapp\google-calendar\calendar\mantenimiento-preventivo\cronograma-anual-mantenimiento.html",53,"important","critical","color: white !important;","Eliminar !important y usar @layer primeng-brand o tokens CSS"
"app\apps\operations.luxuryapp\google-calendar\calendar\mantenimiento-preventivo\cronograma-anual-mantenimiento.html",234,"surface-legacy","medium","class=""p-1 rounded surface-100 mr-2 mb-2 inline-flex align-items-center""","Usar bg-slate-* o tokens --ds-*"
"app\apps\operations.luxuryapp\google-calendar\calendar\mantenimiento-preventivo\cronograma-anual-mantenimiento.html",243,"surface-legacy","medium","<div class=""flex gap-2 mb-3 bg-surface-100 p-1 rounded"">","Usar bg-slate-* o tokens --ds-*"
"app\apps\operations.luxuryapp\google-calendar\calendar\birthday\cumpleanos-list.html",64,"surface-legacy","medium","<div class=""flex gap-2 mb-3 bg-surface-100 p-1 rounded"">","Usar bg-slate-* o tokens --ds-*"
"app\apps\mantenimiento.luxuryapp\fire-equipment\inspection-periods\period-detail-estacion\fire-inspection-period-estacion-detail.html",42,"surface-legacy","medium","<div class=""flex align-items-center gap-2 mb-3 p-3 surface-100 rounded"">","Usar bg-slate-* o tokens --ds-*"
"app\apps\mantenimiento.luxuryapp\fire-equipment\inspection-periods\period-detail-estacion\fire-inspection-period-estacion-detail.html",64,"surface-legacy","medium","<tr class=""surface-100"">","Usar bg-slate-* o tokens --ds-*"
"app\apps\mantenimiento.luxuryapp\fire-equipment\inspection-periods\period-detail-hidrante\fire-inspection-period-hidrante-detail.html",75,"surface-legacy","medium","class=""flex align-items-center gap-2 mb-3 p-3 surface-100 rounded""","Usar bg-slate-* o tokens --ds-*"
"app\apps\mantenimiento.luxuryapp\fire-equipment\inspection-periods\period-detail-hidrante\fire-inspection-period-hidrante-detail.html",113,"surface-legacy","medium","<tr class=""surface-100"">","Usar bg-slate-* o tokens --ds-*"
"app\apps\mantenimiento.luxuryapp\fire-equipment\inspection-periods\period-detail-detector\fire-inspection-period-detector-detail.html",42,"surface-legacy","medium","<div class=""flex align-items-center gap-2 mb-3 p-3 surface-100 rounded"">","Usar bg-slate-* o tokens --ds-*"
"app\apps\mantenimiento.luxuryapp\fire-equipment\inspection-periods\period-detail-detector\fire-inspection-period-detector-detail.html",64,"surface-legacy","medium","<tr class=""surface-100"">","Usar bg-slate-* o tokens --ds-*"
"app\apps\mantenimiento.luxuryapp\fire-equipment\inspection-periods\period-detail-extintor\fire-inspection-period-extintor-detail.html",61,"surface-legacy","medium","<div class=""flex align-items-center gap-2 mb-3 p-3 surface-100 rounded"">","Usar bg-slate-* o tokens --ds-*"
"app\apps\mantenimiento.luxuryapp\fire-equipment\inspection-periods\period-detail-extintor\fire-inspection-period-extintor-detail.html",83,"surface-legacy","medium","<tr class=""surface-100"">","Usar bg-slate-* o tokens --ds-*"
"app\apps\mantenimiento.luxuryapp\logs\bitacoras\medidores\medidores-list.html",20,"surface-legacy","medium","<div class=""card h-full surface-100 flex flex-column"">","Usar bg-slate-* o tokens --ds-*"
"app\apps\mantenimiento.luxuryapp\logs\bitacoras\medidores\medidor-lectura-chart.html",2,"surface-legacy","medium","<div class=""flex gap-2 mb-3 bg-surface-100 p-1 rounded"">","Usar bg-slate-* o tokens --ds-*"
"app\apps\mantenimiento.luxuryapp\logs\bitacoras\medidores\medidor-lectura-chart.html",16,"surface-legacy","medium","<div class=""m-0 shadow-none surface-card border-1 border-surface-200"">","Usar bg-slate-* o tokens --ds-*"
"app\apps\mantenimiento.luxuryapp\logs\bitacoras\medidores\medidor-lectura-chart.html",28,"surface-legacy","medium","<div class=""m-0 shadow-none surface-card border-1 border-surface-200"">","Usar bg-slate-* o tokens --ds-*"
"app\apps\contabilidad.luxuryapp\general-ledger\dynamic-reports\report-builder\report-builder.html",85,"surface-legacy","medium","<div class=""p-3 border-bottom-1 border-surface-100 bg-surface-50"">","Usar bg-slate-* o tokens --ds-*"
"app\apps\contabilidad.luxuryapp\general-ledger\dynamic-reports\report-builder\report-builder.html",115,"surface-legacy","medium","class=""p-3 flex align-items-center justify-content-between surface-0 border-bottom-1 border-surface-100 shadow-sm""","Usar bg-slate-* o tokens --ds-*"
"app\apps\contabilidad.luxuryapp\general-ledger\dynamic-reports\report-builder\report-builder.html",131,"surface-legacy","medium","class=""hidden md:flex align-items-center gap-2 bg-surface-50 border-1 border-surface-200 rounded-lg px-3 py-2""","Usar bg-slate-* o tokens --ds-*"
"app\apps\contabilidad.luxuryapp\general-ledger\dynamic-reports\report-builder\report-builder.html",144,"surface-legacy","medium","class=""flex align-items-center gap-2 px-3 border-right-1 border-surface-200""","Usar bg-slate-* o tokens --ds-*"
"app\apps\contabilidad.luxuryapp\general-ledger\dynamic-reports\report-builder\report-builder.html",166,"surface-legacy","medium","class=""surface-50 border-1 border-surface-200 rounded-lg px-3 py-2 flex flex-wrap align-items-center gap-2""","Usar bg-slate-* o tokens --ds-*"
"app\apps\contabilidad.luxuryapp\general-ledger\dynamic-reports\report-builder\report-builder.html",205,"surface-legacy","medium","class=""surface-0 rounded-xl shadow border-1 border-surface-200 overflow-hidden section-card fadeinright animation-durati...","Usar bg-slate-* o tokens --ds-*"
"app\apps\contabilidad.luxuryapp\general-ledger\dynamic-reports\report-builder\report-builder.html",255,"surface-legacy","medium","class=""surface-0 rounded-lg border-1 border-surface-100 p-2 flex align-items-center gap-3 shadow-sm hover:shadow-sm tran...","Usar bg-slate-* o tokens --ds-*"
"app\apps\contabilidad.luxuryapp\general-ledger\dynamic-reports\report-builder\report-builder.html",291,"surface-legacy","medium","class=""bg-transparent border-none w-full font-medium text-surface-900 focus:outline-none focus:surface-100 p-1 rounded""","Usar bg-slate-* o tokens --ds-*"
"app\apps\contabilidad.luxuryapp\general-ledger\dynamic-reports\report-builder\report-builder.html",429,"surface-legacy","medium","class=""p-2 bg-surface-50 flex gap-2 justify-content-center border-top-1 border-surface-100 mt-auto""","Usar bg-slate-* o tokens --ds-*"
"app\apps\contabilidad.luxuryapp\general-ledger\dynamic-reports\report-builder\report-builder.html",459,"surface-legacy","medium","class=""p-3 border-bottom-1 border-surface-100 bg-primary-900 text-white flex align-items-center justify-content-between""","Usar bg-slate-* o tokens --ds-*"
"app\apps\contabilidad.luxuryapp\general-ledger\dynamic-reports\report-builder\report-builder.html",475,"surface-legacy","medium","<tr class=""bg-surface-100"">","Usar bg-slate-* o tokens --ds-*"
"app\apps\contabilidad.luxuryapp\general-ledger\dynamic-reports\report-builder\report-builder.html",484,"surface-legacy","medium","<tr class=""hover:bg-surface-50 border-bottom-1 border-surface-100"">","Usar bg-slate-* o tokens --ds-*"
"app\apps\contabilidad.luxuryapp\general-ledger\dynamic-reports\report-builder\report-builder.html",499,"surface-legacy","medium","class=""bg-surface-900 text-white sticky bottom-0 font-bold shadow""","Usar bg-slate-* o tokens --ds-*"
"app\apps\contabilidad.luxuryapp\general-ledger\dynamic-reports\report-builder\report-builder.html",516,"surface-legacy","medium","class=""border-1 border-surface-200 rounded overflow-hidden h-full flex flex-column""","Usar bg-slate-* o tokens --ds-*"
"app\apps\contabilidad.luxuryapp\general-ledger\dynamic-reports\report-builder\report-builder.html",519,"surface-legacy","medium","class=""bg-surface-100 px-3 py-2 text-xs font-bold text-primary uppercase border-bottom-1 border-surface-200""","Usar bg-slate-* o tokens --ds-*"
"app\apps\contabilidad.luxuryapp\general-ledger\dynamic-reports\report-builder\report-builder.html",526,"surface-legacy","medium","class=""flex justify-content-between align-items-center px-3 py-2 border-bottom-1 border-surface-100""","Usar bg-slate-* o tokens --ds-*"
"app\apps\contabilidad.luxuryapp\general-ledger\dynamic-reports\report-builder\report-builder.html",552,"surface-legacy","medium","class=""border-1 border-surface-200 rounded-xl p-3 bg-surface-50""","Usar bg-slate-* o tokens --ds-*"
"app\apps\contabilidad.luxuryapp\general-ledger\dynamic-reports\report-builder\report-builder.html",571,"surface-legacy","medium","<tr class=""bg-surface-100"">","Usar bg-slate-* o tokens --ds-*"
"app\apps\contabilidad.luxuryapp\general-ledger\dynamic-reports\report-builder\report-builder.html",594,"surface-legacy","medium","<tr class=""border-bottom-1 border-surface-100"">","Usar bg-slate-* o tokens --ds-*"
"app\apps\contabilidad.luxuryapp\general-ledger\dynamic-reports\report-builder\report-builder.html",636,"surface-legacy","medium","<h5 class=""m-0 border-bottom-1 border-surface-100 pb-2"">","Usar bg-slate-* o tokens --ds-*"
"app\apps\contabilidad.luxuryapp\general-ledger\dynamic-reports\report-builder\report-builder.html",682,"surface-legacy","medium","class=""surface-card border-1 surface-border rounded-xl p-3 hover:surface-100 cursor-pointer flex align-items-center gap-...","Usar bg-slate-* o tokens --ds-*"
"app\apps\contabilidad.luxuryapp\general-ledger\dynamic-reports\report-builder\report-builder.html",699,"surface-legacy","medium","class=""bg-surface-100 text-surface-500 border-circle w-3rem h-3rem flex align-items-center justify-content-center""","Usar bg-slate-* o tokens --ds-*"
"app\apps\contabilidad.luxuryapp\general-ledger\dynamic-reports\report-builder\report-builder.html",713,"surface-legacy","medium","background-image: radial-gradient(var(--surface-300) 1px, transparent 1px);","Usar bg-slate-* o tokens --ds-*"
"app\apps\contabilidad.luxuryapp\general-ledger\contabilidad-online\validacion-catalogo\catalog-replica.html",143,"surface-legacy","medium","[class.surface-100]=""account.nivel === 1""","Usar bg-slate-* o tokens --ds-*"
"app\apps\contabilidad.luxuryapp\general-ledger\contabilidad-online\proyectos-aprobados\proyectos-aprobados.html",23,"surface-legacy","medium","class=""text-500 text-sm font-medium rounded surface-200 px-2 py-1""","Usar bg-slate-* o tokens --ds-*"
"app\apps\contabilidad.luxuryapp\general-ledger\contabilidad-online\ai-agent-explicador-contabilidad-online\ai-agent-explicador-contabilidad-online.html",31,"surface-legacy","medium","[ngClass]=""msg.role === 'user' ? 'bg-primary text-white border-noround-right' : 'surface-200 text-800 border-noround-lef...","Usar bg-slate-* o tokens --ds-*"
"app\apps\contabilidad.luxuryapp\general-ledger\contabilidad-online\ai-agent-explicador-contabilidad-online\ai-agent-explicador-contabilidad-online.html",63,"surface-legacy","medium","class=""p-3 surface-200 rounded-xl border-noround-left flex align-items-center gap-2""","Usar bg-slate-* o tokens --ds-*"
"app\apps\contabilidad.luxuryapp\general-ledger\contabilidad-online\ai-agent-explicador-contabilidad-online\ai-agent-explicador-contabilidad-online.html",72,"surface-legacy","medium","class=""p-3 surface-100 rounded-xl border-1 border-primary flex align-items-center gap-2""","Usar bg-slate-* o tokens --ds-*"
"app\apps\contabilidad.luxuryapp\general-ledger\contabilidad-online\ai-agent-contabilidad-online\ai-agent-contabilidad-online.html",31,"surface-legacy","medium","[ngClass]=""msg.role === 'user' ? 'bg-primary text-white border-noround-right' : 'surface-200 text-800 border-noround-lef...","Usar bg-slate-* o tokens --ds-*"
"app\apps\contabilidad.luxuryapp\general-ledger\contabilidad-online\ai-agent-contabilidad-online\ai-agent-contabilidad-online.html",63,"surface-legacy","medium","class=""p-3 surface-200 rounded-xl border-noround-left flex align-items-center gap-2""","Usar bg-slate-* o tokens --ds-*"
"app\apps\contabilidad.luxuryapp\general-ledger\contabilidad-online\ai-agent-contabilidad-online\ai-agent-contabilidad-online.html",72,"surface-legacy","medium","class=""p-3 surface-100 rounded-xl border-1 border-primary flex align-items-center gap-2""","Usar bg-slate-* o tokens --ds-*"
"app\apps\contabilidad.luxuryapp\general-ledger\contabilidad-online\ai-agent\ai-agent.html",31,"surface-legacy","medium","[ngClass]=""msg.role === 'user' ? 'bg-primary text-white border-noround-right' : 'surface-200 text-800 border-noround-lef...","Usar bg-slate-* o tokens --ds-*"
"app\apps\contabilidad.luxuryapp\general-ledger\contabilidad-online\ai-agent\ai-agent.html",63,"surface-legacy","medium","class=""p-3 surface-200 rounded-xl border-noround-left flex align-items-center gap-2""","Usar bg-slate-* o tokens --ds-*"
"app\apps\contabilidad.luxuryapp\general-ledger\contabilidad-online\ai-agent\ai-agent.html",72,"surface-legacy","medium","class=""p-3 surface-100 rounded-xl border-1 border-primary flex align-items-center gap-2""","Usar bg-slate-* o tokens --ds-*"
"app\apps\contabilidad.luxuryapp\fondeos-y-reporteo\funding\funding-group-files\funding-group-files.html",40,"surface-legacy","medium","class=""surface-card border-1 surface-border rounded p-3 flex flex-column align-items-center justify-content-between hove...","Usar bg-slate-* o tokens --ds-*"
"app\apps\cobranza.luxuryapp\cobranza-nativa\core\property-fines\issue-fine-charge-form.html",5,"surface-legacy","medium","<div class=""p-3 surface-100 rounded-lg"">","Usar bg-slate-* o tokens --ds-*"
"app\apps\cobranza.luxuryapp\cobranza-nativa\core\native-statement\native-statement.html",191,"surface-legacy","medium","class=""w-2rem h-2rem rounded-circle surface-900 text-white flex align-items-center justify-content-center flex-shrink-0""","Usar bg-slate-* o tokens --ds-*"
"app\apps\cobranza.luxuryapp\cobranza-nativa\core\members\member-list.html",35,"surface-legacy","medium","<td colspan=""8"" class=""surface-100 py-2 px-3"">","Usar bg-slate-* o tokens --ds-*"
"app\apps\cobranza.luxuryapp\cobranza-nativa\core\members\member-form.html",8,"surface-legacy","medium","[class.surface-300]=""step() < 1""","Usar bg-slate-* o tokens --ds-*"
"app\apps\cobranza.luxuryapp\cobranza-nativa\core\members\member-form.html",23,"surface-legacy","medium","[class.surface-300]=""step() < 2""","Usar bg-slate-* o tokens --ds-*"
"app\apps\cobranza.luxuryapp\cobranza-nativa\core\collection-cases\collection-case-detail-modal.html",4,"surface-legacy","medium","<div class=""flex align-items-center gap-3 mb-4 p-3 rounded surface-100"">","Usar bg-slate-* o tokens --ds-*"
"app\apps\cobranza.luxuryapp\cobranza-nativa\core\cobranza-dashboard\cobranza-dashboard.html",227,"surface-legacy","medium","<div class=""mt-3 h-1rem rounded-3xl overflow-hidden flex surface-100"">","Usar bg-slate-* o tokens --ds-*"
"app\apps\cobranza.luxuryapp\cobranza-nativa\core\cobranza-dashboard\cobranza-dashboard.html",271,"surface-legacy","medium","class=""relative h-1rem surface-100 rounded-3xl overflow-hidden""","Usar bg-slate-* o tokens --ds-*"
"app\apps\cobranza.luxuryapp\cobranza-nativa\core\cobranza-dashboard\cobranza-dashboard.html",320,"surface-legacy","medium","[class]=""i < 3 ? 'bg-red-100 text-red-600' : 'surface-100 text-500'""","Usar bg-slate-* o tokens --ds-*"
"app\apps\cobranza.luxuryapp\cobranza-nativa\core\charge-template-coverage\charge-template-coverage.html",33,"surface-legacy","medium","<td [attr.colspan]=""3 + periodColumns().length"" class=""surface-100 py-2 px-3"">","Usar bg-slate-* o tokens --ds-*"
"app\apps\cobranza.luxuryapp\cobranza-nativa\core\approvals\approval-detail-modal.html",31,"surface-legacy","medium","<pre class=""mt-1 p-3 surface-100 rounded text-sm overflow-auto max-h-10rem"">{{ payload() | json }}</pre>","Usar bg-slate-* o tokens --ds-*"
"app\apps\cobranza.luxuryapp\cobranza-nativa\configuration\billing-config\billing-config-modal.html",8,"surface-legacy","medium","<div class=""p-3 rounded surface-100 mb-2"">","Usar bg-slate-* o tokens --ds-*"
"app\apps\admin.luxuryapp\herramientas-dev\catalog-component-ui\catalog-layout\catalog-layout.html",8,"border-round","medium","class=""logo-box border-round-lg bg-primary flex align-items-center justify-content-center""","Usar "rounded" o "rounded-lg" de Tailwind"
"app\core\layout\employee-view\movil\home-menu-mobile\home-menu-mobile.html",3,"surface-legacy","medium","class=""bg-white dark:surface-900 rounded-2xl shadow-sm overflow-hidden""","Usar bg-slate-* o tokens --ds-*"
"app\core\layout\employee-view\movil\home-menu-mobile\home-menu-mobile.html",3,"dark-mode-tailwind","high","class=""bg-white dark:surface-900 rounded-2xl shadow-sm overflow-hidden""","Usar html.theme-dark + tokens CSS en SCSS"
"app\core\layout\employee-view\monitor\header-employee-monitor\header-employee-monitor.html",297,"surface-legacy","medium","style=""min-height: 250px; background-color: var(--surface-100)""","Usar bg-slate-* o tokens --ds-*"
"app\core\layout\employee-view\monitor\header-employee-monitor\header-employee-monitor.html",312,"surface-legacy","medium","background-color: var(--surface-100);","Usar bg-slate-* o tokens --ds-*"
"app\core\layout\employee-view\monitor\header-employee-monitor\header-employee-monitor.html",313,"surface-legacy","medium","border: 2px dashed var(--surface-300);","Usar bg-slate-* o tokens --ds-*"
"app\core\layout\employee-view\monitor\header-employee-monitor\header-employee-monitor.html",390,"surface-legacy","medium","class=""surface-100 p-4 rounded-lg text-center mt-4 border-left-3""","Usar bg-slate-* o tokens --ds-*"
"app\core\layout\employee-view\monitor\notifications-gadget\notifications-gadget.html",36,"surface-legacy","medium","class=""flex align-items-start p-3 gap-3 cursor-pointer hover:surface-100 border-bottom-1 surface-border""","Usar bg-slate-* o tokens --ds-*"
"app\core\layout\employee-view\monitor\notifications-gadget\notifications-gadget.html",38,"surface-legacy","medium","[class.surface-100]=""!notification.isRead""","Usar bg-slate-* o tokens --ds-*"
"app\core\layout\direccion-view\components\tareas-legal-card\tareas-legal-card.html",72,"surface-legacy","medium","class=""text-xs rounded px-2 py-0 surface-100 text-color-secondary""","Usar bg-slate-* o tokens --ds-*"
"app\core\layout\direccion-view\components\contratos-vigentes-modal\contratos-vigentes-modal.html",81,"surface-legacy","medium","<span class=""text-xs surface-200 text-600 rounded px-2 py-1"">","Usar bg-slate-* o tokens --ds-*"
"app\core\layout\direccion-view\components\contratos-card\contratos-card.html",45,"surface-legacy","medium","class=""text-xs font-semibold rounded px-2 py-1 surface-100 text-color-secondary""","Usar bg-slate-* o tokens --ds-*"
"app\core\layout\direccion-view\components\agenda-semanal\agenda-semanal.html",9,"surface-legacy","medium","<span class=""text-xs surface-200 text-600 rounded px-2 py-1"">","Usar bg-slate-* o tokens --ds-*"
"app\core\layout\direccion-view\components\agenda-semanal\agenda-semanal.html",78,"surface-legacy","medium","[class.surface-100]=""!dia.esHoy""","Usar bg-slate-* o tokens --ds-*"
"app\core\layout\direccion-view\components\agenda-semanal\agenda-semanal.html",94,"surface-legacy","medium","[class.surface-300]=""!dia.esHoy""","Usar bg-slate-* o tokens --ds-*"
"app\core\layout\direccion-view\components\agenda-semanal\agenda-semanal.html",142,"surface-legacy","medium","<span class=""text-xs surface-200 text-600 rounded px-2 py-1"">","Usar bg-slate-* o tokens --ds-*"
"app\core\layout\direccion-view\components\agenda-meses-modal\agenda-meses-modal.html",83,"surface-legacy","medium","<span class=""text-xs surface-200 text-600 rounded px-2 py-1"">","Usar bg-slate-* o tokens --ds-*"
"app\apps\recursos-humanos.luxuryapp\expediente-del-empleado\recursos-humanos\nomina\nomina-dashboard\nomina-dashboard.html",104,"surface-legacy","medium","class=""flex-1 flex align-items-center justify-content-center gap-1 px-3 py-2 rounded-lg text-xs text-500 surface-100 bor...","Usar bg-slate-* o tokens --ds-*"
"app\apps\recursos-humanos.luxuryapp\expediente-del-empleado\recursos-humanos\nomina\hoja-incidencias\hoja-incidencias.html",266,"important","critical","background: var(--ds-surface-variant) !important;","Eliminar !important y usar @layer primeng-brand o tokens CSS"
"app\apps\recursos-humanos.luxuryapp\expediente-del-empleado\recursos-humanos\nomina\hoja-incidencias\hoja-incidencias.html",269,"important","critical","background: var(--ds-surface-variant) !important;","Eliminar !important y usar @layer primeng-brand o tokens CSS"
"app\apps\operations.luxuryapp\manuals\biblioteca\manuals-and-processes\manuals-and-processes-editor\manuals-and-processes-editor.html",85,"surface-legacy","medium","class=""flex align-items-center gap-2 p-3 border-bottom-1 border-200 cursor-pointer hover:surface-100 transition-colors t...","Usar bg-slate-* o tokens --ds-*"
"app\apps\operations.luxuryapp\manuals\biblioteca\manuals-and-processes\manuals-and-processes-editor\manuals-and-processes-editor.html",86,"surface-legacy","medium","[class.surface-100]=""selectedPaso()?.id === paso.id""","Usar bg-slate-* o tokens --ds-*"
"app\apps\admin.luxuryapp\herramientas-dev\catalog-component-ui\foundations\catalog-guia\catalog-guia.html",39,"border-round","medium","<div class=""p-3 border-round bg-primary-50 text-primary-900 text-sm"">","Usar "rounded" o "rounded-lg" de Tailwind"
"app\apps\admin.luxuryapp\herramientas-dev\catalog-component-ui\foundations\catalog-guia\catalog-guia.html",56,"shadow-legacy","medium","<div class=""card"" class=""h-full border-left-3 border-primary surface-card shadow-1"">","Usar shadow-sm, shadow, shadow-md, shadow-lg de Tailwind"
"app\apps\admin.luxuryapp\herramientas-dev\catalog-component-ui\foundations\catalog-guia\catalog-guia.html",368,"border-round","medium","<div class=""surface-card p-3 border-round text-center"">","Usar "rounded" o "rounded-lg" de Tailwind"
"app\apps\admin.luxuryapp\herramientas-dev\catalog-component-ui\foundations\catalog-guia\catalog-guia.html",377,"border-round","medium","<div class=""surface-card p-3 border-round flex flex-column gap-2"">","Usar "rounded" o "rounded-lg" de Tailwind"
"app\apps\admin.luxuryapp\herramientas-dev\catalog-component-ui\foundations\catalog-guia\catalog-guia.html",442,"shadow-legacy","medium","<div class=""card"" class=""h-full border-left-3 border-primary surface-card shadow-1"">","Usar shadow-sm, shadow, shadow-md, shadow-lg de Tailwind"
"app\apps\recursos-humanos.luxuryapp\expediente-del-empleado\recursos-humanos\nomina\tiempo-extra\modal-tiempo-extra-add\modal-tiempo-extra-add.html",41,"surface-legacy","medium","<div class=""p-3 rounded surface-100"">","Usar bg-slate-* o tokens --ds-*"
"app\apps\recursos-humanos.luxuryapp\expediente-del-empleado\recursos-humanos\incidencias-sanciones\incident\incident-witnesses\incident-witnesses.html",28,"surface-legacy","medium","<div class=""text-center p-4 text-color-secondary surface-100 rounded"">","Usar bg-slate-* o tokens --ds-*"
"app\apps\recursos-humanos.luxuryapp\expediente-del-empleado\recursos-humanos\incidencias-sanciones\incident\incident-dashboard\incident-dashboard.html",164,"surface-legacy","medium","<div class=""flex align-items-center px-3 py-2 surface-100 rounded-lg"">","Usar bg-slate-* o tokens --ds-*"
"app\apps\operations.luxuryapp\dashboard\unified-pending-dashboard-mobile.ts",48,"important","critical","font-size: 0.9rem !important;","Eliminar !important y usar @layer primeng-brand o tokens CSS"
"app\apps\cobranza.luxuryapp\aspel-cobranza-haus\aspel-cobranza-haus-pdf.service.ts",141,"important","critical",".text-right { text-align:right !important; }","Eliminar !important y usar @layer primeng-brand o tokens CSS"
"app\apps\cobranza.luxuryapp\aspel-cobranza-haus\aspel-cobranza-haus-pdf.service.ts",270,"important","critical",".text-right { text-align:right !important; }","Eliminar !important y usar @layer primeng-brand o tokens CSS"
"app\apps\auth.luxuryapp\recovery-password\recovery-mobile.ts",220,"ng-deep","high",".lm-form ::ng-deep ion-input {","Usar CSS variables (--p-*) o @layer primeng-brand"
"app\apps\auth.luxuryapp\recovery-password\recovery-mobile.ts",221,"important","critical","background-color: var(--ds-surface) !important;","Eliminar !important y usar @layer primeng-brand o tokens CSS"
"app\apps\auth.luxuryapp\recovery-password\recovery-mobile.ts",222,"important","critical","border: 1px solid var(--ds-outline-variant) !important;","Eliminar !important y usar @layer primeng-brand o tokens CSS"
"app\apps\auth.luxuryapp\recovery-password\recovery-mobile.ts",223,"important","critical","--background: var(--ds-surface) !important;","Eliminar !important y usar @layer primeng-brand o tokens CSS"
"app\apps\auth.luxuryapp\recovery-password\recovery-mobile.ts",224,"important","critical","--color: var(--ds-on-surface) !important;","Eliminar !important y usar @layer primeng-brand o tokens CSS"
"app\apps\auth.luxuryapp\recovery-password\recovery-mobile.ts",225,"important","critical","--padding-start: 1rem !important;","Eliminar !important y usar @layer primeng-brand o tokens CSS"
"app\apps\auth.luxuryapp\recovery-password\recovery-mobile.ts",226,"important","critical","--padding-end: 1rem !important;","Eliminar !important y usar @layer primeng-brand o tokens CSS"
"app\apps\auth.luxuryapp\recovery-password\recovery-mobile.ts",228,"ng-deep","high",".lm-form ::ng-deep ion-input.ion-focused {","Usar CSS variables (--p-*) o @layer primeng-brand"
"app\apps\auth.luxuryapp\recovery-password\recovery-mobile.ts",229,"important","critical","border-color: var(--ds-primary) !important;","Eliminar !important y usar @layer primeng-brand o tokens CSS"
"app\apps\auth.luxuryapp\recovery-password\recovery-mobile.ts",231,"important","critical","color-mix(in srgb, var(--ds-primary), transparent 85%) !important;","Eliminar !important y usar @layer primeng-brand o tokens CSS"
"app\apps\auth.luxuryapp\recovery-password\recovery-mobile.ts",233,"ng-deep","high",".lm-form ::ng-deep .field-label {","Usar CSS variables (--p-*) o @layer primeng-brand"
"app\apps\auth.luxuryapp\recovery-password\recovery-mobile.ts",240,"ng-deep","high",".lm-btn-wrapper ::ng-deep ion-button {","Usar CSS variables (--p-*) o @layer primeng-brand"
"app\apps\auth.luxuryapp\reset-password\reset-password-mobile.ts",189,"ng-deep","high",".lm-form ::ng-deep ion-input {","Usar CSS variables (--p-*) o @layer primeng-brand"
"app\apps\auth.luxuryapp\reset-password\reset-password-mobile.ts",190,"important","critical","background-color: var(--ds-surface) !important;","Eliminar !important y usar @layer primeng-brand o tokens CSS"
"app\apps\auth.luxuryapp\reset-password\reset-password-mobile.ts",191,"important","critical","border: 1px solid var(--ds-outline-variant) !important;","Eliminar !important y usar @layer primeng-brand o tokens CSS"
"app\apps\auth.luxuryapp\reset-password\reset-password-mobile.ts",192,"important","critical","--background: var(--ds-surface) !important;","Eliminar !important y usar @layer primeng-brand o tokens CSS"
"app\apps\auth.luxuryapp\reset-password\reset-password-mobile.ts",193,"important","critical","--color: var(--ds-on-surface) !important;","Eliminar !important y usar @layer primeng-brand o tokens CSS"
"app\apps\auth.luxuryapp\reset-password\reset-password-mobile.ts",194,"important","critical","--padding-start: 1rem !important;","Eliminar !important y usar @layer primeng-brand o tokens CSS"
"app\apps\auth.luxuryapp\reset-password\reset-password-mobile.ts",195,"important","critical","--padding-end: 1rem !important;","Eliminar !important y usar @layer primeng-brand o tokens CSS"
"app\apps\auth.luxuryapp\reset-password\reset-password-mobile.ts",197,"ng-deep","high",".lm-form ::ng-deep ion-input.ion-focused {","Usar CSS variables (--p-*) o @layer primeng-brand"
"app\apps\auth.luxuryapp\reset-password\reset-password-mobile.ts",198,"important","critical","border-color: var(--ds-primary) !important;","Eliminar !important y usar @layer primeng-brand o tokens CSS"
"app\apps\auth.luxuryapp\reset-password\reset-password-mobile.ts",200,"important","critical","color-mix(in srgb, var(--ds-primary), transparent 85%) !important;","Eliminar !important y usar @layer primeng-brand o tokens CSS"
"app\apps\auth.luxuryapp\reset-password\reset-password-mobile.ts",202,"ng-deep","high",".lm-form ::ng-deep .field-label {","Usar CSS variables (--p-*) o @layer primeng-brand"
"app\apps\auth.luxuryapp\reset-password\reset-password-mobile.ts",209,"ng-deep","high",".lm-btn-wrapper ::ng-deep ion-button {","Usar CSS variables (--p-*) o @layer primeng-brand"
"app\apps\auth.luxuryapp\login\login-mobile.ts",229,"ng-deep","high",".lm-form ::ng-deep ion-input {","Usar CSS variables (--p-*) o @layer primeng-brand"
"app\apps\auth.luxuryapp\login\login-mobile.ts",230,"important","critical","background-color: var(--ds-surface) !important;","Eliminar !important y usar @layer primeng-brand o tokens CSS"
"app\apps\auth.luxuryapp\login\login-mobile.ts",231,"important","critical","border: 1px solid var(--ds-outline-variant) !important;","Eliminar !important y usar @layer primeng-brand o tokens CSS"
"app\apps\auth.luxuryapp\login\login-mobile.ts",233,"important","critical","--background: var(--ds-surface) !important;","Eliminar !important y usar @layer primeng-brand o tokens CSS"
"app\apps\auth.luxuryapp\login\login-mobile.ts",234,"important","critical","--color: var(--ds-on-surface) !important;","Eliminar !important y usar @layer primeng-brand o tokens CSS"
"app\apps\auth.luxuryapp\login\login-mobile.ts",235,"important","critical","--padding-start: 1rem !important;","Eliminar !important y usar @layer primeng-brand o tokens CSS"
"app\apps\auth.luxuryapp\login\login-mobile.ts",236,"important","critical","--padding-end: 1rem !important;","Eliminar !important y usar @layer primeng-brand o tokens CSS"
"app\apps\auth.luxuryapp\login\login-mobile.ts",238,"ng-deep","high",".lm-form ::ng-deep ion-input.ion-focused {","Usar CSS variables (--p-*) o @layer primeng-brand"
"app\apps\auth.luxuryapp\login\login-mobile.ts",239,"important","critical","border-color: var(--ds-primary) !important;","Eliminar !important y usar @layer primeng-brand o tokens CSS"
"app\apps\auth.luxuryapp\login\login-mobile.ts",241,"important","critical","color-mix(in srgb, var(--ds-primary), transparent 85%) !important;","Eliminar !important y usar @layer primeng-brand o tokens CSS"
"app\apps\auth.luxuryapp\login\login-mobile.ts",243,"ng-deep","high",".lm-form ::ng-deep .field-label {","Usar CSS variables (--p-*) o @layer primeng-brand"
"app\apps\auth.luxuryapp\login\login-mobile.ts",251,"ng-deep","high",".lm-btn-wrapper ::ng-deep ion-button {","Usar CSS variables (--p-*) o @layer primeng-brand"
"app\shared\ui\shared\avatar-group\avatar-group.ts",75,"important","critical","background: var(--ds-bg-elevated) !important;","Eliminar !important y usar @layer primeng-brand o tokens CSS"
"app\shared\ui\inputs\mobile\ion-input-file.ts",45,"surface-legacy","medium","<div class=""flex justify-content-between align-items-center surface-100 p-2 rounded"">","Usar bg-slate-* o tokens --ds-*"
"app\shared\ui\inputs\web\custom-input-select-prefix-signal.ts",63,"ng-deep","high",":host ::ng-deep .p-inputgroup .p-inputgroup-addon {","Usar CSS variables (--p-*) o @layer primeng-brand"
"app\shared\ui\inputs\web\custom-input-select-prefix-signal.ts",67,"ng-deep","high",":host ::ng-deep .p-inputgroup .p-select {","Usar CSS variables (--p-*) o @layer primeng-brand"
"app\shared\ui\inputs\web\custom-input-select-prefix-signal.ts",72,"ng-deep","high",":host ::ng-deep .p-inputgroup input {","Usar CSS variables (--p-*) o @layer primeng-brand"
"app\shared\ui\inputs\web\custom-input-select-prefix-signal.ts",77,"ng-deep","high",":host ::ng-deep .p-inputgroup .p-inputgroup-addon {","Usar CSS variables (--p-*) o @layer primeng-brand"
"app\shared\ui\web\print-view\print-view.ts",106,"important","critical","display: none !important;","Eliminar !important y usar @layer primeng-brand o tokens CSS"
"app\shared\ui\web\print-view\print-view.ts",109,"important","critical","display: block !important;","Eliminar !important y usar @layer primeng-brand o tokens CSS"
"app\shared\ui\web\print-view\print-view.ts",122,"important","critical","display: none !important;","Eliminar !important y usar @layer primeng-brand o tokens CSS"
"app\shared\ui\web\primeng-custom-table-emptymessage\primeng-custom-table-emptymessage.ts",13,"important","critical","text-align: center !important;","Eliminar !important y usar @layer primeng-brand o tokens CSS"
"app\shared\ui\web\file-upload\file-upload.ts",185,"important","critical","border-color: var(--ds-primary) !important;","Eliminar !important y usar @layer primeng-brand o tokens CSS"
"app\shared\ui\web\comparison-table\comparison-table.ts",107,"important","critical",") !important;","Eliminar !important y usar @layer primeng-brand o tokens CSS"
"app\shared\ui\web\card\card.ts",63,"shadow-legacy","medium","box-shadow: var(--ds-shadow-2);","Usar shadow-sm, shadow, shadow-md, shadow-lg de Tailwind"
"app\shared\ui\web\card\card.ts",66,"shadow-legacy","medium","box-shadow: var(--ds-shadow-3);","Usar shadow-sm, shadow, shadow-md, shadow-lg de Tailwind"
"app\shared\ui\web\action-menu\action-menu.ts",54,"ng-deep","high",".menu-container ::ng-deep button {","Usar CSS variables (--p-*) o @layer primeng-brand"
"app\shared\ui\mobile\tabs\tabs.ts",79,"important","critical","color: var(--ds-primary) !important;","Eliminar !important y usar @layer primeng-brand o tokens CSS"
"app\shared\ui\mobile\tab-bar\tab-bar.ts",93,"important","critical","color: var(--ds-primary) !important;","Eliminar !important y usar @layer primeng-brand o tokens CSS"
"app\shared\ui\mobile\card\card.ts",62,"shadow-legacy","medium","box-shadow: var(--ds-shadow-2);","Usar shadow-sm, shadow, shadow-md, shadow-lg de Tailwind"
"app\shared\ui\buttons\web-icon\button-tracking.ts",42,"ng-deep","high",":host ::ng-deep .p-overlaybadge {","Usar CSS variables (--p-*) o @layer primeng-brand"
"app\shared\ui\buttons\web-icon\button-tracking.ts",52,"ng-deep","high",":host ::ng-deep .p-overlaybadge > iconify-icon {","Usar CSS variables (--p-*) o @layer primeng-brand"
"app\shared\ui\buttons\web-icon\button-tracking.ts",58,"ng-deep","high",":host ::ng-deep .p-overlaybadge .p-overlay-badge {","Usar CSS variables (--p-*) o @layer primeng-brand"
"app\apps\supplier.luxuryapp\pr\solicitud-compra\solicitud-compra-presentacion.ts",58,"ng-deep","high",":host ::ng-deep .presentation-carousel .p-carousel-content {","Usar CSS variables (--p-*) o @layer primeng-brand"
"app\apps\supplier.luxuryapp\pr\solicitud-compra\solicitud-compra-presentacion.ts",63,"ng-deep","high",":host ::ng-deep .presentation-carousel .p-carousel-container {","Usar CSS variables (--p-*) o @layer primeng-brand"
"app\apps\supplier.luxuryapp\pr\solicitud-compra\solicitud-compra-presentacion.ts",67,"ng-deep","high",":host ::ng-deep .presentation-carousel .p-carousel-indicator-list {","Usar CSS variables (--p-*) o @layer primeng-brand"
"app\apps\supplier.luxuryapp\pr\solicitud-compra\solicitud-compra-presentacion.ts",73,"ng-deep","high",":host ::ng-deep .presentation-carousel .p-carousel-item {","Usar CSS variables (--p-*) o @layer primeng-brand"
"app\apps\supplier.luxuryapp\pr\solicitud-compra\solicitud-compra-presentacion.ts",74,"important","critical","padding: 0 !important;","Eliminar !important y usar @layer primeng-brand o tokens CSS"
"app\apps\supplier.luxuryapp\pr\solicitud-compra\solicitud-compra-presentacion.ts",77,"ng-deep","high",":host ::ng-deep .presentation-carousel .p-carousel-item > div {","Usar CSS variables (--p-*) o @layer primeng-brand"
"app\apps\supplier.luxuryapp\pr\solicitud-compra\solicitud-compra-presentacion.ts",81,"ng-deep","high",":host ::ng-deep .presentation-carousel .p-carousel-indicator button {","Usar CSS variables (--p-*) o @layer primeng-brand"
"app\apps\supplier.luxuryapp\pr\solicitud-compra\product-add.ts",43,"ng-deep","high",":host ::ng-deep .product-search-panel {","Usar CSS variables (--p-*) o @layer primeng-brand"
"app\apps\supplier.luxuryapp\pr\solicitud-compra\product-add.ts",48,"ng-deep","high",":host ::ng-deep .product-search-panel .p-autocomplete-list {","Usar CSS variables (--p-*) o @layer primeng-brand"
"app\apps\supplier.luxuryapp\pr\solicitud-compra\product-add.ts",52,"ng-deep","high",":host ::ng-deep .product-search-option {","Usar CSS variables (--p-*) o @layer primeng-brand"
"app\apps\supplier.luxuryapp\po\purchase-order\orden-compra-list.ts",77,"ng-deep","high",":host ::ng-deep .orden-compra-table .p-datatable-table {","Usar CSS variables (--p-*) o @layer primeng-brand"
"app\apps\supplier.luxuryapp\po\purchase-order\orden-compra-list.ts",82,"ng-deep","high",":host ::ng-deep .orden-compra-table .oc-col-identificadores {","Usar CSS variables (--p-*) o @layer primeng-brand"
"app\apps\supplier.luxuryapp\po\purchase-order\orden-compra-list.ts",86,"ng-deep","high",":host ::ng-deep .orden-compra-table .oc-col-seguimiento {","Usar CSS variables (--p-*) o @layer primeng-brand"
"app\apps\supplier.luxuryapp\po\purchase-order\orden-compra-list.ts",90,"ng-deep","high",":host ::ng-deep .orden-compra-table .oc-col-descripcion {","Usar CSS variables (--p-*) o @layer primeng-brand"
"app\apps\supplier.luxuryapp\po\purchase-order\orden-compra-list.ts",94,"ng-deep","high",":host ::ng-deep .orden-compra-table .oc-col-partida {","Usar CSS variables (--p-*) o @layer primeng-brand"
"app\apps\supplier.luxuryapp\po\purchase-order\orden-compra-list.ts",98,"ng-deep","high",":host ::ng-deep .orden-compra-table .oc-col-proveedor {","Usar CSS variables (--p-*) o @layer primeng-brand"
"app\apps\supplier.luxuryapp\po\purchase-order\orden-compra-list.ts",102,"ng-deep","high",":host ::ng-deep .orden-compra-table .oc-col-total {","Usar CSS variables (--p-*) o @layer primeng-brand"
"app\apps\supplier.luxuryapp\po\purchase-order\orden-compra-list.ts",106,"ng-deep","high",":host ::ng-deep .orden-compra-table .oc-col-observaciones,","Usar CSS variables (--p-*) o @layer primeng-brand"
"app\apps\supplier.luxuryapp\po\purchase-order\orden-compra-list.ts",107,"ng-deep","high",":host ::ng-deep .orden-compra-table .oc-col-autoriza {","Usar CSS variables (--p-*) o @layer primeng-brand"
"app\apps\supplier.luxuryapp\po\purchase-order\orden-compra-list.ts",111,"ng-deep","high",":host ::ng-deep .orden-compra-table .oc-col-actions {","Usar CSS variables (--p-*) o @layer primeng-brand"
"app\apps\supplier.luxuryapp\po\purchase-order\orden-compra-list.ts",116,"ng-deep","high","::ng-deep","Usar CSS variables (--p-*) o @layer primeng-brand"
"app\apps\supplier.luxuryapp\po\purchase-order\orden-compra-list.ts",127,"ng-deep","high","::ng-deep","Usar CSS variables (--p-*) o @layer primeng-brand"
"app\apps\supplier.luxuryapp\po\purchase-order\orden-compra-list.ts",133,"ng-deep","high","::ng-deep","Usar CSS variables (--p-*) o @layer primeng-brand"
"app\apps\supplier.luxuryapp\po\purchase-order\orden-compra-list.ts",141,"ng-deep","high",":host ::ng-deep .orden-compra-table .oc-cell-actions {","Usar CSS variables (--p-*) o @layer primeng-brand"
"app\apps\supplier.luxuryapp\po\purchase-order\orden-compra-list.ts",145,"ng-deep","high",":host ::ng-deep .orden-compra-table .oc-actions-container {","Usar CSS variables (--p-*) o @layer primeng-brand"
"app\apps\supplier.luxuryapp\po\purchase-order\orden-compra-list.ts",151,"ng-deep","high",":host ::ng-deep .orden-compra-table .oc-cell-wrap ul {","Usar CSS variables (--p-*) o @layer primeng-brand"
"app\apps\reclutamiento.luxuryapp\candidates\recruitment-shared\candidate-stage-badge.ts",18,"border-round","medium","class=""inline-flex font-bold text-xs px-2 py-1 border-round""","Usar "rounded" o "rounded-lg" de Tailwind"
"app\apps\mantenimiento.luxuryapp\logs\tool-loan\tool-list.ts",230,"important","critical",".sistema-header { background-color: #eef2f7 !important; color: #003A62 !important; font-weight: bold; font-size: 14px; p...","Eliminar !important y usar @layer primeng-brand o tokens CSS"
"app\apps\mantenimiento.luxuryapp\equipos-y-maquinaria\machinery\mantenimientos-dialog.ts",117,"surface-legacy","medium","<div class=""text-center text-500 p-4 surface-100 rounded italic"">","Usar bg-slate-* o tokens --ds-*"
"app\apps\mantenimiento.luxuryapp\equipos-y-maquinaria\machinery\equipos-list.ts",418,"important","critical","th { background-color: #1E3A8A !important; color: #FFFFFF !important; }","Eliminar !important y usar @layer primeng-brand o tokens CSS"
"app\apps\mantenimiento.luxuryapp\equipos-y-maquinaria\machinery\equipos-list.ts",420,"important","critical",".sistema-header { background-color: #eef2f7 !important; color: #003A62 !important; font-weight: bold; font-size: 14px; p...","Eliminar !important y usar @layer primeng-brand o tokens CSS"
"app\apps\operations.luxuryapp\inventarios-y-almacn\warehouse\warehouse-list.ts",219,"important","critical",".sistema-header { background-color: #eef2f7 !important; color: #003A62 !important; font-weight: bold; font-size: 14px; p...","Eliminar !important y usar @layer primeng-brand o tokens CSS"
"app\apps\operations.luxuryapp\inventarios-y-almacn\radio-communication-inventory\radio-comunicacion-list.ts",219,"important","critical",".sistema-header { background-color: #eef2f7 !important; color: #003A62 !important; font-weight: bold; font-size: 14px; p...","Eliminar !important y usar @layer primeng-brand o tokens CSS"
"app\apps\operations.luxuryapp\inventarios-y-almacn\key-inventory\inventario-llaves-list.ts",174,"important","critical","th { background-color: #1E3A8A !important; color: #FFFFFF !important; }","Eliminar !important y usar @layer primeng-brand o tokens CSS"
"app\apps\operations.luxuryapp\inventarios-y-almacn\key-inventory\inventario-llaves-list.ts",176,"important","critical",".sistema-header { background-color: #eef2f7 !important; color: #003A62 !important; font-weight: bold; font-size: 14px; p...","Eliminar !important y usar @layer primeng-brand o tokens CSS"
"app\apps\operations.luxuryapp\google-calendar\google-calendar\google-calendar.ts",80,"ng-deep","high",":host ::ng-deep .fc-theme-standard td,","Usar CSS variables (--p-*) o @layer primeng-brand"
"app\apps\operations.luxuryapp\google-calendar\google-calendar\google-calendar.ts",81,"ng-deep","high",":host ::ng-deep .fc-theme-standard th {","Usar CSS variables (--p-*) o @layer primeng-brand"
"app\apps\operations.luxuryapp\google-calendar\google-calendar\google-calendar.ts",84,"ng-deep","high",":host ::ng-deep .fc-header-toolbar {","Usar CSS variables (--p-*) o @layer primeng-brand"
"app\apps\operations.luxuryapp\google-calendar\google-calendar\google-calendar.ts",88,"important","critical","margin-bottom: 0 !important;","Eliminar !important y usar @layer primeng-brand o tokens CSS"
"app\apps\operations.luxuryapp\google-calendar\google-calendar\google-calendar.ts",92,"ng-deep","high",":host ::ng-deep .fc-view-harness {","Usar CSS variables (--p-*) o @layer primeng-brand"
"app\apps\operations.luxuryapp\google-calendar\google-calendar\google-calendar.ts",98,"ng-deep","high",":host ::ng-deep .fc-daygrid-day-number {","Usar CSS variables (--p-*) o @layer primeng-brand"
"app\apps\operations.luxuryapp\google-calendar\google-calendar\google-calendar.ts",103,"ng-deep","high",":host ::ng-deep .fc-event {","Usar CSS variables (--p-*) o @layer primeng-brand"
"app\apps\operations.luxuryapp\google-calendar\google-calendar\google-calendar.ts",112,"ng-deep","high",":host ::ng-deep .fc-day-today {","Usar CSS variables (--p-*) o @layer primeng-brand"
"app\apps\operations.luxuryapp\google-calendar\google-calendar\google-calendar.ts",113,"important","critical","background: var(--primary-50) !important;","Eliminar !important y usar @layer primeng-brand o tokens CSS"
"app\apps\operations.luxuryapp\google-calendar\google-calendar\google-calendar.ts",116,"ng-deep","high",":host ::ng-deep .fc-header-toolbar {","Usar CSS variables (--p-*) o @layer primeng-brand"
"app\apps\operations.luxuryapp\google-calendar\google-calendar\google-calendar.ts",117,"important","critical","flex-direction: column !important;","Eliminar !important y usar @layer primeng-brand o tokens CSS"
"app\apps\operations.luxuryapp\google-calendar\google-calendar\google-calendar.ts",119,"important","critical","align-items: stretch !important;","Eliminar !important y usar @layer primeng-brand o tokens CSS"
"app\apps\operations.luxuryapp\google-calendar\google-calendar\google-calendar.ts",122,"ng-deep","high",":host ::ng-deep .fc-toolbar-chunk {","Usar CSS variables (--p-*) o @layer primeng-brand"
"app\apps\operations.luxuryapp\google-calendar\google-calendar\google-calendar.ts",127,"ng-deep","high",":host ::ng-deep .fc-toolbar-chunk:nth-child(2) {","Usar CSS variables (--p-*) o @layer primeng-brand"
"app\apps\operations.luxuryapp\google-calendar\google-calendar\google-calendar.ts",131,"ng-deep","high",":host ::ng-deep .fc-toolbar-title {","Usar CSS variables (--p-*) o @layer primeng-brand"
"app\apps\operations.luxuryapp\google-calendar\google-calendar\google-calendar.ts",132,"important","critical","font-size: 1.25rem !important;","Eliminar !important y usar @layer primeng-brand o tokens CSS"
"app\apps\operations.luxuryapp\google-calendar\google-calendar\google-calendar.ts",135,"ng-deep","high",":host ::ng-deep .fc-button {","Usar CSS variables (--p-*) o @layer primeng-brand"
"app\apps\operations.luxuryapp\google-calendar\google-calendar\google-calendar.ts",136,"important","critical","padding: 0.4rem 0.6rem !important;","Eliminar !important y usar @layer primeng-brand o tokens CSS"
"app\apps\operations.luxuryapp\google-calendar\google-calendar\google-calendar.ts",137,"important","critical","font-size: 0.85rem !important;","Eliminar !important y usar @layer primeng-brand o tokens CSS"
"app\apps\operations.luxuryapp\field-service\service-order\ordenes-servicio-list-pdf.service.ts",160,"important","critical","body { background-color: white !important; font-family: ""Segoe UI"", Tahoma, Geneva, Verdana, sans-serif; }","Eliminar !important y usar @layer primeng-brand o tokens CSS"
"app\apps\operations.luxuryapp\field-service\service-order\ordenes-servicio-list-pdf.service.ts",166,"important","critical",".surface-50 { background-color: #f9fafb !important; }","Eliminar !important y usar @layer primeng-brand o tokens CSS"
"app\apps\operations.luxuryapp\field-service\service-order\ordenes-servicio-list-pdf.service.ts",167,"important","critical",".surface-100 { background-color: #f3f4f6 !important; }","Eliminar !important y usar @layer primeng-brand o tokens CSS"
"app\apps\operations.luxuryapp\field-service\service-order\ordenes-servicio-list-pdf.service.ts",167,"surface-legacy","medium",".surface-100 { background-color: #f3f4f6 !important; }","Usar bg-slate-* o tokens --ds-*"
"app\apps\operations.luxuryapp\field-service\service-order\ordenes-servicio-list-pdf.service.ts",168,"important","critical",".bg-primary { background-color: #3b82f6 !important; color: white !important; }","Eliminar !important y usar @layer primeng-brand o tokens CSS"
"app\apps\contabilidad.luxuryapp\general-ledger\autitoria-cuentas-aspel\autitoria-cuentas-aspel-export.service.ts",162,"important","critical","<td class=""text-center bold"" style=""background-color: ${this.getLevelFillColor(cuenta.nivelReferencia)} !important; colo...","Eliminar !important y usar @layer primeng-brand o tokens CSS"
"app\apps\contabilidad.luxuryapp\general-ledger\autitoria-cuentas-aspel\autitoria-cuentas-aspel-export.service.ts",163,"important","critical","<td class=""bold"" style=""background-color: ${this.getLevelFillColor(cuenta.nivelReferencia)} !important; color: ${this.ge...","Eliminar !important y usar @layer primeng-brand o tokens CSS"
"app\apps\contabilidad.luxuryapp\general-ledger\autitoria-cuentas-aspel\autitoria-cuentas-aspel-export.service.ts",177,"important","critical","th { background-color: #1E3A8A !important; color: #FFFFFF !important; }","Eliminar !important y usar @layer primeng-brand o tokens CSS"
"app\apps\contabilidad.luxuryapp\general-ledger\autitoria-cuentas-aspel\autitoria-cuentas-aspel-export.service.ts",178,"important","critical","tbody tr:nth-child(even) { background-color: #F8FAFC !important; }","Eliminar !important y usar @layer primeng-brand o tokens CSS"
"app\apps\contabilidad.luxuryapp\general-ledger\autitoria-cuentas-aspel\autitoria-cuentas-aspel-export.service.ts",189,"important","critical",".text-center { text-align:center !important; }","Eliminar !important y usar @layer primeng-brand o tokens CSS"
"app\apps\contabilidad.luxuryapp\general-ledger\autitoria-cuentas-aspel\autitoria-cuentas-aspel-export.service.ts",190,"important","critical",".bold { font-weight: bold !important; }","Eliminar !important y usar @layer primeng-brand o tokens CSS"
"app\apps\contabilidad.luxuryapp\general-ledger\autitoria-cuentas-aspel\autitoria-cuentas-aspel-export.service.ts",227,"important","critical","return `<td class=""text-center bold"" style=""color: #DC2626; background-color: #FEF2F2 !important;"">NO</td>`;","Eliminar !important y usar @layer primeng-brand o tokens CSS"
"app\apps\contabilidad.luxuryapp\general-ledger\autitoria-cuentas-aspel\autitoria-cuentas-aspel-export.service.ts",230,"important","critical","return `<td class=""text-center bold"" style=""color: #D97706; background-color: #FFFBEB !important;"">DIF</td>`;","Eliminar !important y usar @layer primeng-brand o tokens CSS"
"app\apps\contabilidad.luxuryapp\general-ledger\autitoria-cuentas-aspel\autitoria-cuentas-aspel-export.service.ts",232,"important","critical","return `<td class=""text-center bold"" style=""color: #15803D; background-color: #F0FDF4 !important;"">SI</td>`;","Eliminar !important y usar @layer primeng-brand o tokens CSS"
"app\apps\admin.luxuryapp\seguridad-permisos\module-app-rol\module-app-rol-list.ts",49,"ng-deep","high",":host ::ng-deep ion-item-divider {","Usar CSS variables (--p-*) o @layer primeng-brand"
"app\shared\ui\inputs\web\input-file\input-file.ts",71,"ng-deep","high",":host ::ng-deep .p-fileupload-basic {","Usar CSS variables (--p-*) o @layer primeng-brand"
"app\shared\ui\inputs\web\input-file\input-file.ts",75,"ng-deep","high",":host ::ng-deep .p-fileupload-basic .p-button {","Usar CSS variables (--p-*) o @layer primeng-brand"
"app\apps\reclutamiento.luxuryapp\reclutamiento-y-altas-bajas\reclutamiento-solicitudes\request-dismissal\solicitud-baja-form.ts",104,"ng-deep","high",":host ::ng-deep {","Usar CSS variables (--p-*) o @layer primeng-brand"
"app\apps\reclutamiento.luxuryapp\reclutamiento-y-altas-bajas\reclutamiento-solicitudes\request-dismissal\solicitud-baja-form.ts",107,"important","critical","display: block !important;","Eliminar !important y usar @layer primeng-brand o tokens CSS"
"app\apps\reclutamiento.luxuryapp\reclutamiento-y-altas-bajas\reclutamiento-solicitudes\request-dismissal\solicitud-baja-form.ts",108,"important","critical","width: 100% !important;","Eliminar !important y usar @layer primeng-brand o tokens CSS"
"app\apps\reclutamiento.luxuryapp\reclutamiento-y-altas-bajas\reclutamiento-solicitudes\request-dismissal\solicitud-baja-form.ts",109,"important","critical","border: 2px dashed var(--ds-border-strong, #cbd5e1) !important;","Eliminar !important y usar @layer primeng-brand o tokens CSS"
"app\apps\reclutamiento.luxuryapp\reclutamiento-y-altas-bajas\reclutamiento-solicitudes\request-dismissal\solicitud-baja-form.ts",110,"important","critical","border-radius: var(--ds-radius-lg, 8px) !important;","Eliminar !important y usar @layer primeng-brand o tokens CSS"
"app\apps\reclutamiento.luxuryapp\reclutamiento-y-altas-bajas\reclutamiento-solicitudes\request-dismissal\solicitud-baja-form.ts",111,"important","critical","background-color: var(--ds-bg-surface, #ffffff) !important;","Eliminar !important y usar @layer primeng-brand o tokens CSS"
"app\apps\reclutamiento.luxuryapp\reclutamiento-y-altas-bajas\reclutamiento-solicitudes\request-dismissal\solicitud-baja-form.ts",112,"important","critical","min-height: 200px !important;","Eliminar !important y usar @layer primeng-brand o tokens CSS"
"app\apps\reclutamiento.luxuryapp\reclutamiento-y-altas-bajas\reclutamiento-solicitudes\request-dismissal\solicitud-baja-form.ts",113,"important","critical","position: relative !important;","Eliminar !important y usar @layer primeng-brand o tokens CSS"
"app\apps\reclutamiento.luxuryapp\reclutamiento-y-altas-bajas\reclutamiento-solicitudes\request-dismissal\solicitud-baja-form.ts",117,"important","critical","background-color: var(--ds-bg-sunken, #f8fafc) !important;","Eliminar !important y usar @layer primeng-brand o tokens CSS"
"app\apps\reclutamiento.luxuryapp\reclutamiento-y-altas-bajas\reclutamiento-solicitudes\request-dismissal\solicitud-baja-form.ts",118,"important","critical","border-color: var(--ds-primary, #155ec0) !important;","Eliminar !important y usar @layer primeng-brand o tokens CSS"
"app\apps\reclutamiento.luxuryapp\reclutamiento-y-altas-bajas\reclutamiento-solicitudes\request-dismissal\solicitud-baja-form.ts",126,"important","critical","position: absolute !important;","Eliminar !important y usar @layer primeng-brand o tokens CSS"
"app\apps\reclutamiento.luxuryapp\reclutamiento-y-altas-bajas\reclutamiento-solicitudes\request-dismissal\solicitud-baja-form.ts",127,"important","critical","inset: 0 !important;","Eliminar !important y usar @layer primeng-brand o tokens CSS"
"app\apps\reclutamiento.luxuryapp\reclutamiento-y-altas-bajas\reclutamiento-solicitudes\request-dismissal\solicitud-baja-form.ts",128,"important","critical","transform: none !important;","Eliminar !important y usar @layer primeng-brand o tokens CSS"
"app\apps\reclutamiento.luxuryapp\reclutamiento-y-altas-bajas\reclutamiento-solicitudes\request-dismissal\solicitud-baja-form.ts",129,"important","critical","display: flex !important;","Eliminar !important y usar @layer primeng-brand o tokens CSS"
"app\apps\reclutamiento.luxuryapp\reclutamiento-y-altas-bajas\reclutamiento-solicitudes\request-dismissal\solicitud-baja-form.ts",130,"important","critical","align-items: center !important;","Eliminar !important y usar @layer primeng-brand o tokens CSS"
"app\apps\reclutamiento.luxuryapp\reclutamiento-y-altas-bajas\reclutamiento-solicitudes\request-dismissal\solicitud-baja-form.ts",131,"important","critical","justify-content: center !important;","Eliminar !important y usar @layer primeng-brand o tokens CSS"
"app\apps\reclutamiento.luxuryapp\reclutamiento-y-altas-bajas\reclutamiento-solicitudes\request-dismissal\solicitud-baja-form.ts",132,"important","critical","pointer-events: auto !important;","Eliminar !important y usar @layer primeng-brand o tokens CSS"
"app\apps\reclutamiento.luxuryapp\reclutamiento-y-altas-bajas\reclutamiento-solicitudes\request-dismissal\solicitud-baja-form.ts",133,"important","critical","cursor: pointer !important;","Eliminar !important y usar @layer primeng-brand o tokens CSS"
"app\apps\reclutamiento.luxuryapp\reclutamiento-y-altas-bajas\reclutamiento-solicitudes\request-dismissal\solicitud-baja-form.ts",134,"important","critical","color: inherit !important;","Eliminar !important y usar @layer primeng-brand o tokens CSS"
"app\apps\reclutamiento.luxuryapp\reclutamiento-y-altas-bajas\reclutamiento-solicitudes\request-dismissal\solicitud-baja-form.ts",139,"important","critical","display: flex !important;","Eliminar !important y usar @layer primeng-brand o tokens CSS"
"app\apps\reclutamiento.luxuryapp\reclutamiento-y-altas-bajas\reclutamiento-solicitudes\request-dismissal\solicitud-baja-form.ts",140,"important","critical","flex-direction: column !important;","Eliminar !important y usar @layer primeng-brand o tokens CSS"
"app\apps\reclutamiento.luxuryapp\reclutamiento-y-altas-bajas\reclutamiento-solicitudes\request-dismissal\solicitud-baja-form.ts",141,"important","critical","align-items: center !important;","Eliminar !important y usar @layer primeng-brand o tokens CSS"
"app\apps\reclutamiento.luxuryapp\reclutamiento-y-altas-bajas\reclutamiento-solicitudes\request-dismissal\solicitud-baja-form.ts",142,"important","critical","text-align: center !important;","Eliminar !important y usar @layer primeng-brand o tokens CSS"
"app\apps\reclutamiento.luxuryapp\reclutamiento-y-altas-bajas\reclutamiento-solicitudes\request-dismissal\solicitud-baja-form.ts",143,"important","critical","padding: 1rem !important;","Eliminar !important y usar @layer primeng-brand o tokens CSS"
"app\apps\reclutamiento.luxuryapp\reclutamiento-y-altas-bajas\reclutamiento-solicitudes\request-dismissal\solicitud-baja-form.ts",148,"important","critical","overflow: visible !important;","Eliminar !important y usar @layer primeng-brand o tokens CSS"
"app\apps\reclutamiento.luxuryapp\reclutamiento-y-altas-bajas\reclutamiento-solicitudes\request-dismissal\solicitud-baja-form.ts",149,"important","critical","padding: 0 !important;","Eliminar !important y usar @layer primeng-brand o tokens CSS"
"app\apps\reclutamiento.luxuryapp\reclutamiento-y-altas-bajas\reclutamiento-solicitudes\request-dismissal\solicitud-baja-form.ts",150,"important","critical","width: auto !important;","Eliminar !important y usar @layer primeng-brand o tokens CSS"
"app\apps\reclutamiento.luxuryapp\reclutamiento-y-altas-bajas\reclutamiento-solicitudes\request-dismissal\solicitud-baja-form.ts",151,"important","critical","text-align: center !important;","Eliminar !important y usar @layer primeng-brand o tokens CSS"
"app\apps\reclutamiento.luxuryapp\reclutamiento-y-altas-bajas\reclutamiento-solicitudes\recruitment-shared\filter-requests.ts",28,"ng-deep","high",":host ::ng-deep base-input-signal .field {","Usar CSS variables (--p-*) o @layer primeng-brand"
"app\apps\recursos-humanos.luxuryapp\expediente-del-empleado\recursos-humanos\shared\modal-approval-confirmation.ts",126,"surface-legacy","medium","<div class=""surface-100 rounded p-3"">","Usar bg-slate-* o tokens --ds-*"
"app\apps\recursos-humanos.luxuryapp\expediente-del-empleado\recursos-humanos\shared\modal-approval-confirmation.ts",159,"surface-legacy","medium","<div class=""surface-100 rounded p-3"">","Usar bg-slate-* o tokens --ds-*"
"app\apps\recursos-humanos.luxuryapp\expediente-del-empleado\recursos-humanos\calendario-vacaciones-permisos\calendario-vacaciones-permisos.ts",44,"ng-deep","high",":host ::ng-deep .fc-theme-standard td,","Usar CSS variables (--p-*) o @layer primeng-brand"
"app\apps\recursos-humanos.luxuryapp\expediente-del-empleado\recursos-humanos\calendario-vacaciones-permisos\calendario-vacaciones-permisos.ts",45,"ng-deep","high",":host ::ng-deep .fc-theme-standard th {","Usar CSS variables (--p-*) o @layer primeng-brand"
"app\apps\recursos-humanos.luxuryapp\expediente-del-empleado\recursos-humanos\calendario-vacaciones-permisos\calendario-vacaciones-permisos.ts",49,"ng-deep","high",":host ::ng-deep .fc-header-toolbar {","Usar CSS variables (--p-*) o @layer primeng-brand"
"app\apps\recursos-humanos.luxuryapp\expediente-del-empleado\recursos-humanos\calendario-vacaciones-permisos\calendario-vacaciones-permisos.ts",53,"important","critical","margin-bottom: 0 !important;","Eliminar !important y usar @layer primeng-brand o tokens CSS"
"app\apps\recursos-humanos.luxuryapp\expediente-del-empleado\recursos-humanos\calendario-vacaciones-permisos\calendario-vacaciones-permisos.ts",56,"ng-deep","high",":host ::ng-deep .fc-view-harness {","Usar CSS variables (--p-*) o @layer primeng-brand"
"app\apps\recursos-humanos.luxuryapp\expediente-del-empleado\recursos-humanos\calendario-vacaciones-permisos\calendario-vacaciones-permisos.ts",60,"ng-deep","high",":host ::ng-deep .fc-col-header-cell {","Usar CSS variables (--p-*) o @layer primeng-brand"
"app\apps\recursos-humanos.luxuryapp\expediente-del-empleado\recursos-humanos\calendario-vacaciones-permisos\calendario-vacaciones-permisos.ts",64,"ng-deep","high",":host ::ng-deep .fc-col-header-cell-cushion {","Usar CSS variables (--p-*) o @layer primeng-brand"
"app\apps\recursos-humanos.luxuryapp\expediente-del-empleado\recursos-humanos\calendario-vacaciones-permisos\calendario-vacaciones-permisos.ts",71,"ng-deep","high",":host ::ng-deep .fc-daygrid-day-number {","Usar CSS variables (--p-*) o @layer primeng-brand"
"app\apps\recursos-humanos.luxuryapp\expediente-del-empleado\recursos-humanos\calendario-vacaciones-permisos\calendario-vacaciones-permisos.ts",78,"ng-deep","high",":host ::ng-deep .fc-day-today {","Usar CSS variables (--p-*) o @layer primeng-brand"
"app\apps\recursos-humanos.luxuryapp\expediente-del-empleado\recursos-humanos\calendario-vacaciones-permisos\calendario-vacaciones-permisos.ts",79,"important","critical","background: var(--primary-50) !important;","Eliminar !important y usar @layer primeng-brand o tokens CSS"
"app\apps\recursos-humanos.luxuryapp\expediente-del-empleado\recursos-humanos\calendario-vacaciones-permisos\calendario-vacaciones-permisos.ts",82,"ng-deep","high",":host ::ng-deep .fc-day-other {","Usar CSS variables (--p-*) o @layer primeng-brand"
"app\apps\recursos-humanos.luxuryapp\expediente-del-empleado\recursos-humanos\calendario-vacaciones-permisos\calendario-vacaciones-permisos.ts",86,"ng-deep","high",":host ::ng-deep .fc-daygrid-day-frame {","Usar CSS variables (--p-*) o @layer primeng-brand"
"app\apps\recursos-humanos.luxuryapp\expediente-del-empleado\recursos-humanos\calendario-vacaciones-permisos\calendario-vacaciones-permisos.ts",90,"ng-deep","high",":host ::ng-deep .fc-scroller,","Usar CSS variables (--p-*) o @layer primeng-brand"
"app\apps\recursos-humanos.luxuryapp\expediente-del-empleado\recursos-humanos\calendario-vacaciones-permisos\calendario-vacaciones-permisos.ts",91,"ng-deep","high",":host ::ng-deep .fc-scroller-liquid-absolute {","Usar CSS variables (--p-*) o @layer primeng-brand"
"app\apps\recursos-humanos.luxuryapp\expediente-del-empleado\recursos-humanos\calendario-vacaciones-permisos\calendario-vacaciones-permisos.ts",92,"important","critical","overflow: hidden !important;","Eliminar !important y usar @layer primeng-brand o tokens CSS"
"app\apps\recursos-humanos.luxuryapp\expediente-del-empleado\recursos-humanos\calendario-vacaciones-permisos\calendario-vacaciones-permisos.ts",95,"ng-deep","high",":host ::ng-deep .fc-event {","Usar CSS variables (--p-*) o @layer primeng-brand"
"app\apps\recursos-humanos.luxuryapp\expediente-del-empleado\recursos-humanos\calendario-vacaciones-permisos\calendario-vacaciones-permisos.ts",105,"ng-deep","high",":host ::ng-deep .fc-event-main {","Usar CSS variables (--p-*) o @layer primeng-brand"
"app\apps\recursos-humanos.luxuryapp\expediente-del-empleado\recursos-humanos\calendario-vacaciones-permisos\calendario-vacaciones-permisos.ts",109,"ng-deep","high",":host ::ng-deep .fc-event-title {","Usar CSS variables (--p-*) o @layer primeng-brand"
"app\apps\recursos-humanos.luxuryapp\expediente-del-empleado\recursos-humanos\calendario-vacaciones-permisos\calendario-vacaciones-permisos.ts",115,"ng-deep","high",":host ::ng-deep .fc-daygrid-more-link {","Usar CSS variables (--p-*) o @layer primeng-brand"
"app\apps\recursos-humanos.luxuryapp\expediente-del-empleado\recursos-humanos\calendario-vacaciones-permisos\calendario-vacaciones-permisos.ts",122,"ng-deep","high",":host ::ng-deep .fc-event.event-vacation {","Usar CSS variables (--p-*) o @layer primeng-brand"
"app\apps\recursos-humanos.luxuryapp\expediente-del-empleado\recursos-humanos\calendario-vacaciones-permisos\calendario-vacaciones-permisos.ts",127,"ng-deep","high",":host ::ng-deep .fc-event.event-permission {","Usar CSS variables (--p-*) o @layer primeng-brand"
"app\apps\recursos-humanos.luxuryapp\expediente-del-empleado\recursos-humanos\calendario-vacaciones-permisos\calendario-vacaciones-permisos.ts",132,"ng-deep","high",":host ::ng-deep .fc-event.event-holiday {","Usar CSS variables (--p-*) o @layer primeng-brand"
"app\apps\recursos-humanos.luxuryapp\expediente-del-empleado\recursos-humanos\calendario-vacaciones-permisos\calendario-vacaciones-permisos.ts",137,"ng-deep","high",":host ::ng-deep .fc-event.event-default {","Usar CSS variables (--p-*) o @layer primeng-brand"
"app\apps\recursos-humanos.luxuryapp\expediente-del-empleado\recursos-humanos\calendario-vacaciones-permisos\calendario-vacaciones-permisos.ts",138,"surface-legacy","medium","background: linear-gradient(135deg, var(--surface-500), var(--surface-700));","Usar bg-slate-* o tokens --ds-*"
"app\apps\recursos-humanos.luxuryapp\expediente-del-empleado\recursos-humanos\calendario-vacaciones-permisos\calendario-vacaciones-permisos.ts",143,"ng-deep","high",":host ::ng-deep .fc-header-toolbar {","Usar CSS variables (--p-*) o @layer primeng-brand"
"app\apps\recursos-humanos.luxuryapp\expediente-del-empleado\recursos-humanos\calendario-vacaciones-permisos\calendario-vacaciones-permisos.ts",144,"important","critical","align-items: stretch !important;","Eliminar !important y usar @layer primeng-brand o tokens CSS"
"app\apps\recursos-humanos.luxuryapp\expediente-del-empleado\recursos-humanos\calendario-vacaciones-permisos\calendario-vacaciones-permisos.ts",145,"important","critical","flex-direction: column !important;","Eliminar !important y usar @layer primeng-brand o tokens CSS"
"app\apps\recursos-humanos.luxuryapp\expediente-del-empleado\recursos-humanos\calendario-vacaciones-permisos\calendario-vacaciones-permisos.ts",150,"ng-deep","high",":host ::ng-deep .fc-toolbar-chunk {","Usar CSS variables (--p-*) o @layer primeng-brand"
"app\apps\recursos-humanos.luxuryapp\expediente-del-empleado\recursos-humanos\calendario-vacaciones-permisos\calendario-vacaciones-permisos.ts",156,"ng-deep","high",":host ::ng-deep .fc-toolbar-title {","Usar CSS variables (--p-*) o @layer primeng-brand"
"app\apps\recursos-humanos.luxuryapp\expediente-del-empleado\recursos-humanos\calendario-vacaciones-permisos\calendario-vacaciones-permisos.ts",157,"important","critical","font-size: 1.25rem !important;","Eliminar !important y usar @layer primeng-brand o tokens CSS"
"app\apps\recursos-humanos.luxuryapp\expediente-del-empleado\recursos-humanos\calendario-vacaciones-permisos\calendario-vacaciones-permisos.ts",161,"ng-deep","high",":host ::ng-deep .fc-button {","Usar CSS variables (--p-*) o @layer primeng-brand"
"app\apps\recursos-humanos.luxuryapp\expediente-del-empleado\recursos-humanos\calendario-vacaciones-permisos\calendario-vacaciones-permisos.ts",162,"important","critical","font-size: 0.85rem !important;","Eliminar !important y usar @layer primeng-brand o tokens CSS"
"app\apps\recursos-humanos.luxuryapp\expediente-del-empleado\recursos-humanos\calendario-vacaciones-permisos\calendario-vacaciones-permisos.ts",163,"important","critical","padding: 0.4rem 0.6rem !important;","Eliminar !important y usar @layer primeng-brand o tokens CSS"
"app\apps\operations.luxuryapp\task-engine\tasks\task-message\task-list.ts",105,"ng-deep","high",":host ::ng-deep primeng-custom-caption > div {","Usar CSS variables (--p-*) o @layer primeng-brand"
"app\apps\operations.luxuryapp\task-engine\tasks\task-message\task-list.ts",106,"important","critical","margin-bottom: 0 !important;","Eliminar !important y usar @layer primeng-brand o tokens CSS"
"app\apps\operations.luxuryapp\task-engine\tasks\task-message\task-list.ts",108,"ng-deep","high",":host ::ng-deep app-task-status > div {","Usar CSS variables (--p-*) o @layer primeng-brand"
"app\apps\operations.luxuryapp\task-engine\tasks\task-message\task-list.ts",109,"important","critical","margin-bottom: 0 !important;","Eliminar !important y usar @layer primeng-brand o tokens CSS"
"app\apps\operations.luxuryapp\task-engine\tasks\task-message\task-list.ts",111,"ng-deep","high",":host ::ng-deep base-input-signal .field {","Usar CSS variables (--p-*) o @layer primeng-brand"
"app\apps\operations.luxuryapp\task-engine\tasks\task-message\task-list.ts",112,"important","critical","margin-bottom: 0 !important;","Eliminar !important y usar @layer primeng-brand o tokens CSS"
"app\apps\operations.luxuryapp\task-engine\tasks\task-message\task-list.ts",114,"ng-deep","high",":host ::ng-deep tr.task-link-source > td {","Usar CSS variables (--p-*) o @layer primeng-brand"
"app\apps\operations.luxuryapp\task-engine\tasks\task-message\task-list.ts",117,"ng-deep","high",":host ::ng-deep tr.task-link-target > td {","Usar CSS variables (--p-*) o @layer primeng-brand"
"app\apps\operations.luxuryapp\task-engine\tasks\task-message\task-list.ts",118,"important","critical","background-color: rgba(147, 51, 234, 0.1) !important;","Eliminar !important y usar @layer primeng-brand o tokens CSS"
"app\apps\operations.luxuryapp\task-engine\tasks\task-message\task-list.ts",122,"ng-deep","high",":host ::ng-deep tr.task-chain-member > td:nth-child(2) {","Usar CSS variables (--p-*) o @layer primeng-brand"
"app\apps\operations.luxuryapp\google-calendar\calendar\mantenimiento-preventivo\cronograma-anual-mantenimiento.ts",325,"important","critical","th { background-color: #1E3A8A !important; color: #FFFFFF !important; }","Eliminar !important y usar @layer primeng-brand o tokens CSS"
"app\apps\operations.luxuryapp\google-calendar\calendar\mantenimiento-preventivo\cronograma-anual-mantenimiento.ts",327,"important","critical",".sistema-header { background-color: #c9a84c !important; color: #ffffff !important; }","Eliminar !important y usar @layer primeng-brand o tokens CSS"
"app\apps\operations.luxuryapp\google-calendar\calendar\mantenimiento-preventivo\cronograma-anual-mantenimiento.ts",328,"important","critical",".block-indicator { background-color: #0b3164 !important; }","Eliminar !important y usar @layer primeng-brand o tokens CSS"
"app\apps\operations.luxuryapp\google-calendar\calendar\mantenimiento-preventivo\cronograma-anual-mantenimiento.ts",336,"important","critical",".sistema-header { background:#c9a84c; color: #ffffff; font-weight:700; font-size: 10px; padding: 4px 6px !important; }","Eliminar !important y usar @layer primeng-brand o tokens CSS"
"app\apps\operations.luxuryapp\diagrams\diagram\diagram-view\diagram-view.ts",60,"ng-deep","high",":host ::ng-deep .mxgraph {","Usar CSS variables (--p-*) o @layer primeng-brand"
"app\apps\operations.luxuryapp\diagrams\diagram\diagram-view\diagram-view.ts",61,"important","critical","max-width: 100% !important;","Eliminar !important y usar @layer primeng-brand o tokens CSS"
"app\apps\contabilidad.luxuryapp\general-ledger\dynamic-reports\account-tree-select\account-tree-select.ts",115,"ng-deep","high",":host ::ng-deep .p-tree {","Usar CSS variables (--p-*) o @layer primeng-brand"
"app\apps\contabilidad.luxuryapp\general-ledger\dynamic-reports\account-tree-select\account-tree-select.ts",119,"ng-deep","high",":host ::ng-deep .p-tree .p-treenode-content {","Usar CSS variables (--p-*) o @layer primeng-brand"
"app\apps\contabilidad.luxuryapp\general-ledger\dynamic-reports\account-tree-select\account-tree-select.ts",124,"ng-deep","high",":host ::ng-deep .p-tree .p-treenode-content:hover {","Usar CSS variables (--p-*) o @layer primeng-brand"
"app\apps\admin.luxuryapp\herramientas-dev\catalog-component-ui\showcase\mobile-showcase.component.ts",69,"border-round","medium","class=""border-round overflow-hidden""","Usar "rounded" o "rounded-lg" de Tailwind"
"app\apps\admin.luxuryapp\herramientas-dev\catalog-component-ui\showcase\data-showcase.component.ts",21,"border-round","medium","<div class=""card p-0 shadow-sm border-round overflow-hidden border-1 surface-border"">","Usar "rounded" o "rounded-lg" de Tailwind"
"app\apps\admin.luxuryapp\herramientas-dev\catalog-component-ui\catalog-web-item\catalog-web-item.ts",435,"border-round","medium","class=""text-xs surface-ground p-3 border-round m-0""","Usar "rounded" o "rounded-lg" de Tailwind"
"app\apps\admin.luxuryapp\herramientas-dev\catalog-component-ui\catalog-web-item\catalog-web-item.ts",442,"border-round","medium","class=""text-xs surface-ground p-3 border-round m-0""","Usar "rounded" o "rounded-lg" de Tailwind"
"app\apps\admin.luxuryapp\herramientas-dev\catalog-component-ui\catalog-web-item\catalog-web-item.ts",450,"border-round","medium","<div class=""p-3 border-round surface-ground"">","Usar "rounded" o "rounded-lg" de Tailwind"
"app\apps\admin.luxuryapp\herramientas-dev\catalog-component-ui\catalog-web-item\catalog-web-item.ts",468,"border-round","medium","<div class=""p-3 border-round surface-ground"">","Usar "rounded" o "rounded-lg" de Tailwind"
"app\apps\admin.luxuryapp\herramientas-dev\catalog-component-ui\catalog-web-item\catalog-web-item.ts",484,"border-round","medium","<div class=""p-3 border-round surface-ground"">","Usar "rounded" o "rounded-lg" de Tailwind"
"app\apps\admin.luxuryapp\herramientas-dev\catalog-component-ui\catalog-core-item\catalog-web-extras.ts",364,"border-round","medium","<div class=""p-3 border-round bg-gray-100"">","Usar "rounded" o "rounded-lg" de Tailwind"
"app\apps\admin.luxuryapp\herramientas-dev\catalog-component-ui\catalog-core-item\catalog-web-extras.ts",383,"border-round","medium","class=""w-full p-2 border-round border-1""","Usar "rounded" o "rounded-lg" de Tailwind"
"app\apps\admin.luxuryapp\herramientas-dev\catalog-component-ui\catalog-core-item\catalog-core-item.ts",779,"border-round","medium","class=""border-round-lg p-4 text-center cursor-pointer""","Usar "rounded" o "rounded-lg" de Tailwind"
"app\apps\admin.luxuryapp\herramientas-dev\catalog-component-ui\shared\tokens-colors\tokens-colors.ts",48,"border-round","medium","class=""token-swatch flex align-items-center p-3 surface-card border-1 border-round cursor-pointer""","Usar "rounded" o "rounded-lg" de Tailwind"
"app\apps\admin.luxuryapp\herramientas-dev\catalog-component-ui\shared\tokens-colors\tokens-colors.ts",54,"border-round","medium","class=""swatch-color border-round-sm mr-3 flex-shrink-0""","Usar "rounded" o "rounded-lg" de Tailwind"
"app\apps\admin.luxuryapp\herramientas-dev\catalog-component-ui\shared\tokens-colors\tokens-colors.ts",102,"border-round","medium","class=""token-swatch flex align-items-center p-3 surface-card border-1 border-round cursor-pointer""","Usar "rounded" o "rounded-lg" de Tailwind"
"app\apps\admin.luxuryapp\herramientas-dev\catalog-component-ui\shared\tokens-colors\tokens-colors.ts",108,"border-round","medium","class=""swatch-color border-round-sm mr-3 flex-shrink-0""","Usar "rounded" o "rounded-lg" de Tailwind"
"app\apps\admin.luxuryapp\herramientas-dev\catalog-component-ui\shared\tokens-colors\tokens-colors.ts",144,"border-round","medium","class=""surface-card border-round p-4 flex flex-column gap-2""","Usar "rounded" o "rounded-lg" de Tailwind"
"app\apps\admin.luxuryapp\herramientas-dev\catalog-component-ui\shared\tokens-typography\tokens-typography.ts",28,"border-round","medium","class=""surface-card border-1 border-round p-3 flex align-items-center gap-3""","Usar "rounded" o "rounded-lg" de Tailwind"
"app\apps\admin.luxuryapp\herramientas-dev\catalog-component-ui\shared\tokens-typography\tokens-typography.ts",100,"border-round","medium","<div class=""surface-card border-1 border-round p-4"">","Usar "rounded" o "rounded-lg" de Tailwind"
"app\apps\admin.luxuryapp\herramientas-dev\catalog-component-ui\patterns-layouts\catalog-patterns-item\catalog-patterns-item.ts",54,"border-round","medium","class=""surface-card shadow-1 border-round-lg border-left-3 border-primary p-3""","Usar "rounded" o "rounded-lg" de Tailwind"
"app\apps\admin.luxuryapp\herramientas-dev\catalog-component-ui\patterns-layouts\catalog-patterns-item\catalog-patterns-item.ts",54,"shadow-legacy","medium","class=""surface-card shadow-1 border-round-lg border-left-3 border-primary p-3""","Usar shadow-sm, shadow, shadow-md, shadow-lg de Tailwind"
"app\apps\admin.luxuryapp\herramientas-dev\catalog-component-ui\patterns-layouts\catalog-patterns-item\catalog-patterns-item.ts",98,"border-round","medium","class=""surface-ground border-round p-4""","Usar "rounded" o "rounded-lg" de Tailwind"
"app\apps\admin.luxuryapp\herramientas-dev\catalog-component-ui\patterns-layouts\catalog-patterns-item\catalog-patterns-item.ts",169,"border-round","medium","class=""surface-ground border-round p-3 mb-4 font-mono text-xs line-height-3""","Usar "rounded" o "rounded-lg" de Tailwind"
"app\apps\admin.luxuryapp\herramientas-dev\catalog-component-ui\patterns-layouts\catalog-patterns-item\catalog-patterns-item.ts",184,"border-round","medium","class=""surface-card border-round-xl p-3 h-full shadow-1 hover:shadow-3","Usar "rounded" o "rounded-lg" de Tailwind"
"app\apps\admin.luxuryapp\herramientas-dev\catalog-component-ui\patterns-layouts\catalog-patterns-item\catalog-patterns-item.ts",184,"shadow-legacy","medium","class=""surface-card border-round-xl p-3 h-full shadow-1 hover:shadow-3","Usar shadow-sm, shadow, shadow-md, shadow-lg de Tailwind"
"app\apps\admin.luxuryapp\herramientas-dev\catalog-component-ui\patterns-layouts\catalog-patterns-item\catalog-patterns-item.ts",192,"border-round","medium","class=""flex align-items-center justify-content-center border-round-lg flex-shrink-0""","Usar "rounded" o "rounded-lg" de Tailwind"
"app\apps\admin.luxuryapp\herramientas-dev\catalog-component-ui\patterns-layouts\catalog-patterns-item\catalog-patterns-item.ts",224,"border-round","medium","<div class=""card border-round-lg p-2"">","Usar "rounded" o "rounded-lg" de Tailwind"
"app\apps\admin.luxuryapp\herramientas-dev\catalog-component-ui\patterns-layouts\catalog-patterns-item\catalog-patterns-item.ts",261,"border-round","medium","<div class=""card border-round-lg p-2"">","Usar "rounded" o "rounded-lg" de Tailwind"
"app\apps\admin.luxuryapp\herramientas-dev\catalog-component-ui\patterns-layouts\catalog-patterns-item\catalog-patterns-item.ts",301,"border-round","medium","class=""surface-ground border-round px-3 py-1 text-xs flex align-items-center gap-2""","Usar "rounded" o "rounded-lg" de Tailwind"
"app\apps\admin.luxuryapp\herramientas-dev\catalog-component-ui\patterns-layouts\catalog-layouts\catalog-layouts.ts",29,"border-round","medium","class=""border-1 border-round overflow-hidden h-full flex flex-column""","Usar "rounded" o "rounded-lg" de Tailwind"
"app\apps\admin.luxuryapp\herramientas-dev\catalog-component-ui\patterns-layouts\catalog-layouts\catalog-layouts.ts",76,"border-round","medium","class=""border-round""","Usar "rounded" o "rounded-lg" de Tailwind"
"app\apps\admin.luxuryapp\herramientas-dev\catalog-component-ui\patterns-layouts\catalog-layouts\catalog-layouts.ts",80,"border-round","medium","class=""flex-grow-1 border-round""","Usar "rounded" o "rounded-lg" de Tailwind"
"app\apps\admin.luxuryapp\herramientas-dev\catalog-component-ui\patterns-layouts\catalog-layouts\catalog-layouts.ts",84,"border-round","medium","class=""border-round""","Usar "rounded" o "rounded-lg" de Tailwind"
"app\apps\admin.luxuryapp\herramientas-dev\catalog-component-ui\patterns-layouts\catalog-layouts\catalog-layouts.ts",103,"border-round","medium","class=""border-1 border-round p-3 h-full flex flex-column gap-2""","Usar "rounded" o "rounded-lg" de Tailwind"
"app\apps\admin.luxuryapp\herramientas-dev\catalog-component-ui\patterns-layouts\catalog-layouts\catalog-layouts.ts",107,"border-round","medium","class=""border-round px-2 py-1 text-xs text-white font-bold""","Usar "rounded" o "rounded-lg" de Tailwind"
"app\apps\admin.luxuryapp\herramientas-dev\catalog-component-ui\patterns-layouts\catalog-layouts\catalog-layouts.ts",116,"border-round","medium","class=""border-round""","Usar "rounded" o "rounded-lg" de Tailwind"
"app\apps\admin.luxuryapp\herramientas-dev\catalog-component-ui\patterns-layouts\catalog-layouts\catalog-layouts.ts",130,"border-round","medium","class=""border-1 border-round p-3 h-full flex flex-column gap-2""","Usar "rounded" o "rounded-lg" de Tailwind"
"app\apps\admin.luxuryapp\herramientas-dev\catalog-component-ui\patterns-layouts\catalog-layouts\catalog-layouts.ts",134,"border-round","medium","class=""border-round px-2 py-1 text-xs text-white font-bold""","Usar "rounded" o "rounded-lg" de Tailwind"
"app\apps\admin.luxuryapp\herramientas-dev\catalog-component-ui\patterns-layouts\catalog-layouts\catalog-layouts.ts",144,"border-round","medium","class=""flex-grow-1 border-round""","Usar "rounded" o "rounded-lg" de Tailwind"
"app\apps\admin.luxuryapp\herramientas-dev\catalog-component-ui\patterns-layouts\catalog-layouts\catalog-layouts.ts",148,"border-round","medium","class=""flex-grow-1 border-round""","Usar "rounded" o "rounded-lg" de Tailwind"
"app\apps\admin.luxuryapp\herramientas-dev\catalog-component-ui\patterns-layouts\catalog-layouts\catalog-layouts.ts",163,"border-round","medium","class=""border-1 border-round p-3 h-full flex flex-column gap-2""","Usar "rounded" o "rounded-lg" de Tailwind"
"app\apps\admin.luxuryapp\herramientas-dev\catalog-component-ui\patterns-layouts\catalog-layouts\catalog-layouts.ts",167,"border-round","medium","class=""border-round px-2 py-1 text-xs text-white font-bold""","Usar "rounded" o "rounded-lg" de Tailwind"
"app\apps\admin.luxuryapp\herramientas-dev\catalog-component-ui\patterns-layouts\catalog-layouts\catalog-layouts.ts",178,"border-round","medium","class=""flex-grow-1 border-round""","Usar "rounded" o "rounded-lg" de Tailwind"
"app\apps\admin.luxuryapp\herramientas-dev\catalog-component-ui\patterns-layouts\catalog-layouts\catalog-layouts.ts",185,"border-round","medium","class=""border-round""","Usar "rounded" o "rounded-lg" de Tailwind"
"app\apps\admin.luxuryapp\herramientas-dev\catalog-component-ui\patterns-layouts\catalog-layouts\catalog-layouts.ts",198,"border-round","medium","class=""border-1 border-round p-3 h-full flex flex-column gap-2""","Usar "rounded" o "rounded-lg" de Tailwind"
"app\apps\admin.luxuryapp\herramientas-dev\catalog-component-ui\patterns-layouts\catalog-layouts\catalog-layouts.ts",202,"border-round","medium","class=""border-round px-2 py-1 text-xs text-white font-bold""","Usar "rounded" o "rounded-lg" de Tailwind"
"app\apps\admin.luxuryapp\herramientas-dev\catalog-component-ui\patterns-layouts\catalog-layouts\catalog-layouts.ts",212,"border-round","medium","class=""border-round flex-shrink-0""","Usar "rounded" o "rounded-lg" de Tailwind"
"app\apps\admin.luxuryapp\herramientas-dev\catalog-component-ui\patterns-layouts\catalog-layouts\catalog-layouts.ts",216,"border-round","medium","class=""border-round flex-grow-1""","Usar "rounded" o "rounded-lg" de Tailwind"
"app\apps\admin.luxuryapp\herramientas-dev\catalog-component-ui\patterns-layouts\catalog-layouts\catalog-layouts.ts",241,"border-round","medium","class=""border-1 border-round overflow-hidden""","Usar "rounded" o "rounded-lg" de Tailwind"
"app\apps\admin.luxuryapp\herramientas-dev\catalog-component-ui\patterns-layouts\catalog-layouts\catalog-layouts.ts",256,"border-round","medium","class=""border-round px-3 py-1 text-xs surface-card border-1 border-round""","Usar "rounded" o "rounded-lg" de Tailwind"
"app\apps\admin.luxuryapp\herramientas-dev\catalog-component-ui\patterns-layouts\catalog-layouts\catalog-layouts.ts",261,"border-round","medium","class=""border-round px-3 py-1 text-xs surface-card border-1 border-round text-white""","Usar "rounded" o "rounded-lg" de Tailwind"
"app\apps\admin.luxuryapp\herramientas-dev\catalog-component-ui\patterns-layouts\catalog-layouts\catalog-layouts.ts",275,"border-round","medium","class=""surface-card border-1 border-round p-3""","Usar "rounded" o "rounded-lg" de Tailwind"
"app\apps\admin.luxuryapp\herramientas-dev\catalog-component-ui\patterns-layouts\catalog-layouts\catalog-layouts.ts",297,"border-round","medium","<div class=""surface-card border-1 border-round p-3"">","Usar "rounded" o "rounded-lg" de Tailwind"
"app\apps\admin.luxuryapp\herramientas-dev\catalog-component-ui\patterns-layouts\catalog-layouts\catalog-layouts.ts",305,"border-round","medium","class=""border-round-top flex-grow-1 transition-all""","Usar "rounded" o "rounded-lg" de Tailwind"
"app\apps\admin.luxuryapp\herramientas-dev\catalog-component-ui\patterns-layouts\catalog-layouts\catalog-layouts.ts",322,"border-round","medium","<div class=""surface-card border-1 border-round p-3 h-full"">","Usar "rounded" o "rounded-lg" de Tailwind"
"app\apps\admin.luxuryapp\herramientas-dev\catalog-component-ui\patterns-layouts\catalog-layouts\catalog-layouts.ts",337,"border-round","medium","class=""border-round""","Usar "rounded" o "rounded-lg" de Tailwind"
"app\apps\admin.luxuryapp\herramientas-dev\catalog-component-ui\patterns-layouts\catalog-layouts\catalog-layouts.ts",341,"border-round","medium","class=""border-round h-full""","Usar "rounded" o "rounded-lg" de Tailwind"
"app\apps\admin.luxuryapp\herramientas-dev\catalog-component-ui\patterns-layouts\catalog-layouts\catalog-layouts.ts",355,"border-round","medium","class=""surface-card border-1 border-round mt-3 overflow-hidden""","Usar "rounded" o "rounded-lg" de Tailwind"
"app\apps\admin.luxuryapp\herramientas-dev\catalog-component-ui\patterns-layouts\catalog-layouts\catalog-layouts.ts",377,"border-round","medium","class=""border-round px-2 py-1 text-white text-xs""","Usar "rounded" o "rounded-lg" de Tailwind"
"app\apps\admin.luxuryapp\herramientas-dev\catalog-component-ui\patterns-layouts\catalog-layouts\catalog-layouts.ts",396,"border-round","medium","class=""flex align-items-start gap-3 p-3 surface-ground border-round h-full""","Usar "rounded" o "rounded-lg" de Tailwind"
"app\apps\admin.luxuryapp\herramientas-dev\catalog-component-ui\foundations\catalog-guia-item\catalog-guia-item.ts",113,"border-round","medium","class=""p-3 border-round bg-primary-50 text-primary-900 text-sm""","Usar "rounded" o "rounded-lg" de Tailwind"
"app\apps\admin.luxuryapp\herramientas-dev\catalog-component-ui\foundations\catalog-guia-item\catalog-guia-item.ts",132,"shadow-legacy","medium","class=""h-full border-left-3 border-primary surface-card shadow-1""","Usar shadow-sm, shadow, shadow-md, shadow-lg de Tailwind"
"app\apps\admin.luxuryapp\herramientas-dev\catalog-component-ui\foundations\catalog-guia-item\catalog-guia-item.ts",605,"shadow-legacy","medium","cardClass: ""h-full border-left-3 border-primary surface-card shadow-1"",","Usar shadow-sm, shadow, shadow-md, shadow-lg de Tailwind"
"app\apps\admin.luxuryapp\herramientas-dev\catalog-component-ui\foundations\catalog-guia-item\catalog-guia-item.ts",613,"shadow-legacy","medium","cardClass: ""h-full border-left-3 surface-border surface-card shadow-1"",","Usar shadow-sm, shadow, shadow-md, shadow-lg de Tailwind"
"app\apps\admin.luxuryapp\herramientas-dev\catalog-component-ui\foundations\catalog-guia-item\catalog-guia-item.ts",621,"shadow-legacy","medium","cardClass: ""h-full border-left-3 border-red-500 surface-card shadow-1"",","Usar shadow-sm, shadow, shadow-md, shadow-lg de Tailwind"
"app\apps\admin.luxuryapp\herramientas-dev\catalog-component-ui\foundations\catalog-guia-item\catalog-guia-item.ts",629,"shadow-legacy","medium","cardClass: ""h-full border-left-3 border-300 surface-card shadow-1"",","Usar shadow-sm, shadow, shadow-md, shadow-lg de Tailwind"
"app\apps\admin.luxuryapp\herramientas-dev\catalog-component-ui\foundations\catalog-guia\catalog-guia.ts",221,"shadow-legacy","medium","cardClass: ""h-full border-left-3 border-primary surface-card shadow-1"",","Usar shadow-sm, shadow, shadow-md, shadow-lg de Tailwind"
"app\apps\admin.luxuryapp\herramientas-dev\catalog-component-ui\foundations\catalog-guia\catalog-guia.ts",229,"shadow-legacy","medium","cardClass: ""h-full border-left-3 surface-border surface-card shadow-1"",","Usar shadow-sm, shadow, shadow-md, shadow-lg de Tailwind"
"app\apps\admin.luxuryapp\herramientas-dev\catalog-component-ui\foundations\catalog-guia\catalog-guia.ts",237,"shadow-legacy","medium","cardClass: ""h-full border-left-3 border-red-500 surface-card shadow-1"",","Usar shadow-sm, shadow, shadow-md, shadow-lg de Tailwind"
"app\apps\admin.luxuryapp\herramientas-dev\catalog-component-ui\foundations\catalog-guia\catalog-guia.ts",245,"shadow-legacy","medium","cardClass: ""h-full border-left-3 border-300 surface-card shadow-1"",","Usar shadow-sm, shadow, shadow-md, shadow-lg de Tailwind"
"app\apps\admin.luxuryapp\herramientas-dev\catalog-component-ui\foundations\catalog-docs\catalog-docs.ts",32,"shadow-legacy","medium","class=""card h-full overflow-hidden shadow-1 transition-all hover:shadow-3""","Usar shadow-sm, shadow, shadow-md, shadow-lg de Tailwind"
"app\apps\admin.luxuryapp\herramientas-dev\catalog-component-ui\foundations\catalog-docs\catalog-docs.ts",50,"border-round","medium","class=""block surface-100 border-1 surface-border border-round px-3 py-2 text-primary text-xs mt-2""","Usar "rounded" o "rounded-lg" de Tailwind"
"app\apps\admin.luxuryapp\herramientas-dev\catalog-component-ui\foundations\catalog-docs\catalog-docs.ts",50,"surface-legacy","medium","class=""block surface-100 border-1 surface-border border-round px-3 py-2 text-primary text-xs mt-2""","Usar bg-slate-* o tokens --ds-*"
"app\apps\admin.luxuryapp\herramientas-dev\catalog-component-ui\foundations\catalog-docs\catalog-docs.ts",67,"border-round","medium","<div class=""bg-primary text-white border-round-lg p-3 mb-3"">","Usar "rounded" o "rounded-lg" de Tailwind"
"app\apps\admin.luxuryapp\herramientas-dev\catalog-component-ui\foundations\catalog-audit-item\catalog-audit-item.ts",33,"border-round","medium","<div class=""border-round-xl border-1 p-4 h-full"">","Usar "rounded" o "rounded-lg" de Tailwind"
"app\apps\admin.luxuryapp\herramientas-dev\catalog-component-ui\foundations\catalog-audit-item\catalog-audit-item.ts",51,"border-round","medium","class=""flex align-items-start gap-3 border-round-lg border-1 p-3""","Usar "rounded" o "rounded-lg" de Tailwind"
"app\apps\admin.luxuryapp\herramientas-dev\catalog-component-ui\foundations\catalog-audit\catalog-audit.ts",46,"border-round","medium","class=""border-round-xl border-1 p-4 h-full""","Usar "rounded" o "rounded-lg" de Tailwind"
"app\apps\admin.luxuryapp\herramientas-dev\catalog-component-ui\foundations\catalog-audit\catalog-audit.ts",84,"border-round","medium","class=""w-4rem h-4rem border-round-lg bg-primary text-white flex align-items-center justify-content-center text-2xl font-...","Usar "rounded" o "rounded-lg" de Tailwind"
"app\apps\admin.luxuryapp\herramientas-dev\catalog-component-ui\foundations\catalog-audit\catalog-audit.ts",107,"border-round","medium","class=""flex align-items-start gap-3 border-round-lg border-1 p-3 h-full transition-all hover:surface-100 cursor-pointer""","Usar "rounded" o "rounded-lg" de Tailwind"
"app\apps\admin.luxuryapp\herramientas-dev\catalog-component-ui\foundations\catalog-audit\catalog-audit.ts",107,"surface-legacy","medium","class=""flex align-items-start gap-3 border-round-lg border-1 p-3 h-full transition-all hover:surface-100 cursor-pointer""","Usar bg-slate-* o tokens --ds-*"
"app\apps\admin.luxuryapp\herramientas-dev\catalog-component-ui\catalog-mobile\mobile-data\mobile-data.ts",321,"border-round","medium","class=""flex align-items-center justify-content-center flex-shrink-0 ml-3 mr-2 border-round-lg""","Usar "rounded" o "rounded-lg" de Tailwind"
"app\apps\admin.luxuryapp\herramientas-dev\catalog-component-ui\catalog-mobile\mobile-buttons\mobile-buttons.ts",173,"border-round","medium","class=""flex align-items-center justify-content-between p-2 border-round""","Usar "rounded" o "rounded-lg" de Tailwind"
"app\apps\admin.luxuryapp\herramientas-dev\catalog-component-ui\foundations\catalog-guia-item\button-catalog\button-catalog.ts",1118,"surface-legacy","medium","background: var(--surface-100);","Usar bg-slate-* o tokens --ds-*"
"src/styles/styles.scss",104,"important","critical","""Noto Color Emoji"", sans-serif !important;","Eliminar !important y usar @layer primeng-brand o tokens CSS"
"src/styles/styles.scss",111,"important","critical","font-family: var(--ds-font-family-document) !important;","Eliminar !important y usar @layer primeng-brand o tokens CSS"
"src/styles/styles.scss",112,"important","critical","font-weight: 400 !important;","Eliminar !important y usar @layer primeng-brand o tokens CSS"
"src/styles/styles.scss",113,"important","critical","font-size: 11pt !important;","Eliminar !important y usar @layer primeng-brand o tokens CSS"
"src/styles/styles.scss",114,"important","critical","color: var(--ds-text-primary) !important;","Eliminar !important y usar @layer primeng-brand o tokens CSS"
"src/styles/styles.scss",119,"important","critical","font-family: var(--ds-font-family-document) !important;","Eliminar !important y usar @layer primeng-brand o tokens CSS"
"src/styles/styles.scss",120,"important","critical","font-weight: 700 !important;","Eliminar !important y usar @layer primeng-brand o tokens CSS"
"src/styles/styles.scss",121,"important","critical","color: var(--ds-primary) !important;","Eliminar !important y usar @layer primeng-brand o tokens CSS"
"src/styles/styles.scss",125,"important","critical","//   border-radius: 4px !important;","Eliminar !important y usar @layer primeng-brand o tokens CSS"
"src/styles/styles.scss",138,"important","critical","border: 1px solid var(--ds-border) !important;","Eliminar !important y usar @layer primeng-brand o tokens CSS"
"src/styles/styles.scss",139,"important","critical","border-radius: var(--ds-radius-modal) !important;","Eliminar !important y usar @layer primeng-brand o tokens CSS"
"src/styles/styles.scss",148,"important","critical","z-index: 110000 !important;","Eliminar !important y usar @layer primeng-brand o tokens CSS"
"src/styles/styles.scss",173,"important","critical","Único bloque global con !important, aceptado y documentado: pausa todas","Eliminar !important y usar @layer primeng-brand o tokens CSS"
"src/styles/styles.scss",185,"important","critical","animation-duration: 0.01ms !important;","Eliminar !important y usar @layer primeng-brand o tokens CSS"
"src/styles/styles.scss",186,"important","critical","animation-iteration-count: 1 !important;","Eliminar !important y usar @layer primeng-brand o tokens CSS"
"src/styles/styles.scss",187,"important","critical","transition-duration: 0.01ms !important;","Eliminar !important y usar @layer primeng-brand o tokens CSS"
"src/styles/styles.scss",188,"important","critical","scroll-behavior: auto !important;","Eliminar !important y usar @layer primeng-brand o tokens CSS"
"src/styles/styles.scss",193,"important","critical","pointer-events: none !important;","Eliminar !important y usar @layer primeng-brand o tokens CSS"
"src/styles/styles.scss",194,"important","critical","opacity: 0.7 !important;","Eliminar !important y usar @layer primeng-brand o tokens CSS"
"src/styles/styles.scss",195,"important","critical","cursor: wait !important;","Eliminar !important y usar @layer primeng-brand o tokens CSS"
"src/styles/styles.scss",203,"important","critical","color: transparent !important;","Eliminar !important y usar @layer primeng-brand o tokens CSS"
"src/styles/web\_tables.scss",99,"important","critical",".tr--selected { background-color: var(--ds-bg-sunken) !important; }","Eliminar !important y usar @layer primeng-brand o tokens CSS"
"src/styles/web\_tables.scss",100,"important","critical",".tr--success  { background-color: color-mix(in srgb, var(--ds-success) 10%, transparent) !important; }","Eliminar !important y usar @layer primeng-brand o tokens CSS"
"src/styles/web\_tables.scss",101,"important","critical",".tr--warning  { background-color: color-mix(in srgb, var(--ds-warning) 10%, transparent) !important; }","Eliminar !important y usar @layer primeng-brand o tokens CSS"
"src/styles/web\_tables.scss",102,"important","critical",".tr--danger   { background-color: color-mix(in srgb, var(--ds-danger) 10%, transparent) !important; }","Eliminar !important y usar @layer primeng-brand o tokens CSS"
"src/styles/web\_prime-tag.scss",17,"important","critical","color: var(--ds-accent-text-success) !important;","Eliminar !important y usar @layer primeng-brand o tokens CSS"
"src/styles/web\_prime-tag.scss",20,"important","critical","color: var(--ds-accent-text-warning) !important;","Eliminar !important y usar @layer primeng-brand o tokens CSS"
"src/styles/web\_prime-tag.scss",23,"important","critical","color: var(--ds-accent-text-danger) !important;","Eliminar !important y usar @layer primeng-brand o tokens CSS"
"src/styles/web\_prime-tag.scss",26,"important","critical","color: var(--ds-accent-text-info) !important;","Eliminar !important y usar @layer primeng-brand o tokens CSS"
"src/styles/web\_prime-message.scss",20,"important","critical","background-color: var(--ds-success-light) !important;","Eliminar !important y usar @layer primeng-brand o tokens CSS"
"src/styles/web\_prime-message.scss",21,"important","critical","border-left-color: var(--ds-accent-text-success) !important;","Eliminar !important y usar @layer primeng-brand o tokens CSS"
"src/styles/web\_prime-message.scss",22,"important","critical","color: var(--ds-accent-text-success) !important;","Eliminar !important y usar @layer primeng-brand o tokens CSS"
"src/styles/web\_prime-message.scss",26,"important","critical","background-color: var(--ds-info-light) !important;","Eliminar !important y usar @layer primeng-brand o tokens CSS"
"src/styles/web\_prime-message.scss",27,"important","critical","border-left-color: var(--ds-accent-text-info) !important;","Eliminar !important y usar @layer primeng-brand o tokens CSS"
"src/styles/web\_prime-message.scss",28,"important","critical","color: var(--ds-accent-text-info) !important;","Eliminar !important y usar @layer primeng-brand o tokens CSS"
"src/styles/web\_prime-message.scss",32,"important","critical","background-color: var(--ds-warning-light) !important;","Eliminar !important y usar @layer primeng-brand o tokens CSS"
"src/styles/web\_prime-message.scss",33,"important","critical","border-left-color: var(--ds-accent-text-warning) !important;","Eliminar !important y usar @layer primeng-brand o tokens CSS"
"src/styles/web\_prime-message.scss",34,"important","critical","color: var(--ds-accent-text-warning) !important;","Eliminar !important y usar @layer primeng-brand o tokens CSS"
"src/styles/web\_prime-message.scss",38,"important","critical","background-color: var(--ds-danger-light) !important;","Eliminar !important y usar @layer primeng-brand o tokens CSS"
"src/styles/web\_prime-message.scss",39,"important","critical","border-left-color: var(--ds-accent-text-danger) !important;","Eliminar !important y usar @layer primeng-brand o tokens CSS"
"src/styles/web\_prime-message.scss",40,"important","critical","color: var(--ds-accent-text-danger) !important;","Eliminar !important y usar @layer primeng-brand o tokens CSS"
"src/styles/web\_prime-message.scss",44,"important","critical","background-color: var(--ds-bg-sunken) !important;","Eliminar !important y usar @layer primeng-brand o tokens CSS"
"src/styles/web\_prime-message.scss",45,"important","critical","border-left-color: var(--ds-text-secondary) !important;","Eliminar !important y usar @layer primeng-brand o tokens CSS"
"src/styles/web\_prime-message.scss",49,"important","critical","border-left-color: var(--ds-text-primary) !important;","Eliminar !important y usar @layer primeng-brand o tokens CSS"
"src/styles/web\_prime-dropdown.scss",69,"important","critical","// !important: PrimeNG 21 inyecta en runtime `.p-component.p-select-overlay`","Eliminar !important y usar @layer primeng-brand o tokens CSS"
"src/styles/web\_prime-dropdown.scss",76,"important","critical","background: var(--ds-bg-surface) !important;","Eliminar !important y usar @layer primeng-brand o tokens CSS"
"src/styles/web\_prime-dropdown.scss",82,"important","critical","// color !important: PrimeNG 21 inyecta texto claro (para su panel oscuro);","Eliminar !important y usar @layer primeng-brand o tokens CSS"
"src/styles/web\_prime-dropdown.scss",89,"important","critical","color: var(--ds-text-primary) !important;","Eliminar !important y usar @layer primeng-brand o tokens CSS"
"src/styles/web\_prime-dropdown.scss",96,"important","critical","background: transparent !important;","Eliminar !important y usar @layer primeng-brand o tokens CSS"
"src/styles/web\_prime-button.scss",8,"important","critical","// 3. NUNCA !important ni ::ng-deep en estilos globales.","Eliminar !important y usar @layer primeng-brand o tokens CSS"
"src/styles/web\_prime-button.scss",8,"ng-deep","high","// 3. NUNCA !important ni ::ng-deep en estilos globales.","Usar CSS variables (--p-*) o @layer primeng-brand"
"src/styles/web\_prime-button.scss",54,"shadow-legacy","medium","box-shadow: var(--ds-shadow-1);","Usar shadow-sm, shadow, shadow-md, shadow-lg de Tailwind"
"src/styles/web\_buttons.scss",81,"shadow-legacy","medium","box-shadow: var(--ds-shadow-1);","Usar shadow-sm, shadow, shadow-md, shadow-lg de Tailwind"
"src/styles/shared\_toast.scss",11,"important","critical","border-width: 0 0 0 8px !important; /* Borde lateral más grueso */","Eliminar !important y usar @layer primeng-brand o tokens CSS"
"src/styles/shared\_toast.scss",12,"important","critical","box-shadow: var(--ds-shadow-lg) !important;","Eliminar !important y usar @layer primeng-brand o tokens CSS"
"src/styles/shared\_toast.scss",13,"important","critical","opacity: 1 !important;","Eliminar !important y usar @layer primeng-brand o tokens CSS"
"src/styles/shared\_toast.scss",16,"important","critical","sans-serif !important;","Eliminar !important y usar @layer primeng-brand o tokens CSS"
"src/styles/shared\_toast.scss",19,"important","critical","padding: 1.25rem !important;","Eliminar !important y usar @layer primeng-brand o tokens CSS"
"src/styles/shared\_toast.scss",24,"important","critical","font-size: 1.8rem !important;","Eliminar !important y usar @layer primeng-brand o tokens CSS"
"src/styles/shared\_toast.scss",25,"important","critical","margin-right: 1rem !important;","Eliminar !important y usar @layer primeng-brand o tokens CSS"
"src/styles/shared\_toast.scss",26,"important","critical","font-weight: bold !important;","Eliminar !important y usar @layer primeng-brand o tokens CSS"
"src/styles/shared\_toast.scss",30,"important","critical","font-weight: 800 !important;","Eliminar !important y usar @layer primeng-brand o tokens CSS"
"src/styles/shared\_toast.scss",31,"important","critical","font-size: 1.1rem !important;","Eliminar !important y usar @layer primeng-brand o tokens CSS"
"src/styles/shared\_toast.scss",32,"important","critical","margin-bottom: 0.25rem !important;","Eliminar !important y usar @layer primeng-brand o tokens CSS"
"src/styles/shared\_toast.scss",36,"important","critical","margin-top: 0.25rem !important;","Eliminar !important y usar @layer primeng-brand o tokens CSS"
"src/styles/shared\_toast.scss",37,"important","critical","font-size: 0.95rem !important;","Eliminar !important y usar @layer primeng-brand o tokens CSS"
"src/styles/shared\_toast.scss",38,"important","critical","line-height: 1.4 !important;","Eliminar !important y usar @layer primeng-brand o tokens CSS"
"src/styles/shared\_toast.scss",39,"important","critical","font-weight: 500 !important;","Eliminar !important y usar @layer primeng-brand o tokens CSS"
"src/styles/shared\_toast.scss",45,"important","critical","background: var(--ds-success-light) !important;","Eliminar !important y usar @layer primeng-brand o tokens CSS"
"src/styles/shared\_toast.scss",46,"important","critical","border-left-color: var(--ds-success) !important;","Eliminar !important y usar @layer primeng-brand o tokens CSS"
"src/styles/shared\_toast.scss",47,"important","critical","color: var(--ds-text-primary) !important;","Eliminar !important y usar @layer primeng-brand o tokens CSS"
"src/styles/shared\_toast.scss",50,"important","critical","color: var(--ds-success) !important;","Eliminar !important y usar @layer primeng-brand o tokens CSS"
"src/styles/shared\_toast.scss",56,"important","critical","background: var(--ds-danger-light) !important;","Eliminar !important y usar @layer primeng-brand o tokens CSS"
"src/styles/shared\_toast.scss",57,"important","critical","border-left-color: var(--ds-danger) !important;","Eliminar !important y usar @layer primeng-brand o tokens CSS"
"src/styles/shared\_toast.scss",58,"important","critical","color: var(--ds-text-primary) !important;","Eliminar !important y usar @layer primeng-brand o tokens CSS"
"src/styles/shared\_toast.scss",61,"important","critical","color: var(--ds-danger) !important;","Eliminar !important y usar @layer primeng-brand o tokens CSS"
"src/styles/shared\_toast.scss",67,"important","critical","background: var(--ds-info-light) !important;","Eliminar !important y usar @layer primeng-brand o tokens CSS"
"src/styles/shared\_toast.scss",68,"important","critical","border-left-color: var(--ds-info) !important;","Eliminar !important y usar @layer primeng-brand o tokens CSS"
"src/styles/shared\_toast.scss",69,"important","critical","color: var(--ds-text-primary) !important;","Eliminar !important y usar @layer primeng-brand o tokens CSS"
"src/styles/shared\_toast.scss",72,"important","critical","color: var(--ds-info) !important;","Eliminar !important y usar @layer primeng-brand o tokens CSS"
"src/styles/shared\_toast.scss",78,"important","critical","background: var(--ds-warning-light) !important;","Eliminar !important y usar @layer primeng-brand o tokens CSS"
"src/styles/shared\_toast.scss",79,"important","critical","border-left-color: var(--ds-warning) !important;","Eliminar !important y usar @layer primeng-brand o tokens CSS"
"src/styles/shared\_toast.scss",80,"important","critical","color: var(--ds-text-primary) !important;","Eliminar !important y usar @layer primeng-brand o tokens CSS"
"src/styles/shared\_toast.scss",83,"important","critical","color: var(--ds-warning) !important;","Eliminar !important y usar @layer primeng-brand o tokens CSS"
"src/styles/shared\_toast.scss",114,"important","critical","--ion-color-base: var(--ds-success) !important;","Eliminar !important y usar @layer primeng-brand o tokens CSS"
"src/styles/shared\_toast.scss",115,"important","critical","--ion-color-contrast: var(--ds-primary-text) !important;","Eliminar !important y usar @layer primeng-brand o tokens CSS"
"src/styles/shared\_toast.scss",116,"important","critical","--background: var(--ds-success) !important;","Eliminar !important y usar @layer primeng-brand o tokens CSS"
"src/styles/shared\_toast.scss",117,"important","critical","--color: var(--ds-primary-text) !important;","Eliminar !important y usar @layer primeng-brand o tokens CSS"
"src/styles/shared\_toast.scss",118,"important","critical","--button-color: var(--ds-primary-text) !important;","Eliminar !important y usar @layer primeng-brand o tokens CSS"
"src/styles/shared\_toast.scss",123,"important","critical","--ion-color-base: var(--ds-danger) !important;","Eliminar !important y usar @layer primeng-brand o tokens CSS"
"src/styles/shared\_toast.scss",124,"important","critical","--ion-color-contrast: var(--ds-primary-text) !important;","Eliminar !important y usar @layer primeng-brand o tokens CSS"
"src/styles/shared\_toast.scss",125,"important","critical","--background: var(--ds-danger) !important;","Eliminar !important y usar @layer primeng-brand o tokens CSS"
"src/styles/shared\_toast.scss",126,"important","critical","--color: var(--ds-primary-text) !important;","Eliminar !important y usar @layer primeng-brand o tokens CSS"
"src/styles/shared\_toast.scss",127,"important","critical","--button-color: var(--ds-primary-text) !important;","Eliminar !important y usar @layer primeng-brand o tokens CSS"
"src/styles/shared\_toast.scss",132,"important","critical","--ion-color-base: var(--ds-warning) !important;","Eliminar !important y usar @layer primeng-brand o tokens CSS"
"src/styles/shared\_toast.scss",133,"important","critical","--ion-color-contrast: var(--ds-primary-text) !important;","Eliminar !important y usar @layer primeng-brand o tokens CSS"
"src/styles/shared\_toast.scss",134,"important","critical","--background: var(--ds-warning) !important;","Eliminar !important y usar @layer primeng-brand o tokens CSS"
"src/styles/shared\_toast.scss",135,"important","critical","--color: var(--ds-primary-text) !important;","Eliminar !important y usar @layer primeng-brand o tokens CSS"
"src/styles/shared\_toast.scss",136,"important","critical","--button-color: var(--ds-primary-text) !important;","Eliminar !important y usar @layer primeng-brand o tokens CSS"
"src/styles/shared\_toast.scss",142,"important","critical","--ion-color-base: var(--ds-primary) !important;","Eliminar !important y usar @layer primeng-brand o tokens CSS"
"src/styles/shared\_toast.scss",143,"important","critical","--ion-color-contrast: var(--ds-primary-text) !important;","Eliminar !important y usar @layer primeng-brand o tokens CSS"
"src/styles/shared\_toast.scss",144,"important","critical","--background: var(--ds-primary) !important;","Eliminar !important y usar @layer primeng-brand o tokens CSS"
"src/styles/shared\_toast.scss",145,"important","critical","--color: var(--ds-primary-text) !important;","Eliminar !important y usar @layer primeng-brand o tokens CSS"
"src/styles/shared\_toast.scss",146,"important","critical","--button-color: var(--ds-primary-text) !important;","Eliminar !important y usar @layer primeng-brand o tokens CSS"
"src/styles/shared\_sidebar.scss",14,"important","critical","border: none !important;","Eliminar !important y usar @layer primeng-brand o tokens CSS"
"src/styles/shared\_sidebar.scss",15,"important","critical","background: transparent !important;","Eliminar !important y usar @layer primeng-brand o tokens CSS"
"src/styles/shared\_sidebar.scss",16,"important","critical","box-shadow: none !important;","Eliminar !important y usar @layer primeng-brand o tokens CSS"
"src/styles/shared\_sidebar.scss",20,"important","critical","border-radius: 0 !important;","Eliminar !important y usar @layer primeng-brand o tokens CSS"
"src/styles/shared\_sidebar.scss",23,"important","critical","background-color: var(--ds-bg-sunken) !important;","Eliminar !important y usar @layer primeng-brand o tokens CSS"
"src/styles/shared\_sidebar.scss",30,"important","critical","background-color: var(--ds-primary-light) !important;","Eliminar !important y usar @layer primeng-brand o tokens CSS"
"src/styles/shared\_sidebar.scss",32,"important","critical","color: var(--ds-primary) !important;","Eliminar !important y usar @layer primeng-brand o tokens CSS"
"src/styles/shared\_sidebar.scss",33,"important","critical","font-weight: 600 !important;","Eliminar !important y usar @layer primeng-brand o tokens CSS"
"src/styles/shared\_sidebar.scss",35,"important","critical","color: var(--ds-primary) !important;","Eliminar !important y usar @layer primeng-brand o tokens CSS"
"src/styles/shared\_sidebar.scss",43,"important","critical","padding: 0.75rem 1rem !important;","Eliminar !important y usar @layer primeng-brand o tokens CSS"
"src/styles/shared\_sidebar.scss",50,"important","critical","margin-right: 0.75rem !important;","Eliminar !important y usar @layer primeng-brand o tokens CSS"
"src/styles/shared\_sidebar.scss",55,"important","critical","margin-left: auto !important;","Eliminar !important y usar @layer primeng-brand o tokens CSS"
"src/styles/shared\_sidebar.scss",61,"important","critical","background: transparent !important;","Eliminar !important y usar @layer primeng-brand o tokens CSS"
"src/styles/shared\_sidebar.scss",62,"important","critical","padding-left: 0 !important;","Eliminar !important y usar @layer primeng-brand o tokens CSS"
"src/styles/shared\_sidebar.scss",66,"important","critical","padding: 0.6rem 1rem 0.6rem 2.5rem !important; /* Indented */","Eliminar !important y usar @layer primeng-brand o tokens CSS"
"src/styles/shared\_sidebar.scss",70,"important","critical","background-color: var(--ds-bg-sunken) !important;","Eliminar !important y usar @layer primeng-brand o tokens CSS"
"src/styles/shared\_sidebar.scss",74,"important","critical","color: var(--ds-primary) !important;","Eliminar !important y usar @layer primeng-brand o tokens CSS"
"src/styles/shared\_sidebar.scss",75,"important","critical","background-color: var(--ds-primary-light) !important;","Eliminar !important y usar @layer primeng-brand o tokens CSS"
"src/styles/shared\_sidebar.scss",76,"important","critical","border-left: 3px solid var(--ds-primary) !important;","Eliminar !important y usar @layer primeng-brand o tokens CSS"
"src/styles/shared\_sidebar.scss",79,"important","critical","color: var(--ds-primary) !important;","Eliminar !important y usar @layer primeng-brand o tokens CSS"
"src/styles/shared\_sidebar.scss",88,"important","critical","background-color: var(--ds-bg-sunken) !important;","Eliminar !important y usar @layer primeng-brand o tokens CSS"
"src/styles/shared\_sidebar.scss",91,"important","critical","background-color: var(--ds-bg-elevated) !important;","Eliminar !important y usar @layer primeng-brand o tokens CSS"
"src/styles/shared\_sidebar.scss",92,"important","critical","color: var(--ds-text-primary) !important;","Eliminar !important y usar @layer primeng-brand o tokens CSS"
"src/styles/shared\_sidebar.scss",95,"important","critical","color: var(--ds-primary) !important;","Eliminar !important y usar @layer primeng-brand o tokens CSS"
"src/styles/shared\_sidebar.scss",104,"important","critical","display: flex !important;","Eliminar !important y usar @layer primeng-brand o tokens CSS"
"src/styles/shared\_sidebar.scss",105,"important","critical","flex-direction: column !important;","Eliminar !important y usar @layer primeng-brand o tokens CSS"
"src/styles/shared\_sidebar.scss",106,"important","critical","height: 100% !important;","Eliminar !important y usar @layer primeng-brand o tokens CSS"
"src/styles/shared\_sidebar.scss",107,"important","critical","overflow: hidden !important;","Eliminar !important y usar @layer primeng-brand o tokens CSS"
"src/styles/shared\_sidebar.scss",108,"important","critical","background: var(--sidebar-bg, #ffffff) !important;","Eliminar !important y usar @layer primeng-brand o tokens CSS"
"src/styles/shared\_sidebar.scss",109,"important","critical","color: var(--ds-text-primary) !important;","Eliminar !important y usar @layer primeng-brand o tokens CSS"
"src/styles/shared\_sidebar.scss",110,"important","critical","border-color: var(--ds-border) !important;","Eliminar !important y usar @layer primeng-brand o tokens CSS"
"src/styles/shared\_sidebar.scss",111,"important","critical","border-right: 1px solid var(--ds-border) !important;","Eliminar !important y usar @layer primeng-brand o tokens CSS"
"src/styles/shared\_sidebar.scss",115,"important","critical","flex-shrink: 0 !important;","Eliminar !important y usar @layer primeng-brand o tokens CSS"
"src/styles/shared\_sidebar.scss",116,"important","critical","z-index: 50 !important;","Eliminar !important y usar @layer primeng-brand o tokens CSS"
"src/styles/shared\_sidebar.scss",140,"important","critical","flex-shrink: 0 !important;","Eliminar !important y usar @layer primeng-brand o tokens CSS"
"src/styles/shared\_sidebar.scss",141,"important","critical","z-index: 50 !important;","Eliminar !important y usar @layer primeng-brand o tokens CSS"
"src/styles/shared\_sidebar.scss",142,"important","critical","position: relative !important;","Eliminar !important y usar @layer primeng-brand o tokens CSS"
"src/styles/shared\_sidebar.scss",190,"important","critical","flex: 1 1 auto !important;","Eliminar !important y usar @layer primeng-brand o tokens CSS"
"src/styles/shared\_sidebar.scss",191,"important","critical","overflow-y: auto !important;","Eliminar !important y usar @layer primeng-brand o tokens CSS"
"src/styles/shared\_sidebar.scss",192,"important","critical","overflow-x: hidden !important;","Eliminar !important y usar @layer primeng-brand o tokens CSS"
"src/styles/shared\_sidebar.scss",193,"important","critical","min-height: 0 !important;","Eliminar !important y usar @layer primeng-brand o tokens CSS"
"src/styles/shared\_sidebar.scss",213,"important","critical","white-space: nowrap !important;","Eliminar !important y usar @layer primeng-brand o tokens CSS"
"src/styles/shared\_sidebar.scss",214,"important","critical","overflow: hidden !important;","Eliminar !important y usar @layer primeng-brand o tokens CSS"
"src/styles/shared\_sidebar.scss",215,"important","critical","text-overflow: ellipsis !important;","Eliminar !important y usar @layer primeng-brand o tokens CSS"
"src/styles/shared\_sidebar.scss",216,"important","critical","display: block !important;","Eliminar !important y usar @layer primeng-brand o tokens CSS"
"src/styles/shared\_sidebar.scss",217,"important","critical","max-width: 100% !important;","Eliminar !important y usar @layer primeng-brand o tokens CSS"
"src/styles/shared\_sidebar.scss",223,"important","critical","display: none !important;","Eliminar !important y usar @layer primeng-brand o tokens CSS"
"src/styles/shared\_sidebar.scss",251,"important","critical","display: flex !important;","Eliminar !important y usar @layer primeng-brand o tokens CSS"
"src/styles/shared\_sidebar.scss",252,"important","critical","flex-direction: column !important;","Eliminar !important y usar @layer primeng-brand o tokens CSS"
"src/styles/shared\_sidebar.scss",253,"important","critical","list-style: none !important;","Eliminar !important y usar @layer primeng-brand o tokens CSS"
"src/styles/shared\_sidebar.scss",254,"important","critical","margin: 0 !important;","Eliminar !important y usar @layer primeng-brand o tokens CSS"
"src/styles/shared\_sidebar.scss",255,"important","critical","padding: 0 !important;","Eliminar !important y usar @layer primeng-brand o tokens CSS"
"src/styles/shared\_sidebar.scss",256,"important","critical","width: 100% !important;","Eliminar !important y usar @layer primeng-brand o tokens CSS"
"src/styles/shared\_sidebar.scss",260,"important","critical","display: flex !important;","Eliminar !important y usar @layer primeng-brand o tokens CSS"
"src/styles/shared\_sidebar.scss",261,"important","critical","flex-direction: column !important;","Eliminar !important y usar @layer primeng-brand o tokens CSS"
"src/styles/shared\_sidebar.scss",262,"important","critical","list-style: none !important;","Eliminar !important y usar @layer primeng-brand o tokens CSS"
"src/styles/shared\_sidebar.scss",263,"important","critical","margin: 0 !important;","Eliminar !important y usar @layer primeng-brand o tokens CSS"
"src/styles/shared\_sidebar.scss",264,"important","critical","padding: 0 0 0 1.5rem !important; /* Identación de submenús */","Eliminar !important y usar @layer primeng-brand o tokens CSS"
"src/styles/shared\_sidebar.scss",265,"important","critical","width: 100% !important;","Eliminar !important y usar @layer primeng-brand o tokens CSS"
"src/styles/shared\_sidebar.scss",269,"important","critical","display: block !important;","Eliminar !important y usar @layer primeng-brand o tokens CSS"
"src/styles/shared\_sidebar.scss",270,"important","critical","width: 100% !important;","Eliminar !important y usar @layer primeng-brand o tokens CSS"
"src/styles/shared\_sidebar.scss",271,"important","critical","margin-bottom: 0.25rem !important;","Eliminar !important y usar @layer primeng-brand o tokens CSS"
"src/styles/shared\_sidebar.scss",275,"important","critical","display: flex !important;","Eliminar !important y usar @layer primeng-brand o tokens CSS"
"src/styles/shared\_sidebar.scss",276,"important","critical","align-items: center !important;","Eliminar !important y usar @layer primeng-brand o tokens CSS"
"src/styles/shared\_sidebar.scss",277,"important","critical","padding: 0.6rem 1rem !important;","Eliminar !important y usar @layer primeng-brand o tokens CSS"
"src/styles/shared\_sidebar.scss",278,"important","critical","color: var(--ds-text-primary) !important;","Eliminar !important y usar @layer primeng-brand o tokens CSS"
"src/styles/shared\_sidebar.scss",279,"important","critical","border-radius: 2px !important;","Eliminar !important y usar @layer primeng-brand o tokens CSS"
"src/styles/shared\_sidebar.scss",280,"important","critical","border-left: 3px solid transparent !important;","Eliminar !important y usar @layer primeng-brand o tokens CSS"
"src/styles/shared\_sidebar.scss",281,"important","critical","transition: all 0.2s ease-in-out !important;","Eliminar !important y usar @layer primeng-brand o tokens CSS"
"src/styles/shared\_sidebar.scss",282,"important","critical","text-decoration: none !important;","Eliminar !important y usar @layer primeng-brand o tokens CSS"
"src/styles/shared\_sidebar.scss",283,"important","critical","font-size: 0.875rem !important;","Eliminar !important y usar @layer primeng-brand o tokens CSS"
"src/styles/shared\_sidebar.scss",284,"important","critical","font-weight: 400 !important;","Eliminar !important y usar @layer primeng-brand o tokens CSS"
"src/styles/shared\_sidebar.scss",285,"important","critical","width: 100% !important;","Eliminar !important y usar @layer primeng-brand o tokens CSS"
"src/styles/shared\_sidebar.scss",288,"important","critical","background-color: var(--ds-bg-sunken) !important;","Eliminar !important y usar @layer primeng-brand o tokens CSS"
"src/styles/shared\_sidebar.scss",289,"important","critical","color: var(--ds-primary) !important;","Eliminar !important y usar @layer primeng-brand o tokens CSS"
"src/styles/shared\_sidebar.scss",295,"important","critical","background-color: var(--ds-primary-light) !important;","Eliminar !important y usar @layer primeng-brand o tokens CSS"
"src/styles/shared\_sidebar.scss",296,"important","critical","color: var(--ds-primary) !important;","Eliminar !important y usar @layer primeng-brand o tokens CSS"
"src/styles/shared\_sidebar.scss",297,"important","critical","border-left-color: var(--ds-primary) !important;","Eliminar !important y usar @layer primeng-brand o tokens CSS"
"src/styles/shared\_sidebar.scss",298,"important","critical","font-weight: 600 !important;","Eliminar !important y usar @layer primeng-brand o tokens CSS"
"src/styles/shared\_sidebar.scss",301,"important","critical","color: var(--ds-primary) !important;","Eliminar !important y usar @layer primeng-brand o tokens CSS"
"src/styles/shared\_sidebar.scss",306,"important","critical","color: var(--ds-text-secondary) !important;","Eliminar !important y usar @layer primeng-brand o tokens CSS"
"src/styles/shared\_sidebar.scss",314,"important","critical","font-size: 0.875rem !important;","Eliminar !important y usar @layer primeng-brand o tokens CSS"
"src/styles/shared\_sidebar.scss",315,"important","critical","padding: 0.5rem 1rem !important;","Eliminar !important y usar @layer primeng-brand o tokens CSS"
"src/styles/shared\_sidebar.scss",321,"important","critical","display: flex !important;","Eliminar !important y usar @layer primeng-brand o tokens CSS"
"src/styles/shared\_sidebar.scss",322,"important","critical","align-items: center !important;","Eliminar !important y usar @layer primeng-brand o tokens CSS"
"src/styles/shared\_sidebar.scss",323,"important","critical","justify-content: space-between !important;","Eliminar !important y usar @layer primeng-brand o tokens CSS"
"src/styles/shared\_sidebar.scss",324,"important","critical","padding: 0.6rem 1rem !important;","Eliminar !important y usar @layer primeng-brand o tokens CSS"
"src/styles/shared\_sidebar.scss",325,"important","critical","width: 100% !important;","Eliminar !important y usar @layer primeng-brand o tokens CSS"
"src/styles/shared\_sidebar.scss",326,"important","critical","cursor: pointer !important;","Eliminar !important y usar @layer primeng-brand o tokens CSS"
"src/styles/shared\_sidebar.scss",327,"important","critical","color: var(--ds-text-primary) !important;","Eliminar !important y usar @layer primeng-brand o tokens CSS"
"src/styles/shared\_sidebar.scss",328,"important","critical","font-size: 0.875rem !important;","Eliminar !important y usar @layer primeng-brand o tokens CSS"
"src/styles/shared\_sidebar.scss",329,"important","critical","font-weight: 500 !important;","Eliminar !important y usar @layer primeng-brand o tokens CSS"
"src/styles/shared\_sidebar.scss",330,"important","critical","border-radius: 2px !important;","Eliminar !important y usar @layer primeng-brand o tokens CSS"
"src/styles/shared\_sidebar.scss",331,"important","critical","transition: background-color 0.2s !important;","Eliminar !important y usar @layer primeng-brand o tokens CSS"
"src/styles/shared\_sidebar.scss",334,"important","critical","background-color: var(--ds-bg-sunken) !important;","Eliminar !important y usar @layer primeng-brand o tokens CSS"
"src/styles/shared\_sidebar.scss",335,"important","critical","color: var(--ds-primary) !important;","Eliminar !important y usar @layer primeng-brand o tokens CSS"
"src/styles/shared\_sidebar.scss",339,"important","critical","color: var(--ds-primary) !important;","Eliminar !important y usar @layer primeng-brand o tokens CSS"
"src/styles/shared\_sidebar.scss",340,"important","critical","font-weight: 600 !important;","Eliminar !important y usar @layer primeng-brand o tokens CSS"
"src/styles/shared\_sidebar.scss",344,"important","critical","color: var(--ds-text-secondary) !important;","Eliminar !important y usar @layer primeng-brand o tokens CSS"
"src/styles/shared\_sidebar.scss",359,"important","critical","border-radius: 0 !important;","Eliminar !important y usar @layer primeng-brand o tokens CSS"
"src/styles/shared\_sidebar.scss",361,"important","critical","border: none !important;","Eliminar !important y usar @layer primeng-brand o tokens CSS"
"src/styles/shared\_sidebar.scss",362,"important","critical","border-bottom: 1px solid var(--ds-border) !important;","Eliminar !important y usar @layer primeng-brand o tokens CSS"
"src/styles/shared\_sidebar.scss",373,"important","critical","color: var(--ds-text-primary) !important;","Eliminar !important y usar @layer primeng-brand o tokens CSS"
"src/styles/shared\_sidebar.scss",379,"important","critical","color: var(--ds-text-primary) !important;","Eliminar !important y usar @layer primeng-brand o tokens CSS"
"src/styles/shared\_sidebar.scss",382,"important","critical","color: var(--ds-primary) !important;","Eliminar !important y usar @layer primeng-brand o tokens CSS"
"src/styles/shared\_sidebar.scss",383,"important","critical","background: var(--ds-bg-sunken) !important;","Eliminar !important y usar @layer primeng-brand o tokens CSS"
"src/styles/shared\_sidebar.scss",527,"important","critical","margin: 0 !important;","Eliminar !important y usar @layer primeng-brand o tokens CSS"
"src/styles/shared\_sidebar.scss",532,"important","critical","background: var(--ds-bg-surface, #ffffff) !important;","Eliminar !important y usar @layer primeng-brand o tokens CSS"
"src/styles/shared\_sidebar.scss",536,"important","critical","background: var(--ds-bg-overlay) !important;","Eliminar !important y usar @layer primeng-brand o tokens CSS"
"src/styles/shared\_sidebar.scss",541,"important","critical","background: rgba(var(--ds-bg-auth-panel-rgb), 0.95) !important;","Eliminar !important y usar @layer primeng-brand o tokens CSS"
"src/styles/shared\_sidebar.scss",544,"important","critical","border: 1px solid var(--ds-surface-dark-active) !important;","Eliminar !important y usar @layer primeng-brand o tokens CSS"
"src/styles/shared\_sidebar.scss",547,"important","critical","color: var(--ds-on-dark-label) !important;","Eliminar !important y usar @layer primeng-brand o tokens CSS"
"src/styles/shared\_sidebar.scss",550,"important","critical","background: var(--ds-surface-dark-hover) !important;","Eliminar !important y usar @layer primeng-brand o tokens CSS"
"src/styles/shared\_sidebar.scss",554,"important","critical","background: var(--ds-surface-dark-active) !important;","Eliminar !important y usar @layer primeng-brand o tokens CSS"
"src/styles/shared\_sidebar.scss",555,"important","critical","color: var(--ds-on-dark) !important;","Eliminar !important y usar @layer primeng-brand o tokens CSS"
"src/styles/shared\_sidebar.scss",575,"important","critical","box-shadow: none !important;","Eliminar !important y usar @layer primeng-brand o tokens CSS"
"src/styles/shared\_sidebar.scss",578,"important","critical","background-color: transparent !important;","Eliminar !important y usar @layer primeng-brand o tokens CSS"
"src/styles/shared\_auth.scss",14,"important","critical","background: transparent !important;","Eliminar !important y usar @layer primeng-brand o tokens CSS"
"src/styles/shared\_auth.scss",15,"important","critical","border: none !important;","Eliminar !important y usar @layer primeng-brand o tokens CSS"
"src/styles/shared\_auth.scss",16,"important","critical","box-shadow: none !important;","Eliminar !important y usar @layer primeng-brand o tokens CSS"
"src/styles/shared\_auth.scss",17,"important","critical","border-radius: 0 !important;","Eliminar !important y usar @layer primeng-brand o tokens CSS"
"src/styles/shared\_auth.scss",22,"important","critical","background: var(--ds-surface-glass) !important;","Eliminar !important y usar @layer primeng-brand o tokens CSS"
"src/styles/shared\_auth.scss",25,"important","critical","border: 1px solid var(--ds-border-on-dark) !important;","Eliminar !important y usar @layer primeng-brand o tokens CSS"
"src/styles/shared\_auth.scss",26,"important","critical","box-shadow: 0 16px 40px 0 rgba(0, 0, 0, 0.5) !important;","Eliminar !important y usar @layer primeng-brand o tokens CSS"
"src/styles/shared\_auth.scss",27,"important","critical","border-radius: 1rem !important;","Eliminar !important y usar @layer primeng-brand o tokens CSS"
"src/styles/shared\_auth.scss",34,"important","critical","color: var(--ds-on-dark-default) !important;","Eliminar !important y usar @layer primeng-brand o tokens CSS"
"src/styles/shared\_auth.scss",38,"important","critical","color: var(--ds-on-dark-soft) !important;","Eliminar !important y usar @layer primeng-brand o tokens CSS"
"src/styles/shared\_auth.scss",42,"important","critical","color: var(--ds-on-dark) !important;","Eliminar !important y usar @layer primeng-brand o tokens CSS"
"src/styles/shared\_auth.scss",47,"important","critical","color: var(--ds-on-dark-label) !important;","Eliminar !important y usar @layer primeng-brand o tokens CSS"
"src/styles/shared\_auth.scss",53,"important","critical","color: var(--ds-text-primary) !important;","Eliminar !important y usar @layer primeng-brand o tokens CSS"
"src/styles/shared\_auth.scss",68,"important","critical","color: var(--ds-on-dark-default) !important;","Eliminar !important y usar @layer primeng-brand o tokens CSS"
"src/styles/shared\_auth.scss",75,"important","critical","background: var(--ds-border-on-dark) !important;","Eliminar !important y usar @layer primeng-brand o tokens CSS"
"src/styles/shared\_auth.scss",76,"important","critical","border-color: var(--ds-border-on-dark-strong) !important;","Eliminar !important y usar @layer primeng-brand o tokens CSS"
"src/styles/shared\_auth.scss",77,"important","critical","color: var(--ds-on-dark) !important;","Eliminar !important y usar @layer primeng-brand o tokens CSS"
"src/styles/shared\_auth.scss",82,"important","critical","color: var(--ds-on-dark-subtle) !important;","Eliminar !important y usar @layer primeng-brand o tokens CSS"
"src/styles/shared\_auth.scss",87,"important","critical","color: var(--ds-on-dark-muted) !important;","Eliminar !important y usar @layer primeng-brand o tokens CSS"
"src/styles/shared\_auth.scss",88,"important","critical","background: transparent !important;","Eliminar !important y usar @layer primeng-brand o tokens CSS"
"src/styles/shared\_auth.scss",94,"important","critical","color: var(--ds-on-dark-strong) !important;","Eliminar !important y usar @layer primeng-brand o tokens CSS"
"src/styles/shared\_auth.scss",100,"important","critical","color: var(--ds-on-dark-muted) !important;","Eliminar !important y usar @layer primeng-brand o tokens CSS"
"src/styles/shared\_auth.scss",101,"important","critical","&:hover { color: var(--ds-on-dark) !important; }","Eliminar !important y usar @layer primeng-brand o tokens CSS"
"src/styles/shared\_auth.scss",107,"important","critical","color: var(--ds-on-dark-muted) !important;","Eliminar !important y usar @layer primeng-brand o tokens CSS"
"src/styles/shared\_auth.scss",111,"important","critical","background: var(--ds-surface-dark-emphasis) !important;","Eliminar !important y usar @layer primeng-brand o tokens CSS"
"src/styles/shared\_auth.scss",117,"important","critical","border-color: var(--ds-border-focus) !important;","Eliminar !important y usar @layer primeng-brand o tokens CSS"
"src/styles/theme\_variables.scss",769,"shadow-legacy","medium","--ds-shadow-1: 0 1px 2px rgba(0, 0, 0, 0.3);","Usar shadow-sm, shadow, shadow-md, shadow-lg de Tailwind"
"src/styles/theme\_variables.scss",770,"shadow-legacy","medium","--ds-shadow-2: 0 2px 8px rgba(0, 0, 0, 0.4);","Usar shadow-sm, shadow, shadow-md, shadow-lg de Tailwind"
"src/styles/theme\_variables.scss",771,"shadow-legacy","medium","--ds-shadow-3: 0 4px 16px rgba(0, 0, 0, 0.45);","Usar shadow-sm, shadow, shadow-md, shadow-lg de Tailwind"
"src/styles/theme\_variables.scss",772,"shadow-legacy","medium","--ds-shadow-4: 0 8px 32px rgba(0, 0, 0, 0.55);","Usar shadow-sm, shadow, shadow-md, shadow-lg de Tailwind"
"src/styles/custom\_print.scss",138,"important","critical","background: var(--pr-paper) !important;","Eliminar !important y usar @layer primeng-brand o tokens CSS"
"src/styles/custom\_print.scss",139,"important","critical","color: var(--pr-ink-800) !important;","Eliminar !important y usar @layer primeng-brand o tokens CSS"
"src/styles/custom\_print.scss",608,"important","critical","display: block !important;","Eliminar !important y usar @layer primeng-brand o tokens CSS"
"src/styles/custom\_print.scss",609,"important","critical","visibility: visible !important;","Eliminar !important y usar @layer primeng-brand o tokens CSS"
"src/styles/custom\_print.scss",610,"important","critical","opacity: 1 !important;","Eliminar !important y usar @layer primeng-brand o tokens CSS"
"src/styles/custom\_print.scss",611,"important","critical","background: white !important;","Eliminar !important y usar @layer primeng-brand o tokens CSS"
"src/styles/custom\_print.scss",612,"important","critical","width: 100% !important;","Eliminar !important y usar @layer primeng-brand o tokens CSS"
"src/styles/custom\_print.scss",613,"important","critical","height: auto !important;","Eliminar !important y usar @layer primeng-brand o tokens CSS"
"src/styles/custom\_print.scss",614,"important","critical","margin: 0 !important;","Eliminar !important y usar @layer primeng-brand o tokens CSS"
"src/styles/custom\_print.scss",615,"important","critical","padding: 0 !important;","Eliminar !important y usar @layer primeng-brand o tokens CSS"
"src/styles/custom\_print.scss",621,"important","critical","visibility: visible !important;","Eliminar !important y usar @layer primeng-brand o tokens CSS"
"src/styles/custom\_print.scss",622,"important","critical","opacity: 1 !important;","Eliminar !important y usar @layer primeng-brand o tokens CSS"
"src/styles/custom\_list.scss",55,"important","critical","background-color: rgba(var(--primary-color-rgb), 0.1) !important;","Eliminar !important y usar @layer primeng-brand o tokens CSS"
"src/styles/custom\_list.scss",158,"important","critical","// 		box-shadow: unset !important;","Eliminar !important y usar @layer primeng-brand o tokens CSS"
"src/styles/custom\_list.scss",198,"important","critical","border-top: 0 !important;","Eliminar !important y usar @layer primeng-brand o tokens CSS"
"src/styles/custom\_list.scss",202,"important","critical","border-bottom: 0 !important;","Eliminar !important y usar @layer primeng-brand o tokens CSS"
"src/styles/custom\_financial-tables.scss",141,"important","critical","background-color: var(--rf-thead-dense-bg) !important;","Eliminar !important y usar @layer primeng-brand o tokens CSS"
"src/styles/custom\_financial-tables.scss",142,"important","critical","color: var(--rf-on-dark) !important;","Eliminar !important y usar @layer primeng-brand o tokens CSS"
"src/styles/custom\_financial-tables.scss",143,"important","critical","border-color: var(--rf-thead-dense-border) !important;","Eliminar !important y usar @layer primeng-brand o tokens CSS"
"src/styles/custom\_financial-tables.scss",158,"important","critical","color: var(--rf-on-dark) !important;","Eliminar !important y usar @layer primeng-brand o tokens CSS"
"src/styles/custom\_financial-tables.scss",162,"important","critical","background-color: var(--primary-600) !important;","Eliminar !important y usar @layer primeng-brand o tokens CSS"
"src/styles/custom\_financial-tables.scss",197,"important","critical","background-color: var(--rf-selected-bg) !important;","Eliminar !important y usar @layer primeng-brand o tokens CSS"
"src/styles/custom\_financial-tables.scss",198,"important","critical","color: var(--rf-on-dark) !important;","Eliminar !important y usar @layer primeng-brand o tokens CSS"
"src/styles/custom\_financial-tables.scss",202,"important","critical","background-color: var(--rf-deselected-bg) !important;","Eliminar !important y usar @layer primeng-brand o tokens CSS"
"src/styles/custom\_financial-tables.scss",203,"important","critical","color: var(--rf-deselected-ink) !important;","Eliminar !important y usar @layer primeng-brand o tokens CSS"
"src/styles/custom\_financial-tables.scss",247,"important","critical","background-color: var(--rf-col-dark) !important;","Eliminar !important y usar @layer primeng-brand o tokens CSS"
"src/styles/custom\_financial-tables.scss",248,"important","critical","color: var(--rf-on-dark) !important;","Eliminar !important y usar @layer primeng-brand o tokens CSS"
"src/styles/custom\_financial-tables.scss",252,"important","critical","background-color: var(--rf-selected-bg) !important;","Eliminar !important y usar @layer primeng-brand o tokens CSS"
"src/styles/custom\_financial-tables.scss",253,"important","critical","color: var(--rf-on-dark) !important;","Eliminar !important y usar @layer primeng-brand o tokens CSS"
"src/styles/custom\_financial-tables.scss",257,"important","critical","background-color: var(--rf-orange) !important;","Eliminar !important y usar @layer primeng-brand o tokens CSS"
"src/styles/custom\_financial-tables.scss",258,"important","critical","color: var(--rf-on-dark) !important;","Eliminar !important y usar @layer primeng-brand o tokens CSS"
"src/styles/custom\_financial-tables.scss",262,"important","critical","background-color: var(--rf-red) !important;","Eliminar !important y usar @layer primeng-brand o tokens CSS"
"src/styles/custom\_financial-tables.scss",263,"important","critical","color: var(--rf-on-dark) !important;","Eliminar !important y usar @layer primeng-brand o tokens CSS"
"src/styles/custom\_financial-tables.scss",267,"important","critical","background-color: var(--rf-blue-medium) !important;","Eliminar !important y usar @layer primeng-brand o tokens CSS"
"src/styles/custom\_financial-tables.scss",268,"important","critical","color: var(--rf-on-dark) !important;","Eliminar !important y usar @layer primeng-brand o tokens CSS"
"src/styles/custom\_financial-tables.scss",272,"important","critical","background-color: var(--rf-blue-dark) !important;","Eliminar !important y usar @layer primeng-brand o tokens CSS"
"src/styles/custom\_financial-tables.scss",273,"important","critical","color: var(--rf-on-dark) !important;","Eliminar !important y usar @layer primeng-brand o tokens CSS"
"src/styles/custom\_financial-tables.scss",279,"important","critical","background-color: var(--rf-section-bg) !important;","Eliminar !important y usar @layer primeng-brand o tokens CSS"
"src/styles/custom\_financial-tables.scss",280,"important","critical","color: var(--rf-on-dark) !important;","Eliminar !important y usar @layer primeng-brand o tokens CSS"
"src/styles/custom\_financial-tables.scss",284,"important","critical","background-color: var(--rf-green-soft) !important;","Eliminar !important y usar @layer primeng-brand o tokens CSS"
"src/styles/custom\_financial-tables.scss",285,"important","critical","border-top: 2px solid var(--rf-green) !important;","Eliminar !important y usar @layer primeng-brand o tokens CSS"
"src/styles/custom\_financial-tables.scss",290,"important","critical","background-color: var(--rf-navy) !important;","Eliminar !important y usar @layer primeng-brand o tokens CSS"
"src/styles/custom\_financial-tables.scss",291,"important","critical","color: var(--rf-on-dark) !important;","Eliminar !important y usar @layer primeng-brand o tokens CSS"
"src/styles/custom\_financial-tables.scss",293,"important","critical","height: 2.25rem !important;","Eliminar !important y usar @layer primeng-brand o tokens CSS"
"src/styles/custom\_financial-tables.scss",294,"important","critical","max-height: 2.25rem !important;","Eliminar !important y usar @layer primeng-brand o tokens CSS"
"src/styles/custom\_financial-tables.scss",299,"important","critical","color: inherit !important;","Eliminar !important y usar @layer primeng-brand o tokens CSS"
"src/styles/custom\_financial-tables.scss",304,"important","critical","background-color: var(--rf-navy-soft) !important;","Eliminar !important y usar @layer primeng-brand o tokens CSS"
"src/styles/custom\_financial-tables.scss",305,"important","critical","color: var(--rf-navy) !important;","Eliminar !important y usar @layer primeng-brand o tokens CSS"
"src/styles/custom\_financial-tables.scss",307,"important","critical","height: 2.25rem !important;","Eliminar !important y usar @layer primeng-brand o tokens CSS"
"src/styles/custom\_financial-tables.scss",308,"important","critical","max-height: 2.25rem !important;","Eliminar !important y usar @layer primeng-brand o tokens CSS"
"src/styles/custom\_financial-tables.scss",313,"important","critical","color: inherit !important;","Eliminar !important y usar @layer primeng-brand o tokens CSS"
"src/styles/custom\_financial-tables.scss",319,"important","critical","max-height: 3.5rem !important;","Eliminar !important y usar @layer primeng-brand o tokens CSS"
"src/styles/custom\_financial-tables.scss",325,"important","critical","max-height: 3.5rem !important;","Eliminar !important y usar @layer primeng-brand o tokens CSS"
"src/styles/custom\_financial-tables.scss",332,"important","critical","background: var(--rf-navy) !important;","Eliminar !important y usar @layer primeng-brand o tokens CSS"
"src/styles/custom\_financial-tables.scss",333,"important","critical","color: var(--rf-on-dark) !important;","Eliminar !important y usar @layer primeng-brand o tokens CSS"
"src/styles/custom\_financial-tables.scss",369,"important","critical","background: var(--rf-result) !important;","Eliminar !important y usar @layer primeng-brand o tokens CSS"
"src/styles/custom\_financial-tables.scss",370,"important","critical","color: var(--rf-result-ink) !important;","Eliminar !important y usar @layer primeng-brand o tokens CSS"
"src/styles/custom\_financial-tables.scss",375,"important","critical","background: var(--rf-total) !important;","Eliminar !important y usar @layer primeng-brand o tokens CSS"
"src/styles/custom\_financial-tables.scss",376,"important","critical","color: var(--rf-head) !important;","Eliminar !important y usar @layer primeng-brand o tokens CSS"
"src/styles/custom\_financial-tables.scss",381,"important","critical","background: var(--rf-row-group) !important;","Eliminar !important y usar @layer primeng-brand o tokens CSS"
"src/styles/custom\_financial-tables.scss",382,"important","critical","color: var(--rf-ink) !important;","Eliminar !important y usar @layer primeng-brand o tokens CSS"
"src/styles/custom\_financial-tables.scss",386,"important","critical","background-color: var(--rf-surface) !important;","Eliminar !important y usar @layer primeng-brand o tokens CSS"
"src/styles/custom\_financial-tables.scss",387,"important","critical","color: var(--rf-ink) !important;","Eliminar !important y usar @layer primeng-brand o tokens CSS"
"src/styles/custom\_financial-tables.scss",553,"important","critical","background: linear-gradient(180deg, var(--rf-grad-from) 0%, var(--rf-grad-to) 100%) !important;","Eliminar !important y usar @layer primeng-brand o tokens CSS"
"src/styles/custom\_financial-tables.scss",554,"important","critical","color: var(--rf-on-dark) !important;","Eliminar !important y usar @layer primeng-brand o tokens CSS"
"src/styles/custom\_financial-tables.scss",558,"important","critical","border: 1px solid var(--rf-line) !important;","Eliminar !important y usar @layer primeng-brand o tokens CSS"
"src/styles/custom\_financial-tables.scss",565,"important","critical","border: 1px solid var(--rf-line) !important;","Eliminar !important y usar @layer primeng-brand o tokens CSS"
"src/styles/custom\_financial-tables.scss",579,"important","critical","background: var(--rf-soft) !important;","Eliminar !important y usar @layer primeng-brand o tokens CSS"
"src/styles/custom\_financial-tables.scss",580,"important","critical","color: var(--rf-head) !important;","Eliminar !important y usar @layer primeng-brand o tokens CSS"
"src/styles/custom\_financial-tables.scss",581,"important","critical","font-weight: 800 !important;","Eliminar !important y usar @layer primeng-brand o tokens CSS"
"src/styles/custom\_financial-tables.scss",586,"important","critical","background: var(--rf-total) !important;","Eliminar !important y usar @layer primeng-brand o tokens CSS"
"src/styles/custom\_financial-tables.scss",587,"important","critical","color: var(--rf-total-ink) !important;","Eliminar !important y usar @layer primeng-brand o tokens CSS"
"src/styles/custom\_financial-tables.scss",588,"important","critical","font-weight: 800 !important;","Eliminar !important y usar @layer primeng-brand o tokens CSS"
"src/styles/custom\_financial-tables.scss",592,"important","critical","background: var(--rf-result) !important;","Eliminar !important y usar @layer primeng-brand o tokens CSS"
"src/styles/custom\_financial-tables.scss",593,"important","critical","color: var(--rf-result-ink) !important;","Eliminar !important y usar @layer primeng-brand o tokens CSS"
"src/styles/custom\_financial-tables.scss",594,"important","critical","font-weight: 800 !important;","Eliminar !important y usar @layer primeng-brand o tokens CSS"
"src/styles/custom\_financial-tables.scss",599,"important","critical","background: var(--rf-fondo-row) !important;","Eliminar !important y usar @layer primeng-brand o tokens CSS"
"src/styles/custom\_financial-tables.scss",600,"important","critical","color: var(--rf-head) !important;","Eliminar !important y usar @layer primeng-brand o tokens CSS"
"src/styles/custom\_financial-tables.scss",601,"important","critical","font-weight: 800 !important;","Eliminar !important y usar @layer primeng-brand o tokens CSS"
"src/styles/custom\_financial-tables.scss",606,"important","critical","background: var(--rf-row-group) !important;","Eliminar !important y usar @layer primeng-brand o tokens CSS"
"src/styles/custom\_financial-tables.scss",607,"important","critical","color: var(--rf-head) !important;","Eliminar !important y usar @layer primeng-brand o tokens CSS"
"src/styles/custom\_financial-tables.scss",608,"important","critical","font-weight: 800 !important;","Eliminar !important y usar @layer primeng-brand o tokens CSS"
"src/styles/custom\_financial-tables.scss",613,"important","critical","background: var(--rf-soft) !important;","Eliminar !important y usar @layer primeng-brand o tokens CSS"
"src/styles/custom\_financial-tables.scss",614,"important","critical","color: var(--rf-head) !important;","Eliminar !important y usar @layer primeng-brand o tokens CSS"
"src/styles/custom\_financial-tables.scss",615,"important","critical","font-weight: 800 !important;","Eliminar !important y usar @layer primeng-brand o tokens CSS"
"src/styles/custom\_financial-tables.scss",620,"important","critical","background: var(--rf-total) !important;","Eliminar !important y usar @layer primeng-brand o tokens CSS"
"src/styles/custom\_financial-tables.scss",621,"important","critical","color: var(--rf-total-ink) !important;","Eliminar !important y usar @layer primeng-brand o tokens CSS"
"src/styles/custom\_financial-tables.scss",622,"important","critical","font-weight: 800 !important;","Eliminar !important y usar @layer primeng-brand o tokens CSS"
"src/styles/custom\_financial-tables.scss",626,"important","critical","background: var(--rf-result) !important;","Eliminar !important y usar @layer primeng-brand o tokens CSS"
"src/styles/custom\_financial-tables.scss",627,"important","critical","color: var(--rf-result-ink) !important;","Eliminar !important y usar @layer primeng-brand o tokens CSS"
"src/styles/custom\_financial-tables.scss",628,"important","critical","font-weight: 800 !important;","Eliminar !important y usar @layer primeng-brand o tokens CSS"
"src/styles/custom\_financial-tables.scss",633,"important","critical","background: var(--rf-surface) !important;","Eliminar !important y usar @layer primeng-brand o tokens CSS"
"src/styles/custom\_financial-tables.scss",634,"important","critical","color: var(--rf-ink) !important;","Eliminar !important y usar @layer primeng-brand o tokens CSS"
"src/styles/custom\_financial-tables.scss",645,"important","critical","background-color: var(--rf-selected-bg) !important;","Eliminar !important y usar @layer primeng-brand o tokens CSS"
"src/styles/custom\_financial-tables.scss",646,"important","critical","color: var(--rf-on-dark) !important;","Eliminar !important y usar @layer primeng-brand o tokens CSS"
"src/styles/custom\_financial-tables.scss",650,"important","critical","background-color: var(--rf-deselected-bg) !important;","Eliminar !important y usar @layer primeng-brand o tokens CSS"
"src/styles/custom\_financial-tables.scss",651,"important","critical","color: var(--rf-deselected-ink) !important;","Eliminar !important y usar @layer primeng-brand o tokens CSS"
"src/styles/custom\_financial-tables.scss",656,"important","critical","background-color: var(--rf-col-dark) !important;","Eliminar !important y usar @layer primeng-brand o tokens CSS"
"src/styles/custom\_financial-tables.scss",657,"important","critical","color: var(--rf-on-dark) !important;","Eliminar !important y usar @layer primeng-brand o tokens CSS"
"src/styles/custom\_financial-tables.scss",661,"important","critical","background-color: var(--rf-selected-bg) !important;","Eliminar !important y usar @layer primeng-brand o tokens CSS"
"src/styles/custom\_financial-tables.scss",662,"important","critical","color: var(--rf-on-dark) !important;","Eliminar !important y usar @layer primeng-brand o tokens CSS"
"src/styles/custom\_financial-tables.scss",666,"important","critical","background-color: var(--rf-orange) !important;","Eliminar !important y usar @layer primeng-brand o tokens CSS"
"src/styles/custom\_financial-tables.scss",667,"important","critical","color: var(--rf-on-dark) !important;","Eliminar !important y usar @layer primeng-brand o tokens CSS"
"src/styles/custom\_financial-tables.scss",671,"important","critical","background-color: var(--rf-red) !important;","Eliminar !important y usar @layer primeng-brand o tokens CSS"
"src/styles/custom\_financial-tables.scss",672,"important","critical","color: var(--rf-on-dark) !important;","Eliminar !important y usar @layer primeng-brand o tokens CSS"
"src/styles/custom\_financial-tables.scss",676,"important","critical","background-color: var(--rf-blue-medium) !important;","Eliminar !important y usar @layer primeng-brand o tokens CSS"
"src/styles/custom\_financial-tables.scss",677,"important","critical","color: var(--rf-on-dark) !important;","Eliminar !important y usar @layer primeng-brand o tokens CSS"
"src/styles/custom\_financial-tables.scss",681,"important","critical","background-color: var(--rf-blue-dark) !important;","Eliminar !important y usar @layer primeng-brand o tokens CSS"
"src/styles/custom\_financial-tables.scss",682,"important","critical","color: var(--rf-on-dark) !important;","Eliminar !important y usar @layer primeng-brand o tokens CSS"
"src/styles/custom\_financial-tables.scss",686,"important","critical","background: var(--rf-navy) !important;","Eliminar !important y usar @layer primeng-brand o tokens CSS"
"src/styles/custom\_financial-tables.scss",687,"important","critical","color: var(--rf-on-dark) !important;","Eliminar !important y usar @layer primeng-brand o tokens CSS"
"src/styles/custom\_financial-tables.scss",693,"important","critical","background: var(--rf-row-group) !important;","Eliminar !important y usar @layer primeng-brand o tokens CSS"
"src/styles/custom\_financial-tables.scss",694,"important","critical","color: var(--rf-head) !important;","Eliminar !important y usar @layer primeng-brand o tokens CSS"
"src/styles/custom\_financial-tables.scss",695,"important","critical","font-weight: 800 !important;","Eliminar !important y usar @layer primeng-brand o tokens CSS"
"src/styles/custom\_financial-tables.scss",707,"important","critical","text-align: left !important;","Eliminar !important y usar @layer primeng-brand o tokens CSS"
"src/styles/custom\_financial-tables.scss",713,"important","critical","text-align: left !important;","Eliminar !important y usar @layer primeng-brand o tokens CSS"
"src/styles/custom\_financial-tables.scss",719,"important","critical","text-align: right !important;","Eliminar !important y usar @layer primeng-brand o tokens CSS"
"src/styles/custom\_financial-tables.scss",725,"important","critical","text-align: right !important;","Eliminar !important y usar @layer primeng-brand o tokens CSS"
"src/styles/custom\_financial-tables.scss",759,"important","critical","background-color: var(--rf-activo-bg) !important;","Eliminar !important y usar @layer primeng-brand o tokens CSS"
"src/styles/custom\_financial-tables.scss",760,"important","critical","color: var(--rf-activo-ink) !important;","Eliminar !important y usar @layer primeng-brand o tokens CSS"
"src/styles/custom\_financial-tables.scss",763,"important","critical","background-color: var(--rf-pasivo-bg) !important;","Eliminar !important y usar @layer primeng-brand o tokens CSS"
"src/styles/custom\_financial-tables.scss",764,"important","critical","color: var(--rf-pasivo-ink) !important;","Eliminar !important y usar @layer primeng-brand o tokens CSS"
"src/styles/custom\_financial-tables.scss",767,"important","critical","background-color: var(--rf-capital-bg) !important;","Eliminar !important y usar @layer primeng-brand o tokens CSS"
"src/styles/custom\_financial-tables.scss",768,"important","critical","color: var(--rf-capital-ink) !important;","Eliminar !important y usar @layer primeng-brand o tokens CSS"
"src/styles/custom\_financial-tables.scss",844,"important","critical","background-color: var(--rf-deficit-tint) !important; /* Tinte muy sutil rojo */","Eliminar !important y usar @layer primeng-brand o tokens CSS"
"src/styles/custom\_financial-tables.scss",847,"important","critical","box-shadow: inset 4px 0 0 0 var(--ds-danger) !important; /* Borde izquierdo indicador */","Eliminar !important y usar @layer primeng-brand o tokens CSS"
"src/styles/custom\_financial-tables.scss",851,"important","critical","background-color: var(--rf-alerta-tint) !important; /* Tinte muy sutil naranja/amarillo */","Eliminar !important y usar @layer primeng-brand o tokens CSS"
"src/styles/custom\_financial-tables.scss",854,"important","critical","box-shadow: inset 4px 0 0 0 var(--ds-warning) !important; /* Borde izquierdo indicador */","Eliminar !important y usar @layer primeng-brand o tokens CSS"
"src/styles/custom\_custom-table.scss",23,"important","critical","width: ($pct * 1%) !important;","Eliminar !important y usar @layer primeng-brand o tokens CSS"
"src/styles/custom\_custom-table.scss",29,"important","critical","width: 3rem !important;","Eliminar !important y usar @layer primeng-brand o tokens CSS"
"src/styles/custom\_custom-table.scss",32,"important","critical","width: 5rem !important;","Eliminar !important y usar @layer primeng-brand o tokens CSS"
"src/styles/custom\_custom-table.scss",35,"important","critical","width: 8rem !important;","Eliminar !important y usar @layer primeng-brand o tokens CSS"
"src/styles/custom\_custom-table.scss",38,"important","critical","width: 10rem !important;","Eliminar !important y usar @layer primeng-brand o tokens CSS"
"src/styles/custom\_custom-table.scss",41,"important","critical","width: 15rem !important;","Eliminar !important y usar @layer primeng-brand o tokens CSS"
"src/styles/custom\_custom-table.scss",44,"important","critical","width: 20rem !important;","Eliminar !important y usar @layer primeng-brand o tokens CSS"
"src/styles/custom\_custom-table.scss",47,"important","critical","width: 8rem !important;","Eliminar !important y usar @layer primeng-brand o tokens CSS"
"src/styles/custom\_custom-table.scss",52,"important","critical","width: #{$rem}rem !important;","Eliminar !important y usar @layer primeng-brand o tokens CSS"
"src/styles/custom\_custom-table.scss",61,"important","critical","width: #{$px}px !important;","Eliminar !important y usar @layer primeng-brand o tokens CSS"
"src/styles/custom\_custom-table.scss",86,"important","critical","/* height: auto !important; <-- REMOVED: Breaks [scrollHeight] */","Eliminar !important y usar @layer primeng-brand o tokens CSS"
"src/styles/custom\_custom-table.scss",104,"important","critical","// background: linear-gradient(180deg, #294575 0%, #182946 100%) !important;","Eliminar !important y usar @layer primeng-brand o tokens CSS"
"src/styles/custom\_custom-table.scss",105,"important","critical","// color: #ffffff !important;","Eliminar !important y usar @layer primeng-brand o tokens CSS"
"src/styles/custom\_custom-table.scss",111,"important","critical","// border: 1px solid var(--rf-line, #d7dfeb) !important;","Eliminar !important y usar @layer primeng-brand o tokens CSS"
"src/styles/custom\_custom-table.scss",118,"important","critical","// border: 1px solid var(--rf-line, #d7dfeb) !important;","Eliminar !important y usar @layer primeng-brand o tokens CSS"
"src/styles/custom\_custom-table.scss",124,"important","critical","//   border-left: 5px solid var(--task-completed) !important;","Eliminar !important y usar @layer primeng-brand o tokens CSS"
"src/styles/custom\_custom-table.scss",127,"important","critical","//   border-left: 5px solid var(--task-in-progress) !important;","Eliminar !important y usar @layer primeng-brand o tokens CSS"
"src/styles/custom\_custom-table.scss",130,"important","critical","//   border-left: 5px solid var(--task-reopened) !important;","Eliminar !important y usar @layer primeng-brand o tokens CSS"
"src/styles/custom\_custom-table.scss",133,"important","critical","//   border-left: 5px solid var(--task-not-started) !important;","Eliminar !important y usar @layer primeng-brand o tokens CSS"
"src/styles/custom\_custom-table.scss",137,"important","critical","//   color: #ffffff !important;","Eliminar !important y usar @layer primeng-brand o tokens CSS"
"src/styles/custom\_custom-table.scss",141,"important","critical","//   background-color: var(--primary-600, #092953) !important;","Eliminar !important y usar @layer primeng-brand o tokens CSS"
"src/styles/custom\_custom-table.scss",145,"important","critical","background-color: var(--ds-success) !important;","Eliminar !important y usar @layer primeng-brand o tokens CSS"
"src/styles/custom\_custom-table.scss",146,"important","critical","color: var(--ds-primary-text) !important;","Eliminar !important y usar @layer primeng-brand o tokens CSS"
"src/styles/custom\_custom-table.scss",150,"important","critical","background-color: var(--ds-on-surface-variant) !important;","Eliminar !important y usar @layer primeng-brand o tokens CSS"
"src/styles/custom\_custom-table.scss",151,"important","critical","color: var(--ds-text-secondary) !important;","Eliminar !important y usar @layer primeng-brand o tokens CSS"
"src/styles/custom\_custom-table.scss",156,"important","critical","background-color: var(--ds-on-surface) !important;","Eliminar !important y usar @layer primeng-brand o tokens CSS"
"src/styles/custom\_custom-table.scss",157,"important","critical","color: var(--ds-primary-text) !important;","Eliminar !important y usar @layer primeng-brand o tokens CSS"
"src/styles/custom\_custom-table.scss",161,"important","critical","background-color: var(--ds-success) !important;","Eliminar !important y usar @layer primeng-brand o tokens CSS"
"src/styles/custom\_custom-table.scss",162,"important","critical","color: var(--ds-primary-text) !important;","Eliminar !important y usar @layer primeng-brand o tokens CSS"
"src/styles/custom\_custom-table.scss",166,"important","critical","background-color: var(--ds-warning) !important;","Eliminar !important y usar @layer primeng-brand o tokens CSS"
"src/styles/custom\_custom-table.scss",167,"important","critical","color: var(--ds-accent-text-warning) !important;","Eliminar !important y usar @layer primeng-brand o tokens CSS"
"src/styles/custom\_custom-table.scss",171,"important","critical","background-color: var(--ds-danger) !important;","Eliminar !important y usar @layer primeng-brand o tokens CSS"
"src/styles/custom\_custom-table.scss",172,"important","critical","color: var(--ds-primary-text) !important;","Eliminar !important y usar @layer primeng-brand o tokens CSS"
"src/styles/custom\_custom-table.scss",176,"important","critical","background-color: var(--ds-primary-hover) !important;","Eliminar !important y usar @layer primeng-brand o tokens CSS"
"src/styles/custom\_custom-table.scss",177,"important","critical","color: var(--ds-primary-text) !important;","Eliminar !important y usar @layer primeng-brand o tokens CSS"
"src/styles/custom\_custom-table.scss",181,"important","critical","background-color: var(--ds-primary) !important;","Eliminar !important y usar @layer primeng-brand o tokens CSS"
"src/styles/custom\_custom-table.scss",182,"important","critical","color: var(--ds-primary-text) !important;","Eliminar !important y usar @layer primeng-brand o tokens CSS"
"src/styles/custom\_custom-table.scss",186,"important","critical","background-color: var(--ds-primary-active) !important;","Eliminar !important y usar @layer primeng-brand o tokens CSS"
"src/styles/custom\_custom-table.scss",187,"important","critical","color: var(--ds-primary-text) !important;","Eliminar !important y usar @layer primeng-brand o tokens CSS"
"src/styles/custom\_custom-table.scss",192,"important","critical","border: none !important;","Eliminar !important y usar @layer primeng-brand o tokens CSS"
"src/styles/custom\_custom-table.scss",193,"important","critical","background: transparent !important;","Eliminar !important y usar @layer primeng-brand o tokens CSS"
"src/styles/custom\_custom-table.scss",194,"important","critical","padding-bottom: 0 !important;","Eliminar !important y usar @layer primeng-brand o tokens CSS"
"src/styles/custom\_custom-table.scss",201,"important","critical","//   border: none !important;","Eliminar !important y usar @layer primeng-brand o tokens CSS"
"src/styles/custom\_custom-table.scss",202,"important","critical","//   background: transparent !important;","Eliminar !important y usar @layer primeng-brand o tokens CSS"
"src/styles/custom\_custom-table.scss",203,"important","critical","//   padding-bottom: 0 !important;","Eliminar !important y usar @layer primeng-brand o tokens CSS"
"src/styles/custom\_custom-table.scss",222,"important","critical","white-space: normal !important;","Eliminar !important y usar @layer primeng-brand o tokens CSS"
"src/styles/custom\_custom-table.scss",254,"important","critical","white-space: normal !important;","Eliminar !important y usar @layer primeng-brand o tokens CSS"
"src/styles/custom\_avatars.scss",49,"important","critical",") !important;","Eliminar !important y usar @layer primeng-brand o tokens CSS"
"src/styles/custom\_avatars.scss",56,"important","critical",") !important;","Eliminar !important y usar @layer primeng-brand o tokens CSS"
"src/styles/custom\_avatars.scss",63,"important","critical",") !important;","Eliminar !important y usar @layer primeng-brand o tokens CSS"
"src/styles/custom\_avatars.scss",70,"important","critical",") !important;","Eliminar !important y usar @layer primeng-brand o tokens CSS"
"src/styles/mobile\_ionic-rn-theme.scss",77,"important","critical","background: transparent !important;","Eliminar !important y usar @layer primeng-brand o tokens CSS"
"src/styles/mobile\_ionic-rn-theme.scss",78,"important","critical","padding: 0 0 8px !important;","Eliminar !important y usar @layer primeng-brand o tokens CSS"
"src/styles/mobile\_ionic-rn-theme.scss",86,"important","critical","--inner-border-width: 0 !important;","Eliminar !important y usar @layer primeng-brand o tokens CSS"
"src/styles/mobile\_ionic-rn-theme.scss",91,"important","critical","--inner-border-width: 0 !important;","Eliminar !important y usar @layer primeng-brand o tokens CSS"
"src/styles/mobile\_ionic-rn-theme.scss",146,"important","critical","border-radius: var(--ds-radius-lg) !important;","Eliminar !important y usar @layer primeng-brand o tokens CSS"
"src/styles/mobile\_ionic-rn-theme.scss",147,"important","critical","box-shadow: var(--ds-shadow-sm) !important;","Eliminar !important y usar @layer primeng-brand o tokens CSS"
"src/styles/mobile\_ionic-rn-theme.scss",148,"important","critical","margin: 8px 16px !important;","Eliminar !important y usar @layer primeng-brand o tokens CSS"
"src/styles/mobile\_ionic-rn-theme.scss",240,"important","critical","padding-inline: 12px !important;","Eliminar !important y usar @layer primeng-brand o tokens CSS"
"src/styles/mobile\_ionic-rn-theme.scss",289,"important","critical","border: none !important;","Eliminar !important y usar @layer primeng-brand o tokens CSS"
"src/styles/mobile\_ionic-rn-theme.scss",290,"important","critical","box-shadow: none !important;","Eliminar !important y usar @layer primeng-brand o tokens CSS"
"src/styles/mobile\_ionic-rn-theme.scss",291,"important","critical","padding: 0.5rem 0 0 0 !important;","Eliminar !important y usar @layer primeng-brand o tokens CSS"
"src/styles/mobile\_ionic-rn-theme.scss",292,"important","critical","margin: 0 !important;","Eliminar !important y usar @layer primeng-brand o tokens CSS"
"src/styles/mobile\_ionic-rn-theme.scss",293,"important","critical","background: transparent !important;","Eliminar !important y usar @layer primeng-brand o tokens CSS"
"src/styles/mobile\_ionic-rn-theme.scss",306,"important","critical","--z-index: 110000 !important;","Eliminar !important y usar @layer primeng-brand o tokens CSS"
"src/styles/mobile\_ionic-rn-theme.scss",307,"important","critical","z-index: 110000 !important;","Eliminar !important y usar @layer primeng-brand o tokens CSS"
"src/styles/mobile\_ionic-rn-theme.scss",311,"important","critical","--z-index: 110000 !important;","Eliminar !important y usar @layer primeng-brand o tokens CSS"
"src/styles/mobile\_ionic-rn-theme.scss",312,"important","critical","z-index: 110000 !important;","Eliminar !important y usar @layer primeng-brand o tokens CSS"
"src/styles/mobile\_ionic-rn-theme.scss",316,"important","critical","--z-index: 110000 !important;","Eliminar !important y usar @layer primeng-brand o tokens CSS"
"src/styles/mobile\_ionic-rn-theme.scss",317,"important","critical","z-index: 110000 !important;","Eliminar !important y usar @layer primeng-brand o tokens CSS"
"src/styles/mobile\_ionic-rn-theme.scss",331,"important","critical","contain: none !important;","Eliminar !important y usar @layer primeng-brand o tokens CSS"
"src/styles/mobile\_ionic-rn-theme.scss",364,"important","critical","box-shadow: var(--ds-shadow-sm) !important;","Eliminar !important y usar @layer primeng-brand o tokens CSS"
"src/styles/mobile\_ili-buttons.scss",30,"important","critical","// ⚠️ !important necesario: Ionic define el fondo con `:host(.button-solid)`","Eliminar !important y usar @layer primeng-brand o tokens CSS"
"src/styles/mobile\_ili-buttons.scss",34,"important","critical","--background: var(--ds-primary-light, #e0e7ff) !important;","Eliminar !important y usar @layer primeng-brand o tokens CSS"
"src/styles/mobile\_ili-buttons.scss",35,"important","critical","--background-hover: var(--ds-primary-light, #e0e7ff) !important;","Eliminar !important y usar @layer primeng-brand o tokens CSS"
"src/styles/mobile\_ili-buttons.scss",36,"important","critical","--background-activated: var(--ds-primary-light, #e0e7ff) !important;","Eliminar !important y usar @layer primeng-brand o tokens CSS"
"src/styles/mobile\_ili-buttons.scss",37,"important","critical","--background-focused: var(--ds-primary-light, #e0e7ff) !important;","Eliminar !important y usar @layer primeng-brand o tokens CSS"
"src/styles/mobile\_ili-buttons.scss",38,"important","critical","--color: var(--ion-color-base, var(--ds-text-primary)) !important;","Eliminar !important y usar @layer primeng-brand o tokens CSS"
"src/styles/mobile\_ili-buttons.scss",39,"important","critical","--box-shadow: none !important;","Eliminar !important y usar @layer primeng-brand o tokens CSS"
"src/styles/mobile\_ili-buttons.scss",40,"important","critical","--border-width: 0 !important;","Eliminar !important y usar @layer primeng-brand o tokens CSS"
"src/styles/mobile\_ili-buttons.scss",41,"important","critical","--border-radius: var(--ds-m-radius-btn, 8px) !important;","Eliminar !important y usar @layer primeng-brand o tokens CSS"
"src/styles/mobile\_ili-buttons.scss",54,"important","critical","justify-content: flex-start !important;","Eliminar !important y usar @layer primeng-brand o tokens CSS"
"src/styles/mobile\_ili-buttons.scss",67,"important","critical","--background: var(--ds-danger-light, #fee2e2) !important;","Eliminar !important y usar @layer primeng-brand o tokens CSS"
"src/styles/mobile\_ili-buttons.scss",68,"important","critical","--background-hover: var(--ds-danger-light, #fee2e2) !important;","Eliminar !important y usar @layer primeng-brand o tokens CSS"
"src/styles/mobile\_ili-buttons.scss",69,"important","critical","--background-activated: var(--ds-danger-light, #fee2e2) !important;","Eliminar !important y usar @layer primeng-brand o tokens CSS"
"src/styles/mobile\_ili-buttons.scss",70,"important","critical","--background-focused: var(--ds-danger-light, #fee2e2) !important;","Eliminar !important y usar @layer primeng-brand o tokens CSS"
"src/styles/core\_shadows.scss",23,"shadow-legacy","medium","$shadow-1:  0 1px 2px rgba(27, 54, 93, 0.06)                                     !default;","Usar shadow-sm, shadow, shadow-md, shadow-lg de Tailwind"
"src/styles/core\_shadows.scss",24,"shadow-legacy","medium","$shadow-2:  0 2px 8px rgba(27, 54, 93, 0.08)                                     !default;","Usar shadow-sm, shadow, shadow-md, shadow-lg de Tailwind"
"src/styles/core\_shadows.scss",25,"shadow-legacy","medium","$shadow-3:  0 4px 16px rgba(27, 54, 93, 0.10)                                    !default;","Usar shadow-sm, shadow, shadow-md, shadow-lg de Tailwind"
"src/styles/core\_shadows.scss",26,"shadow-legacy","medium","$shadow-4:  0 8px 32px rgba(27, 54, 93, 0.12)                                    !default;","Usar shadow-sm, shadow, shadow-md, shadow-lg de Tailwind"
"src/styles/core\_shadows.scss",43,"shadow-legacy","medium","--ds-shadow-1:      #{$shadow-1};","Usar shadow-sm, shadow, shadow-md, shadow-lg de Tailwind"
"src/styles/core\_shadows.scss",44,"shadow-legacy","medium","--ds-shadow-2:      #{$shadow-2};","Usar shadow-sm, shadow, shadow-md, shadow-lg de Tailwind"
"src/styles/core\_shadows.scss",45,"shadow-legacy","medium","--ds-shadow-3:      #{$shadow-3};","Usar shadow-sm, shadow, shadow-md, shadow-lg de Tailwind"
"src/styles/core\_shadows.scss",46,"shadow-legacy","medium","--ds-shadow-4:      #{$shadow-4};","Usar shadow-sm, shadow, shadow-md, shadow-lg de Tailwind"
"src/styles/core\_mixins.scss",63,"important","critical","color: transparent !important;","Eliminar !important y usar @layer primeng-brand o tokens CSS"
"src/styles/base\_global.scss",100,"important","critical","display: flex !important;","Eliminar !important y usar @layer primeng-brand o tokens CSS"
"src/styles/base\_global.scss",101,"important","critical","flex-direction: column !important;","Eliminar !important y usar @layer primeng-brand o tokens CSS"
"src/styles/base\_global.scss",102,"important","critical","height: 100% !important;","Eliminar !important y usar @layer primeng-brand o tokens CSS"
"src/styles/base\_global.scss",108,"important","critical","flex: 1 1 auto !important;","Eliminar !important y usar @layer primeng-brand o tokens CSS"
"src/styles/base\_global.scss",137,"important","critical","z-index: 111000 !important;","Eliminar !important y usar @layer primeng-brand o tokens CSS"
"src/styles/base\_global.scss",149,"important","critical","z-index: 40000 !important;","Eliminar !important y usar @layer primeng-brand o tokens CSS"
"src/styles/base\_global.scss",153,"important","critical","z-index: 111000 !important;","Eliminar !important y usar @layer primeng-brand o tokens CSS"
"src/styles/base\_global.scss",157,"important","critical","z-index: 40000 !important;","Eliminar !important y usar @layer primeng-brand o tokens CSS"
"src/styles/base\_global.scss",158,"important","critical","font-size: 0.75rem !important;","Eliminar !important y usar @layer primeng-brand o tokens CSS"
"src/styles/base\_global.scss",164,"important","critical","display: none !important;","Eliminar !important y usar @layer primeng-brand o tokens CSS"
"src/styles/base\_global.scss",171,"important","critical","background-color: var(--ds-info) !important;","Eliminar !important y usar @layer primeng-brand o tokens CSS"
"src/styles/base\_global.scss",172,"important","critical","color: var(--ds-primary-text) !important;","Eliminar !important y usar @layer primeng-brand o tokens CSS"
"src/styles/base\_global.scss",174,"important","critical","background-color: var(--ds-info-hover) !important;","Eliminar !important y usar @layer primeng-brand o tokens CSS"
"src/styles/base\_global.scss",180,"important","critical","background-color: var(--ds-success) !important;","Eliminar !important y usar @layer primeng-brand o tokens CSS"
"src/styles/base\_global.scss",181,"important","critical","color: var(--ds-primary-text) !important;","Eliminar !important y usar @layer primeng-brand o tokens CSS"
"src/styles/base\_global.scss",183,"important","critical","background-color: var(--ds-success-hover) !important;","Eliminar !important y usar @layer primeng-brand o tokens CSS"
"src/styles/base\_global.scss",189,"important","critical","background-color: var(--ds-warning) !important;","Eliminar !important y usar @layer primeng-brand o tokens CSS"
"src/styles/base\_global.scss",190,"important","critical","color: var(--ds-primary-text) !important;","Eliminar !important y usar @layer primeng-brand o tokens CSS"
"src/styles/base\_global.scss",192,"important","critical","background-color: var(--ds-warning-hover) !important;","Eliminar !important y usar @layer primeng-brand o tokens CSS"
"src/styles/base\_global.scss",198,"important","critical","background-color: var(--ds-help) !important;","Eliminar !important y usar @layer primeng-brand o tokens CSS"
"src/styles/base\_global.scss",199,"important","critical","color: var(--ds-primary-text) !important;","Eliminar !important y usar @layer primeng-brand o tokens CSS"
"src/styles/base\_global.scss",201,"important","critical","background-color: var(--ds-help-hover) !important;","Eliminar !important y usar @layer primeng-brand o tokens CSS"
"src/styles/base\_global.scss",207,"important","critical","background-color: var(--ds-bg-budget, #fff3e0) !important;","Eliminar !important y usar @layer primeng-brand o tokens CSS"
"src/styles/base\_global.scss",208,"important","critical","color: var(--ds-text-budget, inherit) !important;","Eliminar !important y usar @layer primeng-brand o tokens CSS"
"src/styles/base\_global.scss",216,"important","critical","Usamos !important para sobrescribir la regla genérica de ""border: 2px solid"" definida arriba.","Eliminar !important y usar @layer primeng-brand o tokens CSS"
"src/styles/base\_global.scss",228,"important","critical","border-color: var(--danger-color, #991b1b) !important;","Eliminar !important y usar @layer primeng-brand o tokens CSS"
"src/styles/base\_global.scss",246,"important","critical",".text-green-400, .text-green-500, .text-green-600, .text-green-700 { color: var(--ds-success) !important; }","Eliminar !important y usar @layer primeng-brand o tokens CSS"
"src/styles/base\_global.scss",247,"important","critical",".text-red-400, .text-red-500, .text-red-600, .text-red-700 { color: var(--ds-danger) !important; }","Eliminar !important y usar @layer primeng-brand o tokens CSS"
"src/styles/base\_global.scss",248,"important","critical",".text-orange-400, .text-orange-500, .text-orange-600, .text-orange-700 { color: var(--ds-warning) !important; }","Eliminar !important y usar @layer primeng-brand o tokens CSS"
"src/styles/base\_global.scss",249,"important","critical",".text-yellow-400, .text-yellow-500, .text-yellow-600, .text-yellow-700 { color: var(--ds-warning) !important; }","Eliminar !important y usar @layer primeng-brand o tokens CSS"
"src/styles/base\_global.scss",250,"important","critical",".text-blue-400, .text-blue-500, .text-blue-600, .text-blue-700 { color: var(--ds-info) !important; }","Eliminar !important y usar @layer primeng-brand o tokens CSS"
"src/styles/base\_global.scss",251,"important","critical",".text-purple-400, .text-purple-500, .text-purple-600, .text-purple-700 { color: var(--ds-help) !important; }","Eliminar !important y usar @layer primeng-brand o tokens CSS"
"src/styles/base\_global.scss",254,"important","critical",".bg-green-50, .bg-green-100, tr.bg-green-50 > td, tr.bg-green-100 > td { background-color: var(--ds-success-light) !impo...","Eliminar !important y usar @layer primeng-brand o tokens CSS"
"src/styles/base\_global.scss",255,"important","critical",".bg-red-50, .bg-red-100, tr.bg-red-50 > td, tr.bg-red-100 > td { background-color: var(--ds-danger-light) !important; }","Eliminar !important y usar @layer primeng-brand o tokens CSS"
"src/styles/base\_global.scss",256,"important","critical",".bg-orange-50, .bg-orange-100, tr.bg-orange-50 > td, tr.bg-orange-100 > td { background-color: var(--ds-warning-light) !...","Eliminar !important y usar @layer primeng-brand o tokens CSS"
"src/styles/base\_global.scss",257,"important","critical",".bg-yellow-50, .bg-yellow-100, tr.bg-yellow-50 > td, tr.bg-yellow-100 > td { background-color: var(--ds-warning-light) !...","Eliminar !important y usar @layer primeng-brand o tokens CSS"
"src/styles/base\_global.scss",258,"important","critical",".bg-blue-50, .bg-blue-100, tr.bg-blue-50 > td, tr.bg-blue-100 > td { background-color: var(--ds-info-light) !important; ...","Eliminar !important y usar @layer primeng-brand o tokens CSS"
"src/styles/base\_global.scss",261,"important","critical",".bg-green-200, .bg-green-300 { background-color: color-mix(in srgb, var(--ds-success) 20%, var(--ds-bg-surface)) !import...","Eliminar !important y usar @layer primeng-brand o tokens CSS"
"src/styles/base\_global.scss",262,"important","critical",".bg-red-200, .bg-red-300 { background-color: color-mix(in srgb, var(--ds-danger) 20%, var(--ds-bg-surface)) !important; ...","Eliminar !important y usar @layer primeng-brand o tokens CSS"
"src/styles/base\_global.scss",263,"important","critical",".bg-orange-200, .bg-orange-300 { background-color: color-mix(in srgb, var(--ds-warning) 20%, var(--ds-bg-surface)) !impo...","Eliminar !important y usar @layer primeng-brand o tokens CSS"
"src/styles/base\_global.scss",264,"important","critical",".bg-blue-200, .bg-blue-300 { background-color: color-mix(in srgb, var(--ds-info) 20%, var(--ds-bg-surface)) !important; ...","Eliminar !important y usar @layer primeng-brand o tokens CSS"
"src/styles/base\_dark-mode.scss",9,"important","critical","//   cualquier @layer sin necesidad de !important.","Eliminar !important y usar @layer primeng-brand o tokens CSS"
"src/styles/base\_dark-mode.scss",60,"important","critical","// Unlayered gana sobre @layer utilities sin !important.","Eliminar !important y usar @layer primeng-brand o tokens CSS"