[     317ms] [LOG] %c📦 [StorageService] Inicializando servicio de almacenamiento local... color: #3F51B5; font-style: italic; @ http://localhost:4200/chunk-72LYY77U.js:59
[     320ms] [LOG] %c [AuthService] Verificando ruta inicial: /legal/list-ticket-legal | Es publica: false color: #9C27B0; font-style: italic; @ http://localhost:4200/chunk-72LYY77U.js:59
[     320ms] [LOG] %c [AuthService] Ruta no publica. Intentando login silencioso... color: #009688; font-style: italic; @ http://localhost:4200/chunk-72LYY77U.js:59
[     323ms] [LOG] %c🚀 [Initializer] Starting application state initialization... color: purple; font-style: italic; @ http://localhost:4200/chunk-72LYY77U.js:59
[     424ms] [LOG] %c [AuthService] Token renovado. Actualizando sesion en memoria. color: color: #4CAF50; font-style: italic;; font-style: italic; @ http://localhost:4200/chunk-72LYY77U.js:59
[     424ms] [LOG] %c [AuthTrace] refresh.success.before-set color: #03A9F4; font-style: italic; {at: 2026-09-13T19:17:56.622Z, applicationUserId: 63f5fe75-4fbb-4328-a2dd-b7224778752e, tokenCustomerId: 019c6bee-028a-70e4-98ea-557b645a3ae0, roles: Array(1), customerAccessCount: 10} @ http://localhost:4200/chunk-72LYY77U.js:59
[     424ms] [LOG] %c [AuthTrace] refresh.success.after-set color: #03A9F4; font-style: italic; {at: 2026-09-13T19:17:56.623Z, applicationUserId: 63f5fe75-4fbb-4328-a2dd-b7224778752e, tokenCustomerId: 019c6bee-028a-70e4-98ea-557b645a3ae0, roles: Array(1), customerAccessCount: 10} @ http://localhost:4200/chunk-72LYY77U.js:59
[     425ms] [LOG] %cLINK [SignalR] Construyendo conexion... color: blue; font-style: italic; @ http://localhost:4200/chunk-72LYY77U.js:59
[     425ms] [LOG] %cHEADSET [SignalR] Registrando listeners... color: cyan; font-style: italic; @ http://localhost:4200/chunk-72LYY77U.js:59
[     425ms] [LOG] %cLINK [SignalR] Iniciando conexion... color: blue; font-style: italic; @ http://localhost:4200/chunk-72LYY77U.js:59
[     426ms] [LOG] %c [AuthTrace] trySilentLogin.finalize color: #8BC34A; font-style: italic; {at: 2026-09-13T19:17:56.624Z, isAuthenticated: true} @ http://localhost:4200/chunk-72LYY77U.js:59
[     426ms] [LOG] %c🏢 [Initializer] User session found. Initializing customer state... color: #3F51B5; font-style: italic; @ http://localhost:4200/chunk-72LYY77U.js:59
[     427ms] [LOG] %c🔍 [StorageService] Recuperando valor para clave: 'customerId' color: #2196F3; font-style: italic; @ http://localhost:4200/chunk-72LYY77U.js:59
[     428ms] [LOG] %c [CustomerTrace] initialize.start color: #FF9800; font-style: italic; {at: 2026-09-13T19:17:56.626Z, state: Object, storedCustomerId: 019c6bee-028a-70e4-98ea-557b645a3ae0, tokenCustomerId: 019c6bee-028a-70e4-98ea-557b645a3ae0, customerAccess: Array(10)} @ http://localhost:4200/chunk-72LYY77U.js:59
[     429ms] [LOG] %c🔍 [StorageService] Recuperando valor para clave: 'customerId' color: #2196F3; font-style: italic; @ http://localhost:4200/chunk-72LYY77U.js:59
[     429ms] [LOG] %c🔍 [StorageService] Recuperando valor para clave: 'customerId' color: #2196F3; font-style: italic; @ http://localhost:4200/chunk-72LYY77U.js:59
[     430ms] [LOG] %c [CustomerTrace] initialize.selected-customer color: #FF9800; font-style: italic; {at: 2026-09-13T19:17:56.627Z, state: Object, storedCustomerId: 019c6bee-028a-70e4-98ea-557b645a3ae0, selectedCustomerId: 019c6bee-028a-70e4-98ea-557b645a3ae0} @ http://localhost:4200/chunk-72LYY77U.js:59
[     430ms] [LOG] %c💾 [StorageService] Guardando clave: 'customerId' color: #FF9800; font-style: italic; {value: 019c6bee-028a-70e4-98ea-557b645a3ae0} @ http://localhost:4200/chunk-72LYY77U.js:59
[     431ms] [LOG] %c✅ [StorageService] Clave 'customerId' guardada exitosamente. color: #4CAF50; font-style: italic; @ http://localhost:4200/chunk-72LYY77U.js:59
[     432ms] [LOG] %c🔍 [StorageService] Recuperando valor para clave: 'customerId' color: #2196F3; font-style: italic; @ http://localhost:4200/chunk-72LYY77U.js:59
[     432ms] [LOG] %c [CustomerTrace] loadDataForCustomer.start color: #FF9800; font-style: italic; {at: 2026-09-13T19:17:56.630Z, state: Object, storedCustomerId: 019c6bee-028a-70e4-98ea-557b645a3ae0, customerId: 019c6bee-028a-70e4-98ea-557b645a3ae0} @ http://localhost:4200/chunk-72LYY77U.js:59
[     433ms] [LOG] %c🛡️ [JwtInterceptorFn] Auth check completado. Interceptando ruta: color: #FF0000; font-style: italic; http://localhost:7070/api/customers/019c6bee-028a-70e4-98ea-557b645a3ae0 @ http://localhost:4200/chunk-72LYY77U.js:59
[     435ms] [LOG] %c🔍 [StorageService] Recuperando valor para clave: 'customerId' color: #2196F3; font-style: italic; @ http://localhost:4200/chunk-72LYY77U.js:59
[     436ms] [LOG] %c🔍 [StorageService] Recuperando valor para clave: 'customerId' color: #2196F3; font-style: italic; @ http://localhost:4200/chunk-72LYY77U.js:59
[     437ms] [LOG] %c [JwtTrace] request color: #F44336; font-style: italic; {at: 2026-09-13T19:17:56.634Z, url: http://localhost:7070/api/customers/019c6bee-028a-70e4-98ea-557b645a3ae0, method: GET, appUserId: 63f5fe75-4fbb-4328-a2dd-b7224778752e, storageCustomerId: 019c6bee-028a-70e4-98ea-557b645a3ae0} @ http://localhost:4200/chunk-72LYY77U.js:59
[     462ms] [LOG] %c🔍 [StorageService] Recuperando valor para clave: 'customerId' color: #2196F3; font-style: italic; @ http://localhost:4200/chunk-72LYY77U.js:59
[     462ms] [LOG] %c [CustomerTrace] loadDataForCustomer.response color: #FF9800; font-style: italic; {at: 2026-09-13T19:17:56.660Z, state: Object, storedCustomerId: 019c6bee-028a-70e4-98ea-557b645a3ae0, customerId: 019c6bee-028a-70e4-98ea-557b645a3ae0, success: true} @ http://localhost:4200/chunk-72LYY77U.js:59
[     463ms] [LOG] %c🔍 [StorageService] Recuperando valor para clave: 'customerId' color: #2196F3; font-style: italic; @ http://localhost:4200/chunk-72LYY77U.js:59
[     463ms] [LOG] %c [CustomerTrace] loadDataForCustomer.ready color: #FF9800; font-style: italic; {at: 2026-09-13T19:17:56.661Z, state: Object, storedCustomerId: 019c6bee-028a-70e4-98ea-557b645a3ae0, customerId: 019c6bee-028a-70e4-98ea-557b645a3ae0} @ http://localhost:4200/chunk-72LYY77U.js:59
[     463ms] [LOG] %c✅ [Initializer] State initialization complete. color: green; font-style: italic; @ http://localhost:4200/chunk-72LYY77U.js:59
[     466ms] [LOG] %c🔄 UpdateService: Inicializando servicio de actualizaciones color: blue; font-weight: bold; @ http://localhost:4200/chunk-WEIOKMZ7.js:10
[     466ms] [LOG] %c🔄 UpdateService: ❌ Service Worker NO habilitado color: red; font-weight: bold; @ http://localhost:4200/chunk-WEIOKMZ7.js:22
[     477ms] [LOG] %c🚀 [App] ¡Aplicación iniciada! Soy más ligero y rápido que nunca. color: #673AB7; font-style: italic; @ http://localhost:4200/chunk-72LYY77U.js:59
[     504ms] [LOG] Angular is running in development mode. @ http://localhost:4200/@fs/D:/repos/luxuryapp-api/appsweb/angular/.angular/cache/22.1.8/luxury-app/vite/deps/core-gRj2gSiC.js?v=b1c063b9:9175
[     520ms] [INFO] [2026-09-13T19:17:56.718Z] Information: WebSocket connected to ws://localhost:7070/ws/notificationHub?id=3qynnc8QLLO4nhvDsgywUg&access_token=eyJhbGciOiJIUzI1NiIsInR5cCI6IkpXVCJ9.eyJzdWIiOiI2M2Y1ZmU3NS00ZmJiLTQzMjgtYTJkZC1iNzIyNDc3ODc1MmUiLCJqdGkiOiIwMWEwOWMzNC02Y2MyLTc3N2MtYTBlYy1hZDM4MGYwMmU2YjQiLCJpYXQiOjE3ODkzMjcwNzYsIm5hbWUiOiJBZG1pbmlzdHJhZG9yIExCRyIsImVtYWlsIjoiaW5mb0BsdXh1cnlidWlsZGluZy5jb20ubXgiLCJ1c2VybmFtZSI6ImFkbWluIiwiY3VzdG9tZXJJZCI6IjAxOWM2YmVlLTAyOGEtNzBlNC05OGVhLTU1N2I2NDVhM2FlMCIsImN1c3RvbWVyTmFtZSI6IkxVWFVSWSBCVUlMRElORyBHUk9VUCBTQSBERSBDViIsImZpcnN0TmFtZSI6IkFkbWluaXN0cmFkb3IiLCJsYXN0TmFtZSI6IkxCRyIsInBob25lIjoiKDU1KSAwMDAwLSAwMDAwIiwicGhvdG9QYXRoIjoiaHR0cDovL2xvY2FsaG9zdDo3MDcwL2FwaS9maWxlcy9kb3dubG9hZD9maWxlUGF0aD1wdWJsaWMlMmZBZG1pbmlzdHJhdGlvbiUyZmFjY291bnRzJTJmMDE5ZmE0NjUtMTkyMC03NzcyLWE5NDgtNzZhMDFlOGFiNzZjLnBuZyIsInBvc2l0aW9uIjoiRGVzY29ub2NpZG8iLCJodHRwOi8vc2NoZW1hcy5taWNyb3NvZnQuY29tL3dzLzIwMDgvMDYvaWRlbnRpdHkvY2xhaW1zL3JvbGUiOiJTdXBlclVzdWFyaW8iLCJyb2xlSWQiOiI2OTlkN2NjMS1kMTQzLTQ5ODUtYjU1YS1kMDMwODY0YzY5M2UiLCJleHAiOjE3ODkzMzA2NzYsImlzcyI6Imh0dHBzOi8vbG9jYWxob3N0OjcwNjkiLCJhdWQiOiJodHRwczovL2xvY2FsaG9zdDo0MjAwIn0.eVanBnIsK0laTmDtC3l4sK1eHVNxyiJl24S-RVgdC4A. @ http://localhost:4200/@fs/D:/repos/luxuryapp-api/appsweb/angular/.angular/cache/22.1.8/luxury-app/vite/deps/@microsoft_signalr.js?v=6a2cc09d:308
[     521ms] [INFO] [2026-09-13T19:17:56.719Z] Information: Using HubProtocol 'json'. @ http://localhost:4200/@fs/D:/repos/luxuryapp-api/appsweb/angular/.angular/cache/22.1.8/luxury-app/vite/deps/@microsoft_signalr.js?v=6a2cc09d:308
[     526ms] [LOG] %cLINK [SignalR] Conexion iniciada con exito. color: green; font-style: italic; @ http://localhost:4200/chunk-72LYY77U.js:59
[     526ms] [LOG] %cSTATE [SignalR] connectionId = 'ePS0-LBhr8C0M8oJy7mjTA' color: green; font-style: italic; @ http://localhost:4200/chunk-72LYY77U.js:59
[     527ms] [LOG] %cUSER [SignalR] Evento ConnectedUser recibido: color: blue; font-style: italic; Bienvenido 63f5fe75-4fbb-4328-a2dd-b7224778752e @ http://localhost:4200/chunk-72LYY77U.js:59
[    2098ms] [LOG] %c🎉 [LayoutEmployee] ¡Layout de empleado cargado! Despertando a los gigantes (SignalR, OneSignal...) color: #2196F3; font-style: italic; @ http://localhost:4200/chunk-72LYY77U.js:59
[    2099ms] [LOG] %cLINK [SignalR] Construyendo conexion... color: blue; font-style: italic; @ http://localhost:4200/chunk-72LYY77U.js:59
[    2100ms] [LOG] %cHEADSET [SignalR] Registrando listeners... color: cyan; font-style: italic; @ http://localhost:4200/chunk-72LYY77U.js:59
[    2101ms] [LOG] %cLINK [SignalR] Iniciando conexion... color: blue; font-style: italic; @ http://localhost:4200/chunk-72LYY77U.js:59
[    2102ms] [LOG] %cℹ️ [LayoutEmployee] Usuario 63f5fe75-4fbb-4328-a2dd-b7224778752e autenticado. Iniciando OneSignal... color: dodgerblue;font-style: italic @ http://localhost:4200/chunk-72LYY77U.js:72
[    2103ms] [LOG] %c... [OneSignal] Esperando que el SDK este listo... color: orange; font-style: italic; @ http://localhost:4200/chunk-72LYY77U.js:59
[    2147ms] [LOG] %c🛡️ [JwtInterceptorFn] Auth check completado. Interceptando ruta: color: #FF0000; font-style: italic; http://localhost:7070/api/select-items/customers-active-short-name @ http://localhost:4200/chunk-72LYY77U.js:59
[    2148ms] [LOG] %c🔍 [StorageService] Recuperando valor para clave: 'customerId' color: #2196F3; font-style: italic; @ http://localhost:4200/chunk-72LYY77U.js:59
[    2152ms] [LOG] %c🔍 [StorageService] Recuperando valor para clave: 'customerId' color: #2196F3; font-style: italic; @ http://localhost:4200/chunk-72LYY77U.js:59
[    2154ms] [LOG] %c [JwtTrace] request color: #F44336; font-style: italic; {at: 2026-09-13T19:17:58.348Z, url: http://localhost:7070/api/select-items/customers-active-short-name, method: GET, appUserId: 63f5fe75-4fbb-4328-a2dd-b7224778752e, storageCustomerId: 019c6bee-028a-70e4-98ea-557b645a3ae0} @ http://localhost:4200/chunk-72LYY77U.js:59
[    2159ms] [LOG] %c🛡️ [JwtInterceptorFn] Auth check completado. Interceptando ruta: color: #FF0000; font-style: italic; http://localhost:7070/api/tasks/legal/all @ http://localhost:4200/chunk-72LYY77U.js:59
[    2161ms] [LOG] %c🔍 [StorageService] Recuperando valor para clave: 'customerId' color: #2196F3; font-style: italic; @ http://localhost:4200/chunk-72LYY77U.js:59
[    2163ms] [LOG] %c🔍 [StorageService] Recuperando valor para clave: 'customerId' color: #2196F3; font-style: italic; @ http://localhost:4200/chunk-72LYY77U.js:59
[    2165ms] [LOG] %c [JwtTrace] request color: #F44336; font-style: italic; {at: 2026-09-13T19:17:58.361Z, url: http://localhost:7070/api/tasks/legal/all, method: GET, appUserId: 63f5fe75-4fbb-4328-a2dd-b7224778752e, storageCustomerId: 019c6bee-028a-70e4-98ea-557b645a3ae0} @ http://localhost:4200/chunk-72LYY77U.js:59
[    2208ms] [WARNING] NG0318: `[style.max-height]` was bound to an invalid value. Expected a string, number, SafeValue, null, or undefined, but received `function` (`getter`). Find more at https://v22.angular.dev/errors/NG0318 @ http://localhost:4200/@fs/D:/repos/luxuryapp-api/appsweb/angular/.angular/cache/22.1.8/luxury-app/vite/deps/core-gRj2gSiC.js?v=b1c063b9:13599
[    2430ms] [LOG] %c🛡️ [JwtInterceptorFn] Auth check completado. Interceptando ruta: color: #FF0000; font-style: italic; http://localhost:7070/api/notifications @ http://localhost:4200/chunk-72LYY77U.js:59
[    2431ms] [LOG] %c🔍 [StorageService] Recuperando valor para clave: 'customerId' color: #2196F3; font-style: italic; @ http://localhost:4200/chunk-72LYY77U.js:59
[    2432ms] [LOG] %c🔍 [StorageService] Recuperando valor para clave: 'customerId' color: #2196F3; font-style: italic; @ http://localhost:4200/chunk-72LYY77U.js:59
[    2434ms] [LOG] %c [JwtTrace] request color: #F44336; font-style: italic; {at: 2026-09-13T19:17:58.631Z, url: http://localhost:7070/api/notifications, method: GET, appUserId: 63f5fe75-4fbb-4328-a2dd-b7224778752e, storageCustomerId: 019c6bee-028a-70e4-98ea-557b645a3ae0} @ http://localhost:4200/chunk-72LYY77U.js:59
[    2437ms] [LOG] %c🛡️ [JwtInterceptorFn] Auth check completado. Interceptando ruta: color: #FF0000; font-style: italic; http://localhost:7070/api/notifications/unread-count @ http://localhost:4200/chunk-72LYY77U.js:59
[    2438ms] [LOG] %c🔍 [StorageService] Recuperando valor para clave: 'customerId' color: #2196F3; font-style: italic; @ http://localhost:4200/chunk-72LYY77U.js:59
[    2439ms] [LOG] %c🔍 [StorageService] Recuperando valor para clave: 'customerId' color: #2196F3; font-style: italic; @ http://localhost:4200/chunk-72LYY77U.js:59
[    2440ms] [LOG] %c [JwtTrace] request color: #F44336; font-style: italic; {at: 2026-09-13T19:17:58.637Z, url: http://localhost:7070/api/notifications/unread-count, method: GET, appUserId: 63f5fe75-4fbb-4328-a2dd-b7224778752e, storageCustomerId: 019c6bee-028a-70e4-98ea-557b645a3ae0} @ http://localhost:4200/chunk-72LYY77U.js:59
[    2467ms] [LOG] %c [MenuTrace] effect.tick color: #9C27B0; font-style: italic; {at: 2026-09-13T19:17:58.666Z, customerId: 019c6bee-028a-70e4-98ea-557b645a3ae0, customerReady: true, applicationUserId: 63f5fe75-4fbb-4328-a2dd-b7224778752e, lastCustomerId: null} @ http://localhost:4200/chunk-72LYY77U.js:59
[    2468ms] [LOG] %c [MenuService] Customer data and session are ready. Loading menu... color: green; font-style: italic; @ http://localhost:4200/chunk-72LYY77U.js:59
[    2468ms] [LOG] %c [MenuTrace] triggerMenuLoad.start color: #9C27B0; font-style: italic; {at: 2026-09-13T19:17:58.667Z, customerId: 019c6bee-028a-70e4-98ea-557b645a3ae0, customerReady: true, applicationUserId: 63f5fe75-4fbb-4328-a2dd-b7224778752e, lastCustomerId: null} @ http://localhost:4200/chunk-72LYY77U.js:59
[    2469ms] [LOG] %c🛡️ [JwtInterceptorFn] Auth check completado. Interceptando ruta: color: #FF0000; font-style: italic; http://localhost:7070/api/menu-items/019c6bee-028a-70e4-98ea-557b645a3ae0 @ http://localhost:4200/chunk-72LYY77U.js:59
[    2470ms] [LOG] %c🔍 [StorageService] Recuperando valor para clave: 'customerId' color: #2196F3; font-style: italic; @ http://localhost:4200/chunk-72LYY77U.js:59
[    2471ms] [LOG] %c🔍 [StorageService] Recuperando valor para clave: 'customerId' color: #2196F3; font-style: italic; @ http://localhost:4200/chunk-72LYY77U.js:59
[    2472ms] [LOG] %c [JwtTrace] request color: #F44336; font-style: italic; {at: 2026-09-13T19:17:58.669Z, url: http://localhost:7070/api/menu-items/019c6bee-028a-70e4-98ea-557b645a3ae0, method: GET, appUserId: 63f5fe75-4fbb-4328-a2dd-b7224778752e, storageCustomerId: 019c6bee-028a-70e4-98ea-557b645a3ae0} @ http://localhost:4200/chunk-72LYY77U.js:59
[    2476ms] [LOG] %cok [OneSignal] SDK listo color: green; font-style: italic; @ http://localhost:4200/chunk-72LYY77U.js:59
[    2482ms] [WARNING] NG0318: `[style.max-height]` was bound to an invalid value. Expected a string, number, SafeValue, null, or undefined, but received `function` (`getter`). Find more at https://v22.angular.dev/errors/NG0318 @ http://localhost:4200/@fs/D:/repos/luxuryapp-api/appsweb/angular/.angular/cache/22.1.8/luxury-app/vite/deps/core-gRj2gSiC.js?v=b1c063b9:13599
[    2551ms] [ERROR] Failed to load resource: the server responded with a status of 404 (Not Found) @ http://localhost:7070/api/files/download?filePath=public%2fAdministration%2faccounts%2f019fa465-1920-7772-a948-76a01e8ab76c.png:0
[    2569ms] [WARNING] NG0318: `[style.max-height]` was bound to an invalid value. Expected a string, number, SafeValue, null, or undefined, but received `function` (`getter`). Find more at https://v22.angular.dev/errors/NG0318 @ http://localhost:4200/@fs/D:/repos/luxuryapp-api/appsweb/angular/.angular/cache/22.1.8/luxury-app/vite/deps/core-gRj2gSiC.js?v=b1c063b9:13599
[    2592ms] [LOG] %c [API SUCCESS]: GET ITEM: select-items/customers-active-short-name color: dodgerblue; font-style: italic; [Object, Object, Object, Object, Object, Object, Object, Object, Object, Object] @ http://localhost:4200/chunk-72LYY77U.js:59
[    2600ms] [WARNING] NG0318: `[style.max-height]` was bound to an invalid value. Expected a string, number, SafeValue, null, or undefined, but received `function` (`getter`). Find more at https://v22.angular.dev/errors/NG0318 @ http://localhost:4200/@fs/D:/repos/luxuryapp-api/appsweb/angular/.angular/cache/22.1.8/luxury-app/vite/deps/core-gRj2gSiC.js?v=b1c063b9:13599
[    2619ms] [LOG] %c [API SUCCESS]: GET NoLoading: notifications color: gray; font-style: italic; [Object, Object] @ http://localhost:4200/chunk-72LYY77U.js:59
[    2627ms] [LOG] %c [API SUCCESS]: GET LIST: menu-items/019c6bee-028a-70e4-98ea-557b645a3ae0 color: teal; font-style: italic; [Object, Object, Object, Object, Object, Object, Object, Object, Object, Object, Object, Object, Object, Object, Object, Object, Object, Object, Object, Object, Object, Object, Object, Object] @ http://localhost:4200/chunk-72LYY77U.js:59
[    2628ms] [LOG] %c [MenuTrace] fetchMenuItemsFromApi.success color: #9C27B0; font-style: italic; {at: 2026-09-13T19:17:58.827Z, customerId: 019c6bee-028a-70e4-98ea-557b645a3ae0, customerReady: true, applicationUserId: 63f5fe75-4fbb-4328-a2dd-b7224778752e, lastCustomerId: 019c6bee-028a-70e4-98ea-557b645a3ae0} @ http://localhost:4200/chunk-72LYY77U.js:59
[    2629ms] [LOG] %c [MenuTrace] triggerMenuLoad.response color: #9C27B0; font-style: italic; {at: 2026-09-13T19:17:58.828Z, customerId: 019c6bee-028a-70e4-98ea-557b645a3ae0, customerReady: true, applicationUserId: 63f5fe75-4fbb-4328-a2dd-b7224778752e, lastCustomerId: 019c6bee-028a-70e4-98ea-557b645a3ae0} @ http://localhost:4200/chunk-72LYY77U.js:59
[    2663ms] [WARNING] NG0318: `[style.max-height]` was bound to an invalid value. Expected a string, number, SafeValue, null, or undefined, but received `function` (`getter`). Find more at https://v22.angular.dev/errors/NG0318 @ http://localhost:4200/@fs/D:/repos/luxuryapp-api/appsweb/angular/.angular/cache/22.1.8/luxury-app/vite/deps/core-gRj2gSiC.js?v=b1c063b9:13599
[    2686ms] [INFO] [2026-09-13T19:17:58.884Z] Information: WebSocket connected to ws://localhost:7070/ws/notificationHub?id=X9gIVZ5napMpXS8xRaBeCg&access_token=eyJhbGciOiJIUzI1NiIsInR5cCI6IkpXVCJ9.eyJzdWIiOiI2M2Y1ZmU3NS00ZmJiLTQzMjgtYTJkZC1iNzIyNDc3ODc1MmUiLCJqdGkiOiIwMWEwOWMzNC02Y2MyLTc3N2MtYTBlYy1hZDM4MGYwMmU2YjQiLCJpYXQiOjE3ODkzMjcwNzYsIm5hbWUiOiJBZG1pbmlzdHJhZG9yIExCRyIsImVtYWlsIjoiaW5mb0BsdXh1cnlidWlsZGluZy5jb20ubXgiLCJ1c2VybmFtZSI6ImFkbWluIiwiY3VzdG9tZXJJZCI6IjAxOWM2YmVlLTAyOGEtNzBlNC05OGVhLTU1N2I2NDVhM2FlMCIsImN1c3RvbWVyTmFtZSI6IkxVWFVSWSBCVUlMRElORyBHUk9VUCBTQSBERSBDViIsImZpcnN0TmFtZSI6IkFkbWluaXN0cmFkb3IiLCJsYXN0TmFtZSI6IkxCRyIsInBob25lIjoiKDU1KSAwMDAwLSAwMDAwIiwicGhvdG9QYXRoIjoiaHR0cDovL2xvY2FsaG9zdDo3MDcwL2FwaS9maWxlcy9kb3dubG9hZD9maWxlUGF0aD1wdWJsaWMlMmZBZG1pbmlzdHJhdGlvbiUyZmFjY291bnRzJTJmMDE5ZmE0NjUtMTkyMC03NzcyLWE5NDgtNzZhMDFlOGFiNzZjLnBuZyIsInBvc2l0aW9uIjoiRGVzY29ub2NpZG8iLCJodHRwOi8vc2NoZW1hcy5taWNyb3NvZnQuY29tL3dzLzIwMDgvMDYvaWRlbnRpdHkvY2xhaW1zL3JvbGUiOiJTdXBlclVzdWFyaW8iLCJyb2xlSWQiOiI2OTlkN2NjMS1kMTQzLTQ5ODUtYjU1YS1kMDMwODY0YzY5M2UiLCJleHAiOjE3ODkzMzA2NzYsImlzcyI6Imh0dHBzOi8vbG9jYWxob3N0OjcwNjkiLCJhdWQiOiJodHRwczovL2xvY2FsaG9zdDo0MjAwIn0.eVanBnIsK0laTmDtC3l4sK1eHVNxyiJl24S-RVgdC4A. @ http://localhost:4200/@fs/D:/repos/luxuryapp-api/appsweb/angular/.angular/cache/22.1.8/luxury-app/vite/deps/@microsoft_signalr.js?v=6a2cc09d:308
[    2686ms] [INFO] [2026-09-13T19:17:58.885Z] Information: Using HubProtocol 'json'. @ http://localhost:4200/@fs/D:/repos/luxuryapp-api/appsweb/angular/.angular/cache/22.1.8/luxury-app/vite/deps/@microsoft_signalr.js?v=6a2cc09d:308
[    2687ms] [LOG] %c [API SUCCESS]: GET NoLoading: notifications/unread-count color: gray; font-style: italic; 2 @ http://localhost:4200/chunk-72LYY77U.js:59
[    2690ms] [LOG] %cLINK [SignalR] Conexion iniciada con exito. color: green; font-style: italic; @ http://localhost:4200/chunk-72LYY77U.js:59
[    2691ms] [LOG] %cSTATE [SignalR] connectionId = 'XRPFFNHn9k90grXsAIDxpA' color: green; font-style: italic; @ http://localhost:4200/chunk-72LYY77U.js:59
[    2697ms] [LOG] %cUSER [SignalR] Evento ConnectedUser recibido: color: blue; font-style: italic; Bienvenido 63f5fe75-4fbb-4328-a2dd-b7224778752e @ http://localhost:4200/chunk-72LYY77U.js:59
[    2787ms] [LOG] %cpkg [OneSignal] Inicializado con App ID: color: teal; font-style: italic; 3d1f1ce3-638f-4a30-b093-ab617baf91a8 @ http://localhost:4200/chunk-72LYY77U.js:59
[    2787ms] [LOG] %cear [OneSignal] Listeners registrados. color: cyan; font-style: italic; @ http://localhost:4200/chunk-72LYY77U.js:59
[    2787ms] [LOG] %cuser [OneSignal] Usuario logueado con ExternalUserId: 63f5fe75-4fbb-4328-a2dd-b7224778752e color: darkslateblue; font-style: italic; @ http://localhost:4200/chunk-72LYY77U.js:59
[    2789ms] [LOG] %csub [OneSignal] Permiso: color: dodgerblue; font-style: italic; false | Suscrito: false @ http://localhost:4200/chunk-72LYY77U.js:59
[    2789ms] [LOG] %cwarn [OneSignal] Usuario no completamente suscrito. color: orange; font-style: italic; @ http://localhost:4200/chunk-72LYY77U.js:59
[    3748ms] [LOG] %c [API SUCCESS]: GET LIST: tasks/legal/all color: teal; font-style: italic; [Object, Object, Object, Object, Object, Object, Object, Object, Object, Object, Object, Object, Object, Object, Object, Object, Object, Object, Object, Object, Object, Object, Object, Object, Object, Object, Object, Object, Object, Object, Object, Object, Object, Object, Object, Object, Object, Object, Object, Object, Object, Object, Object, Object, Object, Object, Object, Object, Object, Object, Object, Object, Object, Object, Object, Object, Object, Object, Object, Object, Object, Object, Object, Object, Object, Object, Object, Object, Object, Object, Object, Object, Object, Object, Object, Object, Object, Object, Object, Object, Object, Object, Object, Object, Object, Object, Object, Object, Object, Object, Object, Object, Object, Object, Object, Object, Object, Object, Object, Object] @ http://localhost:4200/chunk-72LYY77U.js:59
[    3752ms] [WARNING] NG0318: `[style.max-height]` was bound to an invalid value. Expected a string, number, SafeValue, null, or undefined, but received `function` (`getter`). Find more at https://v22.angular.dev/errors/NG0318 @ http://localhost:4200/@fs/D:/repos/luxuryapp-api/appsweb/angular/.angular/cache/22.1.8/luxury-app/vite/deps/core-gRj2gSiC.js?v=b1c063b9:13599
[    3764ms] [ERROR] NG0303: Can't bind to 'ngIf' since it isn't a known property of 'button' (used in the '_TicketLegalLista' component template).
If the 'ngIf' is an Angular control flow directive, please make sure that either the 'NgIf' directive or the 'CommonModule' is included in the '@Component.imports' of this component. @ http://localhost:4200/@fs/D:/repos/luxuryapp-api/appsweb/angular/.angular/cache/22.1.8/luxury-app/vite/deps/core-gRj2gSiC.js?v=b1c063b9:2321
[    3772ms] [ERROR] NG0303: Can't bind to 'ngIf' since it isn't a known property of 'button' (used in the '_TicketLegalLista' component template).
If the 'ngIf' is an Angular control flow directive, please make sure that either the 'NgIf' directive or the 'CommonModule' is included in the '@Component.imports' of this component. @ http://localhost:4200/@fs/D:/repos/luxuryapp-api/appsweb/angular/.angular/cache/22.1.8/luxury-app/vite/deps/core-gRj2gSiC.js?v=b1c063b9:2321
[    3780ms] [ERROR] NG0303: Can't bind to 'ngIf' since it isn't a known property of 'button' (used in the '_TicketLegalLista' component template).
If the 'ngIf' is an Angular control flow directive, please make sure that either the 'NgIf' directive or the 'CommonModule' is included in the '@Component.imports' of this component. @ http://localhost:4200/@fs/D:/repos/luxuryapp-api/appsweb/angular/.angular/cache/22.1.8/luxury-app/vite/deps/core-gRj2gSiC.js?v=b1c063b9:2321
[    3788ms] [ERROR] NG0303: Can't bind to 'ngIf' since it isn't a known property of 'button' (used in the '_TicketLegalLista' component template).
If the 'ngIf' is an Angular control flow directive, please make sure that either the 'NgIf' directive or the 'CommonModule' is included in the '@Component.imports' of this component. @ http://localhost:4200/@fs/D:/repos/luxuryapp-api/appsweb/angular/.angular/cache/22.1.8/luxury-app/vite/deps/core-gRj2gSiC.js?v=b1c063b9:2321
[    3795ms] [ERROR] NG0303: Can't bind to 'ngIf' since it isn't a known property of 'button' (used in the '_TicketLegalLista' component template).
If the 'ngIf' is an Angular control flow directive, please make sure that either the 'NgIf' directive or the 'CommonModule' is included in the '@Component.imports' of this component. @ http://localhost:4200/@fs/D:/repos/luxuryapp-api/appsweb/angular/.angular/cache/22.1.8/luxury-app/vite/deps/core-gRj2gSiC.js?v=b1c063b9:2321
[    3801ms] [ERROR] NG0303: Can't bind to 'ngIf' since it isn't a known property of 'button' (used in the '_TicketLegalLista' component template).
If the 'ngIf' is an Angular control flow directive, please make sure that either the 'NgIf' directive or the 'CommonModule' is included in the '@Component.imports' of this component. @ http://localhost:4200/@fs/D:/repos/luxuryapp-api/appsweb/angular/.angular/cache/22.1.8/luxury-app/vite/deps/core-gRj2gSiC.js?v=b1c063b9:2321
[    3806ms] [ERROR] NG0303: Can't bind to 'ngIf' since it isn't a known property of 'button' (used in the '_TicketLegalLista' component template).
If the 'ngIf' is an Angular control flow directive, please make sure that either the 'NgIf' directive or the 'CommonModule' is included in the '@Component.imports' of this component. @ http://localhost:4200/@fs/D:/repos/luxuryapp-api/appsweb/angular/.angular/cache/22.1.8/luxury-app/vite/deps/core-gRj2gSiC.js?v=b1c063b9:2321
[    3811ms] [ERROR] NG0303: Can't bind to 'ngIf' since it isn't a known property of 'button' (used in the '_TicketLegalLista' component template).
If the 'ngIf' is an Angular control flow directive, please make sure that either the 'NgIf' directive or the 'CommonModule' is included in the '@Component.imports' of this component. @ http://localhost:4200/@fs/D:/repos/luxuryapp-api/appsweb/angular/.angular/cache/22.1.8/luxury-app/vite/deps/core-gRj2gSiC.js?v=b1c063b9:2321
[    3816ms] [ERROR] NG0303: Can't bind to 'ngIf' since it isn't a known property of 'button' (used in the '_TicketLegalLista' component template).
If the 'ngIf' is an Angular control flow directive, please make sure that either the 'NgIf' directive or the 'CommonModule' is included in the '@Component.imports' of this component. @ http://localhost:4200/@fs/D:/repos/luxuryapp-api/appsweb/angular/.angular/cache/22.1.8/luxury-app/vite/deps/core-gRj2gSiC.js?v=b1c063b9:2321
[    3821ms] [ERROR] NG0303: Can't bind to 'ngIf' since it isn't a known property of 'button' (used in the '_TicketLegalLista' component template).
If the 'ngIf' is an Angular control flow directive, please make sure that either the 'NgIf' directive or the 'CommonModule' is included in the '@Component.imports' of this component. @ http://localhost:4200/@fs/D:/repos/luxuryapp-api/appsweb/angular/.angular/cache/22.1.8/luxury-app/vite/deps/core-gRj2gSiC.js?v=b1c063b9:2321
[    3826ms] [ERROR] NG0303: Can't bind to 'ngIf' since it isn't a known property of 'button' (used in the '_TicketLegalLista' component template).
If the 'ngIf' is an Angular control flow directive, please make sure that either the 'NgIf' directive or the 'CommonModule' is included in the '@Component.imports' of this component. @ http://localhost:4200/@fs/D:/repos/luxuryapp-api/appsweb/angular/.angular/cache/22.1.8/luxury-app/vite/deps/core-gRj2gSiC.js?v=b1c063b9:2321
[    3832ms] [ERROR] NG0303: Can't bind to 'ngIf' since it isn't a known property of 'button' (used in the '_TicketLegalLista' component template).
If the 'ngIf' is an Angular control flow directive, please make sure that either the 'NgIf' directive or the 'CommonModule' is included in the '@Component.imports' of this component. @ http://localhost:4200/@fs/D:/repos/luxuryapp-api/appsweb/angular/.angular/cache/22.1.8/luxury-app/vite/deps/core-gRj2gSiC.js?v=b1c063b9:2321
[    3840ms] [ERROR] NG0303: Can't bind to 'ngIf' since it isn't a known property of 'button' (used in the '_TicketLegalLista' component template).
If the 'ngIf' is an Angular control flow directive, please make sure that either the 'NgIf' directive or the 'CommonModule' is included in the '@Component.imports' of this component. @ http://localhost:4200/@fs/D:/repos/luxuryapp-api/appsweb/angular/.angular/cache/22.1.8/luxury-app/vite/deps/core-gRj2gSiC.js?v=b1c063b9:2321
[    3847ms] [ERROR] NG0303: Can't bind to 'ngIf' since it isn't a known property of 'button' (used in the '_TicketLegalLista' component template).
If the 'ngIf' is an Angular control flow directive, please make sure that either the 'NgIf' directive or the 'CommonModule' is included in the '@Component.imports' of this component. @ http://localhost:4200/@fs/D:/repos/luxuryapp-api/appsweb/angular/.angular/cache/22.1.8/luxury-app/vite/deps/core-gRj2gSiC.js?v=b1c063b9:2321
[    3853ms] [ERROR] NG0303: Can't bind to 'ngIf' since it isn't a known property of 'button' (used in the '_TicketLegalLista' component template).
If the 'ngIf' is an Angular control flow directive, please make sure that either the 'NgIf' directive or the 'CommonModule' is included in the '@Component.imports' of this component. @ http://localhost:4200/@fs/D:/repos/luxuryapp-api/appsweb/angular/.angular/cache/22.1.8/luxury-app/vite/deps/core-gRj2gSiC.js?v=b1c063b9:2321
[    3858ms] [ERROR] NG0303: Can't bind to 'ngIf' since it isn't a known property of 'button' (used in the '_TicketLegalLista' component template).
If the 'ngIf' is an Angular control flow directive, please make sure that either the 'NgIf' directive or the 'CommonModule' is included in the '@Component.imports' of this component. @ http://localhost:4200/@fs/D:/repos/luxuryapp-api/appsweb/angular/.angular/cache/22.1.8/luxury-app/vite/deps/core-gRj2gSiC.js?v=b1c063b9:2321
[    3863ms] [ERROR] NG0303: Can't bind to 'ngIf' since it isn't a known property of 'button' (used in the '_TicketLegalLista' component template).
If the 'ngIf' is an Angular control flow directive, please make sure that either the 'NgIf' directive or the 'CommonModule' is included in the '@Component.imports' of this component. @ http://localhost:4200/@fs/D:/repos/luxuryapp-api/appsweb/angular/.angular/cache/22.1.8/luxury-app/vite/deps/core-gRj2gSiC.js?v=b1c063b9:2321
[    3869ms] [ERROR] NG0303: Can't bind to 'ngIf' since it isn't a known property of 'button' (used in the '_TicketLegalLista' component template).
If the 'ngIf' is an Angular control flow directive, please make sure that either the 'NgIf' directive or the 'CommonModule' is included in the '@Component.imports' of this component. @ http://localhost:4200/@fs/D:/repos/luxuryapp-api/appsweb/angular/.angular/cache/22.1.8/luxury-app/vite/deps/core-gRj2gSiC.js?v=b1c063b9:2321
[    3873ms] [ERROR] NG0303: Can't bind to 'ngIf' since it isn't a known property of 'button' (used in the '_TicketLegalLista' component template).
If the 'ngIf' is an Angular control flow directive, please make sure that either the 'NgIf' directive or the 'CommonModule' is included in the '@Component.imports' of this component. @ http://localhost:4200/@fs/D:/repos/luxuryapp-api/appsweb/angular/.angular/cache/22.1.8/luxury-app/vite/deps/core-gRj2gSiC.js?v=b1c063b9:2321
[    3878ms] [ERROR] NG0303: Can't bind to 'ngIf' since it isn't a known property of 'button' (used in the '_TicketLegalLista' component template).
If the 'ngIf' is an Angular control flow directive, please make sure that either the 'NgIf' directive or the 'CommonModule' is included in the '@Component.imports' of this component. @ http://localhost:4200/@fs/D:/repos/luxuryapp-api/appsweb/angular/.angular/cache/22.1.8/luxury-app/vite/deps/core-gRj2gSiC.js?v=b1c063b9:2321
[    3883ms] [ERROR] NG0303: Can't bind to 'ngIf' since it isn't a known property of 'button' (used in the '_TicketLegalLista' component template).
If the 'ngIf' is an Angular control flow directive, please make sure that either the 'NgIf' directive or the 'CommonModule' is included in the '@Component.imports' of this component. @ http://localhost:4200/@fs/D:/repos/luxuryapp-api/appsweb/angular/.angular/cache/22.1.8/luxury-app/vite/deps/core-gRj2gSiC.js?v=b1c063b9:2321
[    3888ms] [ERROR] NG0303: Can't bind to 'ngIf' since it isn't a known property of 'button' (used in the '_TicketLegalLista' component template).
If the 'ngIf' is an Angular control flow directive, please make sure that either the 'NgIf' directive or the 'CommonModule' is included in the '@Component.imports' of this component. @ http://localhost:4200/@fs/D:/repos/luxuryapp-api/appsweb/angular/.angular/cache/22.1.8/luxury-app/vite/deps/core-gRj2gSiC.js?v=b1c063b9:2321
[    3894ms] [ERROR] NG0303: Can't bind to 'ngIf' since it isn't a known property of 'button' (used in the '_TicketLegalLista' component template).
If the 'ngIf' is an Angular control flow directive, please make sure that either the 'NgIf' directive or the 'CommonModule' is included in the '@Component.imports' of this component. @ http://localhost:4200/@fs/D:/repos/luxuryapp-api/appsweb/angular/.angular/cache/22.1.8/luxury-app/vite/deps/core-gRj2gSiC.js?v=b1c063b9:2321
[    3902ms] [ERROR] NG0303: Can't bind to 'ngIf' since it isn't a known property of 'button' (used in the '_TicketLegalLista' component template).
If the 'ngIf' is an Angular control flow directive, please make sure that either the 'NgIf' directive or the 'CommonModule' is included in the '@Component.imports' of this component. @ http://localhost:4200/@fs/D:/repos/luxuryapp-api/appsweb/angular/.angular/cache/22.1.8/luxury-app/vite/deps/core-gRj2gSiC.js?v=b1c063b9:2321
[    3908ms] [ERROR] NG0303: Can't bind to 'ngIf' since it isn't a known property of 'button' (used in the '_TicketLegalLista' component template).
If the 'ngIf' is an Angular control flow directive, please make sure that either the 'NgIf' directive or the 'CommonModule' is included in the '@Component.imports' of this component. @ http://localhost:4200/@fs/D:/repos/luxuryapp-api/appsweb/angular/.angular/cache/22.1.8/luxury-app/vite/deps/core-gRj2gSiC.js?v=b1c063b9:2321
[    3912ms] [ERROR] NG0303: Can't bind to 'ngIf' since it isn't a known property of 'button' (used in the '_TicketLegalLista' component template).
If the 'ngIf' is an Angular control flow directive, please make sure that either the 'NgIf' directive or the 'CommonModule' is included in the '@Component.imports' of this component. @ http://localhost:4200/@fs/D:/repos/luxuryapp-api/appsweb/angular/.angular/cache/22.1.8/luxury-app/vite/deps/core-gRj2gSiC.js?v=b1c063b9:2321
[    3918ms] [ERROR] NG0303: Can't bind to 'ngIf' since it isn't a known property of 'button' (used in the '_TicketLegalLista' component template).
If the 'ngIf' is an Angular control flow directive, please make sure that either the 'NgIf' directive or the 'CommonModule' is included in the '@Component.imports' of this component. @ http://localhost:4200/@fs/D:/repos/luxuryapp-api/appsweb/angular/.angular/cache/22.1.8/luxury-app/vite/deps/core-gRj2gSiC.js?v=b1c063b9:2321
[    3923ms] [ERROR] NG0303: Can't bind to 'ngIf' since it isn't a known property of 'button' (used in the '_TicketLegalLista' component template).
If the 'ngIf' is an Angular control flow directive, please make sure that either the 'NgIf' directive or the 'CommonModule' is included in the '@Component.imports' of this component. @ http://localhost:4200/@fs/D:/repos/luxuryapp-api/appsweb/angular/.angular/cache/22.1.8/luxury-app/vite/deps/core-gRj2gSiC.js?v=b1c063b9:2321
[    3926ms] [ERROR] NG0303: Can't bind to 'ngIf' since it isn't a known property of 'button' (used in the '_TicketLegalLista' component template).
If the 'ngIf' is an Angular control flow directive, please make sure that either the 'NgIf' directive or the 'CommonModule' is included in the '@Component.imports' of this component. @ http://localhost:4200/@fs/D:/repos/luxuryapp-api/appsweb/angular/.angular/cache/22.1.8/luxury-app/vite/deps/core-gRj2gSiC.js?v=b1c063b9:2321
[    3930ms] [ERROR] NG0303: Can't bind to 'ngIf' since it isn't a known property of 'button' (used in the '_TicketLegalLista' component template).
If the 'ngIf' is an Angular control flow directive, please make sure that either the 'NgIf' directive or the 'CommonModule' is included in the '@Component.imports' of this component. @ http://localhost:4200/@fs/D:/repos/luxuryapp-api/appsweb/angular/.angular/cache/22.1.8/luxury-app/vite/deps/core-gRj2gSiC.js?v=b1c063b9:2321
[    3962ms] [ERROR] NG0303: Can't bind to 'ngIf' since it isn't a known property of 'ili-button-item' (used in the '_TicketLegalLista' component template).
If the 'ngIf' is an Angular control flow directive, please make sure that either the 'NgIf' directive or the 'CommonModule' is included in the '@Component.imports' of this component. @ http://localhost:4200/@fs/D:/repos/luxuryapp-api/appsweb/angular/.angular/cache/22.1.8/luxury-app/vite/deps/core-gRj2gSiC.js?v=b1c063b9:2321
[    3964ms] [ERROR] NG0303: Can't bind to 'ngIf' since it isn't a known property of 'ili-button-item' (used in the '_TicketLegalLista' component template).
If the 'ngIf' is an Angular control flow directive, please make sure that either the 'NgIf' directive or the 'CommonModule' is included in the '@Component.imports' of this component. @ http://localhost:4200/@fs/D:/repos/luxuryapp-api/appsweb/angular/.angular/cache/22.1.8/luxury-app/vite/deps/core-gRj2gSiC.js?v=b1c063b9:2321
[    3965ms] [ERROR] NG0303: Can't bind to 'ngIf' since it isn't a known property of 'ili-button-item' (used in the '_TicketLegalLista' component template).
If the 'ngIf' is an Angular control flow directive, please make sure that either the 'NgIf' directive or the 'CommonModule' is included in the '@Component.imports' of this component. @ http://localhost:4200/@fs/D:/repos/luxuryapp-api/appsweb/angular/.angular/cache/22.1.8/luxury-app/vite/deps/core-gRj2gSiC.js?v=b1c063b9:2321
[    3967ms] [ERROR] NG0303: Can't bind to 'ngIf' since it isn't a known property of 'ili-button-item' (used in the '_TicketLegalLista' component template).
If the 'ngIf' is an Angular control flow directive, please make sure that either the 'NgIf' directive or the 'CommonModule' is included in the '@Component.imports' of this component. @ http://localhost:4200/@fs/D:/repos/luxuryapp-api/appsweb/angular/.angular/cache/22.1.8/luxury-app/vite/deps/core-gRj2gSiC.js?v=b1c063b9:2321
[    3969ms] [ERROR] NG0303: Can't bind to 'ngIf' since it isn't a known property of 'ili-button-item' (used in the '_TicketLegalLista' component template).
If the 'ngIf' is an Angular control flow directive, please make sure that either the 'NgIf' directive or the 'CommonModule' is included in the '@Component.imports' of this component. @ http://localhost:4200/@fs/D:/repos/luxuryapp-api/appsweb/angular/.angular/cache/22.1.8/luxury-app/vite/deps/core-gRj2gSiC.js?v=b1c063b9:2321
[    3971ms] [ERROR] NG0303: Can't bind to 'ngIf' since it isn't a known property of 'ili-button-item' (used in the '_TicketLegalLista' component template).
If the 'ngIf' is an Angular control flow directive, please make sure that either the 'NgIf' directive or the 'CommonModule' is included in the '@Component.imports' of this component. @ http://localhost:4200/@fs/D:/repos/luxuryapp-api/appsweb/angular/.angular/cache/22.1.8/luxury-app/vite/deps/core-gRj2gSiC.js?v=b1c063b9:2321
[    3972ms] [ERROR] NG0303: Can't bind to 'ngIf' since it isn't a known property of 'ili-button-item' (used in the '_TicketLegalLista' component template).
If the 'ngIf' is an Angular control flow directive, please make sure that either the 'NgIf' directive or the 'CommonModule' is included in the '@Component.imports' of this component. @ http://localhost:4200/@fs/D:/repos/luxuryapp-api/appsweb/angular/.angular/cache/22.1.8/luxury-app/vite/deps/core-gRj2gSiC.js?v=b1c063b9:2321
[    3974ms] [ERROR] NG0303: Can't bind to 'ngIf' since it isn't a known property of 'ili-button-item' (used in the '_TicketLegalLista' component template).
If the 'ngIf' is an Angular control flow directive, please make sure that either the 'NgIf' directive or the 'CommonModule' is included in the '@Component.imports' of this component. @ http://localhost:4200/@fs/D:/repos/luxuryapp-api/appsweb/angular/.angular/cache/22.1.8/luxury-app/vite/deps/core-gRj2gSiC.js?v=b1c063b9:2321
[    3975ms] [ERROR] NG0303: Can't bind to 'ngIf' since it isn't a known property of 'ili-button-item' (used in the '_TicketLegalLista' component template).
If the 'ngIf' is an Angular control flow directive, please make sure that either the 'NgIf' directive or the 'CommonModule' is included in the '@Component.imports' of this component. @ http://localhost:4200/@fs/D:/repos/luxuryapp-api/appsweb/angular/.angular/cache/22.1.8/luxury-app/vite/deps/core-gRj2gSiC.js?v=b1c063b9:2321
[    3977ms] [ERROR] NG0303: Can't bind to 'ngIf' since it isn't a known property of 'ili-button-item' (used in the '_TicketLegalLista' component template).
If the 'ngIf' is an Angular control flow directive, please make sure that either the 'NgIf' directive or the 'CommonModule' is included in the '@Component.imports' of this component. @ http://localhost:4200/@fs/D:/repos/luxuryapp-api/appsweb/angular/.angular/cache/22.1.8/luxury-app/vite/deps/core-gRj2gSiC.js?v=b1c063b9:2321
[    3978ms] [ERROR] NG0303: Can't bind to 'ngIf' since it isn't a known property of 'ili-button-item' (used in the '_TicketLegalLista' component template).
If the 'ngIf' is an Angular control flow directive, please make sure that either the 'NgIf' directive or the 'CommonModule' is included in the '@Component.imports' of this component. @ http://localhost:4200/@fs/D:/repos/luxuryapp-api/appsweb/angular/.angular/cache/22.1.8/luxury-app/vite/deps/core-gRj2gSiC.js?v=b1c063b9:2321
[    3979ms] [ERROR] NG0303: Can't bind to 'ngIf' since it isn't a known property of 'ili-button-item' (used in the '_TicketLegalLista' component template).
If the 'ngIf' is an Angular control flow directive, please make sure that either the 'NgIf' directive or the 'CommonModule' is included in the '@Component.imports' of this component. @ http://localhost:4200/@fs/D:/repos/luxuryapp-api/appsweb/angular/.angular/cache/22.1.8/luxury-app/vite/deps/core-gRj2gSiC.js?v=b1c063b9:2321
[    3981ms] [ERROR] NG0303: Can't bind to 'ngIf' since it isn't a known property of 'ili-button-item' (used in the '_TicketLegalLista' component template).
If the 'ngIf' is an Angular control flow directive, please make sure that either the 'NgIf' directive or the 'CommonModule' is included in the '@Component.imports' of this component. @ http://localhost:4200/@fs/D:/repos/luxuryapp-api/appsweb/angular/.angular/cache/22.1.8/luxury-app/vite/deps/core-gRj2gSiC.js?v=b1c063b9:2321
[    3982ms] [ERROR] NG0303: Can't bind to 'ngIf' since it isn't a known property of 'ili-button-item' (used in the '_TicketLegalLista' component template).
If the 'ngIf' is an Angular control flow directive, please make sure that either the 'NgIf' directive or the 'CommonModule' is included in the '@Component.imports' of this component. @ http://localhost:4200/@fs/D:/repos/luxuryapp-api/appsweb/angular/.angular/cache/22.1.8/luxury-app/vite/deps/core-gRj2gSiC.js?v=b1c063b9:2321
[    3983ms] [ERROR] NG0303: Can't bind to 'ngIf' since it isn't a known property of 'ili-button-item' (used in the '_TicketLegalLista' component template).
If the 'ngIf' is an Angular control flow directive, please make sure that either the 'NgIf' directive or the 'CommonModule' is included in the '@Component.imports' of this component. @ http://localhost:4200/@fs/D:/repos/luxuryapp-api/appsweb/angular/.angular/cache/22.1.8/luxury-app/vite/deps/core-gRj2gSiC.js?v=b1c063b9:2321
[    3986ms] [ERROR] NG0303: Can't bind to 'ngIf' since it isn't a known property of 'ili-button-item' (used in the '_TicketLegalLista' component template).
If the 'ngIf' is an Angular control flow directive, please make sure that either the 'NgIf' directive or the 'CommonModule' is included in the '@Component.imports' of this component. @ http://localhost:4200/@fs/D:/repos/luxuryapp-api/appsweb/angular/.angular/cache/22.1.8/luxury-app/vite/deps/core-gRj2gSiC.js?v=b1c063b9:2321
[    3988ms] [ERROR] NG0303: Can't bind to 'ngIf' since it isn't a known property of 'ili-button-item' (used in the '_TicketLegalLista' component template).
If the 'ngIf' is an Angular control flow directive, please make sure that either the 'NgIf' directive or the 'CommonModule' is included in the '@Component.imports' of this component. @ http://localhost:4200/@fs/D:/repos/luxuryapp-api/appsweb/angular/.angular/cache/22.1.8/luxury-app/vite/deps/core-gRj2gSiC.js?v=b1c063b9:2321
[    3991ms] [ERROR] NG0303: Can't bind to 'ngIf' since it isn't a known property of 'ili-button-item' (used in the '_TicketLegalLista' component template).
If the 'ngIf' is an Angular control flow directive, please make sure that either the 'NgIf' directive or the 'CommonModule' is included in the '@Component.imports' of this component. @ http://localhost:4200/@fs/D:/repos/luxuryapp-api/appsweb/angular/.angular/cache/22.1.8/luxury-app/vite/deps/core-gRj2gSiC.js?v=b1c063b9:2321
[    3994ms] [ERROR] NG0303: Can't bind to 'ngIf' since it isn't a known property of 'ili-button-item' (used in the '_TicketLegalLista' component template).
If the 'ngIf' is an Angular control flow directive, please make sure that either the 'NgIf' directive or the 'CommonModule' is included in the '@Component.imports' of this component. @ http://localhost:4200/@fs/D:/repos/luxuryapp-api/appsweb/angular/.angular/cache/22.1.8/luxury-app/vite/deps/core-gRj2gSiC.js?v=b1c063b9:2321
[    3996ms] [ERROR] NG0303: Can't bind to 'ngIf' since it isn't a known property of 'ili-button-item' (used in the '_TicketLegalLista' component template).
If the 'ngIf' is an Angular control flow directive, please make sure that either the 'NgIf' directive or the 'CommonModule' is included in the '@Component.imports' of this component. @ http://localhost:4200/@fs/D:/repos/luxuryapp-api/appsweb/angular/.angular/cache/22.1.8/luxury-app/vite/deps/core-gRj2gSiC.js?v=b1c063b9:2321
[    3997ms] [ERROR] NG0303: Can't bind to 'ngIf' since it isn't a known property of 'ili-button-item' (used in the '_TicketLegalLista' component template).
If the 'ngIf' is an Angular control flow directive, please make sure that either the 'NgIf' directive or the 'CommonModule' is included in the '@Component.imports' of this component. @ http://localhost:4200/@fs/D:/repos/luxuryapp-api/appsweb/angular/.angular/cache/22.1.8/luxury-app/vite/deps/core-gRj2gSiC.js?v=b1c063b9:2321
[    3999ms] [ERROR] NG0303: Can't bind to 'ngIf' since it isn't a known property of 'ili-button-item' (used in the '_TicketLegalLista' component template).
If the 'ngIf' is an Angular control flow directive, please make sure that either the 'NgIf' directive or the 'CommonModule' is included in the '@Component.imports' of this component. @ http://localhost:4200/@fs/D:/repos/luxuryapp-api/appsweb/angular/.angular/cache/22.1.8/luxury-app/vite/deps/core-gRj2gSiC.js?v=b1c063b9:2321
[    4001ms] [ERROR] NG0303: Can't bind to 'ngIf' since it isn't a known property of 'ili-button-item' (used in the '_TicketLegalLista' component template).
If the 'ngIf' is an Angular control flow directive, please make sure that either the 'NgIf' directive or the 'CommonModule' is included in the '@Component.imports' of this component. @ http://localhost:4200/@fs/D:/repos/luxuryapp-api/appsweb/angular/.angular/cache/22.1.8/luxury-app/vite/deps/core-gRj2gSiC.js?v=b1c063b9:2321
[    4002ms] [ERROR] NG0303: Can't bind to 'ngIf' since it isn't a known property of 'ili-button-item' (used in the '_TicketLegalLista' component template).
If the 'ngIf' is an Angular control flow directive, please make sure that either the 'NgIf' directive or the 'CommonModule' is included in the '@Component.imports' of this component. @ http://localhost:4200/@fs/D:/repos/luxuryapp-api/appsweb/angular/.angular/cache/22.1.8/luxury-app/vite/deps/core-gRj2gSiC.js?v=b1c063b9:2321
[    4003ms] [ERROR] NG0303: Can't bind to 'ngIf' since it isn't a known property of 'ili-button-item' (used in the '_TicketLegalLista' component template).
If the 'ngIf' is an Angular control flow directive, please make sure that either the 'NgIf' directive or the 'CommonModule' is included in the '@Component.imports' of this component. @ http://localhost:4200/@fs/D:/repos/luxuryapp-api/appsweb/angular/.angular/cache/22.1.8/luxury-app/vite/deps/core-gRj2gSiC.js?v=b1c063b9:2321
[    4004ms] [ERROR] NG0303: Can't bind to 'ngIf' since it isn't a known property of 'ili-button-item' (used in the '_TicketLegalLista' component template).
If the 'ngIf' is an Angular control flow directive, please make sure that either the 'NgIf' directive or the 'CommonModule' is included in the '@Component.imports' of this component. @ http://localhost:4200/@fs/D:/repos/luxuryapp-api/appsweb/angular/.angular/cache/22.1.8/luxury-app/vite/deps/core-gRj2gSiC.js?v=b1c063b9:2321
[    4005ms] [ERROR] NG0303: Can't bind to 'ngIf' since it isn't a known property of 'ili-button-item' (used in the '_TicketLegalLista' component template).
If the 'ngIf' is an Angular control flow directive, please make sure that either the 'NgIf' directive or the 'CommonModule' is included in the '@Component.imports' of this component. @ http://localhost:4200/@fs/D:/repos/luxuryapp-api/appsweb/angular/.angular/cache/22.1.8/luxury-app/vite/deps/core-gRj2gSiC.js?v=b1c063b9:2321
[    4007ms] [ERROR] NG0303: Can't bind to 'ngIf' since it isn't a known property of 'ili-button-item' (used in the '_TicketLegalLista' component template).
If the 'ngIf' is an Angular control flow directive, please make sure that either the 'NgIf' directive or the 'CommonModule' is included in the '@Component.imports' of this component. @ http://localhost:4200/@fs/D:/repos/luxuryapp-api/appsweb/angular/.angular/cache/22.1.8/luxury-app/vite/deps/core-gRj2gSiC.js?v=b1c063b9:2321
[    4008ms] [ERROR] NG0303: Can't bind to 'ngIf' since it isn't a known property of 'ili-button-item' (used in the '_TicketLegalLista' component template).
If the 'ngIf' is an Angular control flow directive, please make sure that either the 'NgIf' directive or the 'CommonModule' is included in the '@Component.imports' of this component. @ http://localhost:4200/@fs/D:/repos/luxuryapp-api/appsweb/angular/.angular/cache/22.1.8/luxury-app/vite/deps/core-gRj2gSiC.js?v=b1c063b9:2321
[    4009ms] [ERROR] NG0303: Can't bind to 'ngIf' since it isn't a known property of 'ili-button-item' (used in the '_TicketLegalLista' component template).
If the 'ngIf' is an Angular control flow directive, please make sure that either the 'NgIf' directive or the 'CommonModule' is included in the '@Component.imports' of this component. @ http://localhost:4200/@fs/D:/repos/luxuryapp-api/appsweb/angular/.angular/cache/22.1.8/luxury-app/vite/deps/core-gRj2gSiC.js?v=b1c063b9:2321
[    4010ms] [ERROR] NG0303: Can't bind to 'ngIf' since it isn't a known property of 'ili-button-item' (used in the '_TicketLegalLista' component template).
If the 'ngIf' is an Angular control flow directive, please make sure that either the 'NgIf' directive or the 'CommonModule' is included in the '@Component.imports' of this component. @ http://localhost:4200/@fs/D:/repos/luxuryapp-api/appsweb/angular/.angular/cache/22.1.8/luxury-app/vite/deps/core-gRj2gSiC.js?v=b1c063b9:2321
[    4012ms] [ERROR] NG0303: Can't bind to 'ngIf' since it isn't a known property of 'ili-button-item' (used in the '_TicketLegalLista' component template).
If the 'ngIf' is an Angular control flow directive, please make sure that either the 'NgIf' directive or the 'CommonModule' is included in the '@Component.imports' of this component. @ http://localhost:4200/@fs/D:/repos/luxuryapp-api/appsweb/angular/.angular/cache/22.1.8/luxury-app/vite/deps/core-gRj2gSiC.js?v=b1c063b9:2321
[    4013ms] [ERROR] NG0303: Can't bind to 'ngIf' since it isn't a known property of 'ili-button-item' (used in the '_TicketLegalLista' component template).
If the 'ngIf' is an Angular control flow directive, please make sure that either the 'NgIf' directive or the 'CommonModule' is included in the '@Component.imports' of this component. @ http://localhost:4200/@fs/D:/repos/luxuryapp-api/appsweb/angular/.angular/cache/22.1.8/luxury-app/vite/deps/core-gRj2gSiC.js?v=b1c063b9:2321
[    4014ms] [ERROR] NG0303: Can't bind to 'ngIf' since it isn't a known property of 'ili-button-item' (used in the '_TicketLegalLista' component template).
If the 'ngIf' is an Angular control flow directive, please make sure that either the 'NgIf' directive or the 'CommonModule' is included in the '@Component.imports' of this component. @ http://localhost:4200/@fs/D:/repos/luxuryapp-api/appsweb/angular/.angular/cache/22.1.8/luxury-app/vite/deps/core-gRj2gSiC.js?v=b1c063b9:2321
[    4015ms] [ERROR] NG0303: Can't bind to 'ngIf' since it isn't a known property of 'ili-button-item' (used in the '_TicketLegalLista' component template).
If the 'ngIf' is an Angular control flow directive, please make sure that either the 'NgIf' directive or the 'CommonModule' is included in the '@Component.imports' of this component. @ http://localhost:4200/@fs/D:/repos/luxuryapp-api/appsweb/angular/.angular/cache/22.1.8/luxury-app/vite/deps/core-gRj2gSiC.js?v=b1c063b9:2321
[    4016ms] [ERROR] NG0303: Can't bind to 'ngIf' since it isn't a known property of 'ili-button-item' (used in the '_TicketLegalLista' component template).
If the 'ngIf' is an Angular control flow directive, please make sure that either the 'NgIf' directive or the 'CommonModule' is included in the '@Component.imports' of this component. @ http://localhost:4200/@fs/D:/repos/luxuryapp-api/appsweb/angular/.angular/cache/22.1.8/luxury-app/vite/deps/core-gRj2gSiC.js?v=b1c063b9:2321
[    4017ms] [ERROR] NG0303: Can't bind to 'ngIf' since it isn't a known property of 'ili-button-item' (used in the '_TicketLegalLista' component template).
If the 'ngIf' is an Angular control flow directive, please make sure that either the 'NgIf' directive or the 'CommonModule' is included in the '@Component.imports' of this component. @ http://localhost:4200/@fs/D:/repos/luxuryapp-api/appsweb/angular/.angular/cache/22.1.8/luxury-app/vite/deps/core-gRj2gSiC.js?v=b1c063b9:2321
[    4018ms] [ERROR] NG0303: Can't bind to 'ngIf' since it isn't a known property of 'ili-button-item' (used in the '_TicketLegalLista' component template).
If the 'ngIf' is an Angular control flow directive, please make sure that either the 'NgIf' directive or the 'CommonModule' is included in the '@Component.imports' of this component. @ http://localhost:4200/@fs/D:/repos/luxuryapp-api/appsweb/angular/.angular/cache/22.1.8/luxury-app/vite/deps/core-gRj2gSiC.js?v=b1c063b9:2321
[    4020ms] [ERROR] NG0303: Can't bind to 'ngIf' since it isn't a known property of 'ili-button-item' (used in the '_TicketLegalLista' component template).
If the 'ngIf' is an Angular control flow directive, please make sure that either the 'NgIf' directive or the 'CommonModule' is included in the '@Component.imports' of this component. @ http://localhost:4200/@fs/D:/repos/luxuryapp-api/appsweb/angular/.angular/cache/22.1.8/luxury-app/vite/deps/core-gRj2gSiC.js?v=b1c063b9:2321
[    4023ms] [ERROR] NG0303: Can't bind to 'ngIf' since it isn't a known property of 'ili-button-item' (used in the '_TicketLegalLista' component template).
If the 'ngIf' is an Angular control flow directive, please make sure that either the 'NgIf' directive or the 'CommonModule' is included in the '@Component.imports' of this component. @ http://localhost:4200/@fs/D:/repos/luxuryapp-api/appsweb/angular/.angular/cache/22.1.8/luxury-app/vite/deps/core-gRj2gSiC.js?v=b1c063b9:2321
[    4024ms] [ERROR] NG0303: Can't bind to 'ngIf' since it isn't a known property of 'ili-button-item' (used in the '_TicketLegalLista' component template).
If the 'ngIf' is an Angular control flow directive, please make sure that either the 'NgIf' directive or the 'CommonModule' is included in the '@Component.imports' of this component. @ http://localhost:4200/@fs/D:/repos/luxuryapp-api/appsweb/angular/.angular/cache/22.1.8/luxury-app/vite/deps/core-gRj2gSiC.js?v=b1c063b9:2321
[    4026ms] [ERROR] NG0303: Can't bind to 'ngIf' since it isn't a known property of 'ili-button-item' (used in the '_TicketLegalLista' component template).
If the 'ngIf' is an Angular control flow directive, please make sure that either the 'NgIf' directive or the 'CommonModule' is included in the '@Component.imports' of this component. @ http://localhost:4200/@fs/D:/repos/luxuryapp-api/appsweb/angular/.angular/cache/22.1.8/luxury-app/vite/deps/core-gRj2gSiC.js?v=b1c063b9:2321
[    4027ms] [ERROR] NG0303: Can't bind to 'ngIf' since it isn't a known property of 'ili-button-item' (used in the '_TicketLegalLista' component template).
If the 'ngIf' is an Angular control flow directive, please make sure that either the 'NgIf' directive or the 'CommonModule' is included in the '@Component.imports' of this component. @ http://localhost:4200/@fs/D:/repos/luxuryapp-api/appsweb/angular/.angular/cache/22.1.8/luxury-app/vite/deps/core-gRj2gSiC.js?v=b1c063b9:2321
[    4028ms] [ERROR] NG0303: Can't bind to 'ngIf' since it isn't a known property of 'ili-button-item' (used in the '_TicketLegalLista' component template).
If the 'ngIf' is an Angular control flow directive, please make sure that either the 'NgIf' directive or the 'CommonModule' is included in the '@Component.imports' of this component. @ http://localhost:4200/@fs/D:/repos/luxuryapp-api/appsweb/angular/.angular/cache/22.1.8/luxury-app/vite/deps/core-gRj2gSiC.js?v=b1c063b9:2321
[    4029ms] [ERROR] NG0303: Can't bind to 'ngIf' since it isn't a known property of 'ili-button-item' (used in the '_TicketLegalLista' component template).
If the 'ngIf' is an Angular control flow directive, please make sure that either the 'NgIf' directive or the 'CommonModule' is included in the '@Component.imports' of this component. @ http://localhost:4200/@fs/D:/repos/luxuryapp-api/appsweb/angular/.angular/cache/22.1.8/luxury-app/vite/deps/core-gRj2gSiC.js?v=b1c063b9:2321
[    4030ms] [ERROR] NG0303: Can't bind to 'ngIf' since it isn't a known property of 'ili-button-item' (used in the '_TicketLegalLista' component template).
If the 'ngIf' is an Angular control flow directive, please make sure that either the 'NgIf' directive or the 'CommonModule' is included in the '@Component.imports' of this component. @ http://localhost:4200/@fs/D:/repos/luxuryapp-api/appsweb/angular/.angular/cache/22.1.8/luxury-app/vite/deps/core-gRj2gSiC.js?v=b1c063b9:2321
[    4031ms] [ERROR] NG0303: Can't bind to 'ngIf' since it isn't a known property of 'ili-button-item' (used in the '_TicketLegalLista' component template).
If the 'ngIf' is an Angular control flow directive, please make sure that either the 'NgIf' directive or the 'CommonModule' is included in the '@Component.imports' of this component. @ http://localhost:4200/@fs/D:/repos/luxuryapp-api/appsweb/angular/.angular/cache/22.1.8/luxury-app/vite/deps/core-gRj2gSiC.js?v=b1c063b9:2321
[    4032ms] [ERROR] NG0303: Can't bind to 'ngIf' since it isn't a known property of 'ili-button-item' (used in the '_TicketLegalLista' component template).
If the 'ngIf' is an Angular control flow directive, please make sure that either the 'NgIf' directive or the 'CommonModule' is included in the '@Component.imports' of this component. @ http://localhost:4200/@fs/D:/repos/luxuryapp-api/appsweb/angular/.angular/cache/22.1.8/luxury-app/vite/deps/core-gRj2gSiC.js?v=b1c063b9:2321
[    4033ms] [ERROR] NG0303: Can't bind to 'ngIf' since it isn't a known property of 'ili-button-item' (used in the '_TicketLegalLista' component template).
If the 'ngIf' is an Angular control flow directive, please make sure that either the 'NgIf' directive or the 'CommonModule' is included in the '@Component.imports' of this component. @ http://localhost:4200/@fs/D:/repos/luxuryapp-api/appsweb/angular/.angular/cache/22.1.8/luxury-app/vite/deps/core-gRj2gSiC.js?v=b1c063b9:2321
[    4034ms] [ERROR] NG0303: Can't bind to 'ngIf' since it isn't a known property of 'ili-button-item' (used in the '_TicketLegalLista' component template).
If the 'ngIf' is an Angular control flow directive, please make sure that either the 'NgIf' directive or the 'CommonModule' is included in the '@Component.imports' of this component. @ http://localhost:4200/@fs/D:/repos/luxuryapp-api/appsweb/angular/.angular/cache/22.1.8/luxury-app/vite/deps/core-gRj2gSiC.js?v=b1c063b9:2321
[    4035ms] [ERROR] NG0303: Can't bind to 'ngIf' since it isn't a known property of 'ili-button-item' (used in the '_TicketLegalLista' component template).
If the 'ngIf' is an Angular control flow directive, please make sure that either the 'NgIf' directive or the 'CommonModule' is included in the '@Component.imports' of this component. @ http://localhost:4200/@fs/D:/repos/luxuryapp-api/appsweb/angular/.angular/cache/22.1.8/luxury-app/vite/deps/core-gRj2gSiC.js?v=b1c063b9:2321
[    4036ms] [ERROR] NG0303: Can't bind to 'ngIf' since it isn't a known property of 'ili-button-item' (used in the '_TicketLegalLista' component template).
If the 'ngIf' is an Angular control flow directive, please make sure that either the 'NgIf' directive or the 'CommonModule' is included in the '@Component.imports' of this component. @ http://localhost:4200/@fs/D:/repos/luxuryapp-api/appsweb/angular/.angular/cache/22.1.8/luxury-app/vite/deps/core-gRj2gSiC.js?v=b1c063b9:2321
[    4037ms] [ERROR] NG0303: Can't bind to 'ngIf' since it isn't a known property of 'ili-button-item' (used in the '_TicketLegalLista' component template).
If the 'ngIf' is an Angular control flow directive, please make sure that either the 'NgIf' directive or the 'CommonModule' is included in the '@Component.imports' of this component. @ http://localhost:4200/@fs/D:/repos/luxuryapp-api/appsweb/angular/.angular/cache/22.1.8/luxury-app/vite/deps/core-gRj2gSiC.js?v=b1c063b9:2321
[    4038ms] [ERROR] NG0303: Can't bind to 'ngIf' since it isn't a known property of 'ili-button-item' (used in the '_TicketLegalLista' component template).
If the 'ngIf' is an Angular control flow directive, please make sure that either the 'NgIf' directive or the 'CommonModule' is included in the '@Component.imports' of this component. @ http://localhost:4200/@fs/D:/repos/luxuryapp-api/appsweb/angular/.angular/cache/22.1.8/luxury-app/vite/deps/core-gRj2gSiC.js?v=b1c063b9:2321
[    4040ms] [ERROR] NG0303: Can't bind to 'ngIf' since it isn't a known property of 'ili-button-item' (used in the '_TicketLegalLista' component template).
If the 'ngIf' is an Angular control flow directive, please make sure that either the 'NgIf' directive or the 'CommonModule' is included in the '@Component.imports' of this component. @ http://localhost:4200/@fs/D:/repos/luxuryapp-api/appsweb/angular/.angular/cache/22.1.8/luxury-app/vite/deps/core-gRj2gSiC.js?v=b1c063b9:2321
[    4041ms] [ERROR] NG0303: Can't bind to 'ngIf' since it isn't a known property of 'ili-button-item' (used in the '_TicketLegalLista' component template).
If the 'ngIf' is an Angular control flow directive, please make sure that either the 'NgIf' directive or the 'CommonModule' is included in the '@Component.imports' of this component. @ http://localhost:4200/@fs/D:/repos/luxuryapp-api/appsweb/angular/.angular/cache/22.1.8/luxury-app/vite/deps/core-gRj2gSiC.js?v=b1c063b9:2321
[    4042ms] [ERROR] NG0303: Can't bind to 'ngIf' since it isn't a known property of 'ili-button-item' (used in the '_TicketLegalLista' component template).
If the 'ngIf' is an Angular control flow directive, please make sure that either the 'NgIf' directive or the 'CommonModule' is included in the '@Component.imports' of this component. @ http://localhost:4200/@fs/D:/repos/luxuryapp-api/appsweb/angular/.angular/cache/22.1.8/luxury-app/vite/deps/core-gRj2gSiC.js?v=b1c063b9:2321
[    4043ms] [ERROR] NG0303: Can't bind to 'ngIf' since it isn't a known property of 'ili-button-item' (used in the '_TicketLegalLista' component template).
If the 'ngIf' is an Angular control flow directive, please make sure that either the 'NgIf' directive or the 'CommonModule' is included in the '@Component.imports' of this component. @ http://localhost:4200/@fs/D:/repos/luxuryapp-api/appsweb/angular/.angular/cache/22.1.8/luxury-app/vite/deps/core-gRj2gSiC.js?v=b1c063b9:2321
[    4044ms] [ERROR] NG0303: Can't bind to 'ngIf' since it isn't a known property of 'ili-button-item' (used in the '_TicketLegalLista' component template).
If the 'ngIf' is an Angular control flow directive, please make sure that either the 'NgIf' directive or the 'CommonModule' is included in the '@Component.imports' of this component. @ http://localhost:4200/@fs/D:/repos/luxuryapp-api/appsweb/angular/.angular/cache/22.1.8/luxury-app/vite/deps/core-gRj2gSiC.js?v=b1c063b9:2321
[    4045ms] [ERROR] NG0303: Can't bind to 'ngIf' since it isn't a known property of 'ili-button-item' (used in the '_TicketLegalLista' component template).
If the 'ngIf' is an Angular control flow directive, please make sure that either the 'NgIf' directive or the 'CommonModule' is included in the '@Component.imports' of this component. @ http://localhost:4200/@fs/D:/repos/luxuryapp-api/appsweb/angular/.angular/cache/22.1.8/luxury-app/vite/deps/core-gRj2gSiC.js?v=b1c063b9:2321
[    4046ms] [ERROR] NG0303: Can't bind to 'ngIf' since it isn't a known property of 'ili-button-item' (used in the '_TicketLegalLista' component template).
If the 'ngIf' is an Angular control flow directive, please make sure that either the 'NgIf' directive or the 'CommonModule' is included in the '@Component.imports' of this component. @ http://localhost:4200/@fs/D:/repos/luxuryapp-api/appsweb/angular/.angular/cache/22.1.8/luxury-app/vite/deps/core-gRj2gSiC.js?v=b1c063b9:2321
[    4047ms] [ERROR] NG0303: Can't bind to 'ngIf' since it isn't a known property of 'ili-button-item' (used in the '_TicketLegalLista' component template).
If the 'ngIf' is an Angular control flow directive, please make sure that either the 'NgIf' directive or the 'CommonModule' is included in the '@Component.imports' of this component. @ http://localhost:4200/@fs/D:/repos/luxuryapp-api/appsweb/angular/.angular/cache/22.1.8/luxury-app/vite/deps/core-gRj2gSiC.js?v=b1c063b9:2321
[    4048ms] [ERROR] NG0303: Can't bind to 'ngIf' since it isn't a known property of 'ili-button-item' (used in the '_TicketLegalLista' component template).
If the 'ngIf' is an Angular control flow directive, please make sure that either the 'NgIf' directive or the 'CommonModule' is included in the '@Component.imports' of this component. @ http://localhost:4200/@fs/D:/repos/luxuryapp-api/appsweb/angular/.angular/cache/22.1.8/luxury-app/vite/deps/core-gRj2gSiC.js?v=b1c063b9:2321
[    4049ms] [ERROR] NG0303: Can't bind to 'ngIf' since it isn't a known property of 'ili-button-item' (used in the '_TicketLegalLista' component template).
If the 'ngIf' is an Angular control flow directive, please make sure that either the 'NgIf' directive or the 'CommonModule' is included in the '@Component.imports' of this component. @ http://localhost:4200/@fs/D:/repos/luxuryapp-api/appsweb/angular/.angular/cache/22.1.8/luxury-app/vite/deps/core-gRj2gSiC.js?v=b1c063b9:2321
[    4050ms] [ERROR] NG0303: Can't bind to 'ngIf' since it isn't a known property of 'ili-button-item' (used in the '_TicketLegalLista' component template).
If the 'ngIf' is an Angular control flow directive, please make sure that either the 'NgIf' directive or the 'CommonModule' is included in the '@Component.imports' of this component. @ http://localhost:4200/@fs/D:/repos/luxuryapp-api/appsweb/angular/.angular/cache/22.1.8/luxury-app/vite/deps/core-gRj2gSiC.js?v=b1c063b9:2321
[    4051ms] [ERROR] NG0303: Can't bind to 'ngIf' since it isn't a known property of 'ili-button-item' (used in the '_TicketLegalLista' component template).
If the 'ngIf' is an Angular control flow directive, please make sure that either the 'NgIf' directive or the 'CommonModule' is included in the '@Component.imports' of this component. @ http://localhost:4200/@fs/D:/repos/luxuryapp-api/appsweb/angular/.angular/cache/22.1.8/luxury-app/vite/deps/core-gRj2gSiC.js?v=b1c063b9:2321
[    4052ms] [ERROR] NG0303: Can't bind to 'ngIf' since it isn't a known property of 'ili-button-item' (used in the '_TicketLegalLista' component template).
If the 'ngIf' is an Angular control flow directive, please make sure that either the 'NgIf' directive or the 'CommonModule' is included in the '@Component.imports' of this component. @ http://localhost:4200/@fs/D:/repos/luxuryapp-api/appsweb/angular/.angular/cache/22.1.8/luxury-app/vite/deps/core-gRj2gSiC.js?v=b1c063b9:2321
[    4053ms] [ERROR] NG0303: Can't bind to 'ngIf' since it isn't a known property of 'ili-button-item' (used in the '_TicketLegalLista' component template).
If the 'ngIf' is an Angular control flow directive, please make sure that either the 'NgIf' directive or the 'CommonModule' is included in the '@Component.imports' of this component. @ http://localhost:4200/@fs/D:/repos/luxuryapp-api/appsweb/angular/.angular/cache/22.1.8/luxury-app/vite/deps/core-gRj2gSiC.js?v=b1c063b9:2321
[    4054ms] [ERROR] NG0303: Can't bind to 'ngIf' since it isn't a known property of 'ili-button-item' (used in the '_TicketLegalLista' component template).
If the 'ngIf' is an Angular control flow directive, please make sure that either the 'NgIf' directive or the 'CommonModule' is included in the '@Component.imports' of this component. @ http://localhost:4200/@fs/D:/repos/luxuryapp-api/appsweb/angular/.angular/cache/22.1.8/luxury-app/vite/deps/core-gRj2gSiC.js?v=b1c063b9:2321
[    4055ms] [ERROR] NG0303: Can't bind to 'ngIf' since it isn't a known property of 'ili-button-item' (used in the '_TicketLegalLista' component template).
If the 'ngIf' is an Angular control flow directive, please make sure that either the 'NgIf' directive or the 'CommonModule' is included in the '@Component.imports' of this component. @ http://localhost:4200/@fs/D:/repos/luxuryapp-api/appsweb/angular/.angular/cache/22.1.8/luxury-app/vite/deps/core-gRj2gSiC.js?v=b1c063b9:2321
[    4057ms] [ERROR] NG0303: Can't bind to 'ngIf' since it isn't a known property of 'ili-button-item' (used in the '_TicketLegalLista' component template).
If the 'ngIf' is an Angular control flow directive, please make sure that either the 'NgIf' directive or the 'CommonModule' is included in the '@Component.imports' of this component. @ http://localhost:4200/@fs/D:/repos/luxuryapp-api/appsweb/angular/.angular/cache/22.1.8/luxury-app/vite/deps/core-gRj2gSiC.js?v=b1c063b9:2321
[    4058ms] [ERROR] NG0303: Can't bind to 'ngIf' since it isn't a known property of 'ili-button-item' (used in the '_TicketLegalLista' component template).
If the 'ngIf' is an Angular control flow directive, please make sure that either the 'NgIf' directive or the 'CommonModule' is included in the '@Component.imports' of this component. @ http://localhost:4200/@fs/D:/repos/luxuryapp-api/appsweb/angular/.angular/cache/22.1.8/luxury-app/vite/deps/core-gRj2gSiC.js?v=b1c063b9:2321
[    4059ms] [ERROR] NG0303: Can't bind to 'ngIf' since it isn't a known property of 'ili-button-item' (used in the '_TicketLegalLista' component template).
If the 'ngIf' is an Angular control flow directive, please make sure that either the 'NgIf' directive or the 'CommonModule' is included in the '@Component.imports' of this component. @ http://localhost:4200/@fs/D:/repos/luxuryapp-api/appsweb/angular/.angular/cache/22.1.8/luxury-app/vite/deps/core-gRj2gSiC.js?v=b1c063b9:2321
[    4060ms] [ERROR] NG0303: Can't bind to 'ngIf' since it isn't a known property of 'ili-button-item' (used in the '_TicketLegalLista' component template).
If the 'ngIf' is an Angular control flow directive, please make sure that either the 'NgIf' directive or the 'CommonModule' is included in the '@Component.imports' of this component. @ http://localhost:4200/@fs/D:/repos/luxuryapp-api/appsweb/angular/.angular/cache/22.1.8/luxury-app/vite/deps/core-gRj2gSiC.js?v=b1c063b9:2321
[    4061ms] [ERROR] NG0303: Can't bind to 'ngIf' since it isn't a known property of 'ili-button-item' (used in the '_TicketLegalLista' component template).
If the 'ngIf' is an Angular control flow directive, please make sure that either the 'NgIf' directive or the 'CommonModule' is included in the '@Component.imports' of this component. @ http://localhost:4200/@fs/D:/repos/luxuryapp-api/appsweb/angular/.angular/cache/22.1.8/luxury-app/vite/deps/core-gRj2gSiC.js?v=b1c063b9:2321
[    4062ms] [ERROR] NG0303: Can't bind to 'ngIf' since it isn't a known property of 'ili-button-item' (used in the '_TicketLegalLista' component template).
If the 'ngIf' is an Angular control flow directive, please make sure that either the 'NgIf' directive or the 'CommonModule' is included in the '@Component.imports' of this component. @ http://localhost:4200/@fs/D:/repos/luxuryapp-api/appsweb/angular/.angular/cache/22.1.8/luxury-app/vite/deps/core-gRj2gSiC.js?v=b1c063b9:2321
[    4063ms] [ERROR] NG0303: Can't bind to 'ngIf' since it isn't a known property of 'ili-button-item' (used in the '_TicketLegalLista' component template).
If the 'ngIf' is an Angular control flow directive, please make sure that either the 'NgIf' directive or the 'CommonModule' is included in the '@Component.imports' of this component. @ http://localhost:4200/@fs/D:/repos/luxuryapp-api/appsweb/angular/.angular/cache/22.1.8/luxury-app/vite/deps/core-gRj2gSiC.js?v=b1c063b9:2321
[    4064ms] [ERROR] NG0303: Can't bind to 'ngIf' since it isn't a known property of 'ili-button-item' (used in the '_TicketLegalLista' component template).
If the 'ngIf' is an Angular control flow directive, please make sure that either the 'NgIf' directive or the 'CommonModule' is included in the '@Component.imports' of this component. @ http://localhost:4200/@fs/D:/repos/luxuryapp-api/appsweb/angular/.angular/cache/22.1.8/luxury-app/vite/deps/core-gRj2gSiC.js?v=b1c063b9:2321
[    4065ms] [ERROR] NG0303: Can't bind to 'ngIf' since it isn't a known property of 'ili-button-item' (used in the '_TicketLegalLista' component template).
If the 'ngIf' is an Angular control flow directive, please make sure that either the 'NgIf' directive or the 'CommonModule' is included in the '@Component.imports' of this component. @ http://localhost:4200/@fs/D:/repos/luxuryapp-api/appsweb/angular/.angular/cache/22.1.8/luxury-app/vite/deps/core-gRj2gSiC.js?v=b1c063b9:2321
[    4065ms] [ERROR] NG0303: Can't bind to 'ngIf' since it isn't a known property of 'ili-button-item' (used in the '_TicketLegalLista' component template).
If the 'ngIf' is an Angular control flow directive, please make sure that either the 'NgIf' directive or the 'CommonModule' is included in the '@Component.imports' of this component. @ http://localhost:4200/@fs/D:/repos/luxuryapp-api/appsweb/angular/.angular/cache/22.1.8/luxury-app/vite/deps/core-gRj2gSiC.js?v=b1c063b9:2321
[    4067ms] [ERROR] NG0303: Can't bind to 'ngIf' since it isn't a known property of 'ili-button-item' (used in the '_TicketLegalLista' component template).
If the 'ngIf' is an Angular control flow directive, please make sure that either the 'NgIf' directive or the 'CommonModule' is included in the '@Component.imports' of this component. @ http://localhost:4200/@fs/D:/repos/luxuryapp-api/appsweb/angular/.angular/cache/22.1.8/luxury-app/vite/deps/core-gRj2gSiC.js?v=b1c063b9:2321
[    4068ms] [ERROR] NG0303: Can't bind to 'ngIf' since it isn't a known property of 'ili-button-item' (used in the '_TicketLegalLista' component template).
If the 'ngIf' is an Angular control flow directive, please make sure that either the 'NgIf' directive or the 'CommonModule' is included in the '@Component.imports' of this component. @ http://localhost:4200/@fs/D:/repos/luxuryapp-api/appsweb/angular/.angular/cache/22.1.8/luxury-app/vite/deps/core-gRj2gSiC.js?v=b1c063b9:2321
[    4069ms] [ERROR] NG0303: Can't bind to 'ngIf' since it isn't a known property of 'ili-button-item' (used in the '_TicketLegalLista' component template).
If the 'ngIf' is an Angular control flow directive, please make sure that either the 'NgIf' directive or the 'CommonModule' is included in the '@Component.imports' of this component. @ http://localhost:4200/@fs/D:/repos/luxuryapp-api/appsweb/angular/.angular/cache/22.1.8/luxury-app/vite/deps/core-gRj2gSiC.js?v=b1c063b9:2321
[    4070ms] [ERROR] NG0303: Can't bind to 'ngIf' since it isn't a known property of 'ili-button-item' (used in the '_TicketLegalLista' component template).
If the 'ngIf' is an Angular control flow directive, please make sure that either the 'NgIf' directive or the 'CommonModule' is included in the '@Component.imports' of this component. @ http://localhost:4200/@fs/D:/repos/luxuryapp-api/appsweb/angular/.angular/cache/22.1.8/luxury-app/vite/deps/core-gRj2gSiC.js?v=b1c063b9:2321
[    4071ms] [ERROR] NG0303: Can't bind to 'ngIf' since it isn't a known property of 'ili-button-item' (used in the '_TicketLegalLista' component template).
If the 'ngIf' is an Angular control flow directive, please make sure that either the 'NgIf' directive or the 'CommonModule' is included in the '@Component.imports' of this component. @ http://localhost:4200/@fs/D:/repos/luxuryapp-api/appsweb/angular/.angular/cache/22.1.8/luxury-app/vite/deps/core-gRj2gSiC.js?v=b1c063b9:2321
[    4072ms] [ERROR] NG0303: Can't bind to 'ngIf' since it isn't a known property of 'ili-button-item' (used in the '_TicketLegalLista' component template).
If the 'ngIf' is an Angular control flow directive, please make sure that either the 'NgIf' directive or the 'CommonModule' is included in the '@Component.imports' of this component. @ http://localhost:4200/@fs/D:/repos/luxuryapp-api/appsweb/angular/.angular/cache/22.1.8/luxury-app/vite/deps/core-gRj2gSiC.js?v=b1c063b9:2321
[    4075ms] [ERROR] NG0303: Can't bind to 'ngIf' since it isn't a known property of 'ili-button-item' (used in the '_TicketLegalLista' component template).
If the 'ngIf' is an Angular control flow directive, please make sure that either the 'NgIf' directive or the 'CommonModule' is included in the '@Component.imports' of this component. @ http://localhost:4200/@fs/D:/repos/luxuryapp-api/appsweb/angular/.angular/cache/22.1.8/luxury-app/vite/deps/core-gRj2gSiC.js?v=b1c063b9:2321
[    4077ms] [ERROR] NG0303: Can't bind to 'ngIf' since it isn't a known property of 'ili-button-item' (used in the '_TicketLegalLista' component template).
If the 'ngIf' is an Angular control flow directive, please make sure that either the 'NgIf' directive or the 'CommonModule' is included in the '@Component.imports' of this component. @ http://localhost:4200/@fs/D:/repos/luxuryapp-api/appsweb/angular/.angular/cache/22.1.8/luxury-app/vite/deps/core-gRj2gSiC.js?v=b1c063b9:2321
[    4079ms] [ERROR] NG0303: Can't bind to 'ngIf' since it isn't a known property of 'ili-button-item' (used in the '_TicketLegalLista' component template).
If the 'ngIf' is an Angular control flow directive, please make sure that either the 'NgIf' directive or the 'CommonModule' is included in the '@Component.imports' of this component. @ http://localhost:4200/@fs/D:/repos/luxuryapp-api/appsweb/angular/.angular/cache/22.1.8/luxury-app/vite/deps/core-gRj2gSiC.js?v=b1c063b9:2321
[    4082ms] [ERROR] NG0303: Can't bind to 'ngIf' since it isn't a known property of 'ili-button-item' (used in the '_TicketLegalLista' component template).
If the 'ngIf' is an Angular control flow directive, please make sure that either the 'NgIf' directive or the 'CommonModule' is included in the '@Component.imports' of this component. @ http://localhost:4200/@fs/D:/repos/luxuryapp-api/appsweb/angular/.angular/cache/22.1.8/luxury-app/vite/deps/core-gRj2gSiC.js?v=b1c063b9:2321
[    4083ms] [ERROR] NG0303: Can't bind to 'ngIf' since it isn't a known property of 'ili-button-item' (used in the '_TicketLegalLista' component template).
If the 'ngIf' is an Angular control flow directive, please make sure that either the 'NgIf' directive or the 'CommonModule' is included in the '@Component.imports' of this component. @ http://localhost:4200/@fs/D:/repos/luxuryapp-api/appsweb/angular/.angular/cache/22.1.8/luxury-app/vite/deps/core-gRj2gSiC.js?v=b1c063b9:2321
[    4085ms] [ERROR] NG0303: Can't bind to 'ngIf' since it isn't a known property of 'ili-button-item' (used in the '_TicketLegalLista' component template).
If the 'ngIf' is an Angular control flow directive, please make sure that either the 'NgIf' directive or the 'CommonModule' is included in the '@Component.imports' of this component. @ http://localhost:4200/@fs/D:/repos/luxuryapp-api/appsweb/angular/.angular/cache/22.1.8/luxury-app/vite/deps/core-gRj2gSiC.js?v=b1c063b9:2321
[    4086ms] [ERROR] NG0303: Can't bind to 'ngIf' since it isn't a known property of 'ili-button-item' (used in the '_TicketLegalLista' component template).
If the 'ngIf' is an Angular control flow directive, please make sure that either the 'NgIf' directive or the 'CommonModule' is included in the '@Component.imports' of this component. @ http://localhost:4200/@fs/D:/repos/luxuryapp-api/appsweb/angular/.angular/cache/22.1.8/luxury-app/vite/deps/core-gRj2gSiC.js?v=b1c063b9:2321
[    4087ms] [ERROR] NG0303: Can't bind to 'ngIf' since it isn't a known property of 'ili-button-item' (used in the '_TicketLegalLista' component template).
If the 'ngIf' is an Angular control flow directive, please make sure that either the 'NgIf' directive or the 'CommonModule' is included in the '@Component.imports' of this component. @ http://localhost:4200/@fs/D:/repos/luxuryapp-api/appsweb/angular/.angular/cache/22.1.8/luxury-app/vite/deps/core-gRj2gSiC.js?v=b1c063b9:2321
[    4090ms] [ERROR] NG0303: Can't bind to 'ngIf' since it isn't a known property of 'ili-button-item' (used in the '_TicketLegalLista' component template).
If the 'ngIf' is an Angular control flow directive, please make sure that either the 'NgIf' directive or the 'CommonModule' is included in the '@Component.imports' of this component. @ http://localhost:4200/@fs/D:/repos/luxuryapp-api/appsweb/angular/.angular/cache/22.1.8/luxury-app/vite/deps/core-gRj2gSiC.js?v=b1c063b9:2321
[    4092ms] [ERROR] NG0303: Can't bind to 'ngIf' since it isn't a known property of 'ili-button-item' (used in the '_TicketLegalLista' component template).
If the 'ngIf' is an Angular control flow directive, please make sure that either the 'NgIf' directive or the 'CommonModule' is included in the '@Component.imports' of this component. @ http://localhost:4200/@fs/D:/repos/luxuryapp-api/appsweb/angular/.angular/cache/22.1.8/luxury-app/vite/deps/core-gRj2gSiC.js?v=b1c063b9:2321
[    4093ms] [ERROR] NG0303: Can't bind to 'ngIf' since it isn't a known property of 'ili-button-item' (used in the '_TicketLegalLista' component template).
If the 'ngIf' is an Angular control flow directive, please make sure that either the 'NgIf' directive or the 'CommonModule' is included in the '@Component.imports' of this component. @ http://localhost:4200/@fs/D:/repos/luxuryapp-api/appsweb/angular/.angular/cache/22.1.8/luxury-app/vite/deps/core-gRj2gSiC.js?v=b1c063b9:2321
[    4095ms] [ERROR] NG0303: Can't bind to 'ngIf' since it isn't a known property of 'ili-button-item' (used in the '_TicketLegalLista' component template).
If the 'ngIf' is an Angular control flow directive, please make sure that either the 'NgIf' directive or the 'CommonModule' is included in the '@Component.imports' of this component. @ http://localhost:4200/@fs/D:/repos/luxuryapp-api/appsweb/angular/.angular/cache/22.1.8/luxury-app/vite/deps/core-gRj2gSiC.js?v=b1c063b9:2321
[    4097ms] [ERROR] NG0303: Can't bind to 'ngIf' since it isn't a known property of 'ili-button-item' (used in the '_TicketLegalLista' component template).
If the 'ngIf' is an Angular control flow directive, please make sure that either the 'NgIf' directive or the 'CommonModule' is included in the '@Component.imports' of this component. @ http://localhost:4200/@fs/D:/repos/luxuryapp-api/appsweb/angular/.angular/cache/22.1.8/luxury-app/vite/deps/core-gRj2gSiC.js?v=b1c063b9:2321
[    4100ms] [ERROR] NG0303: Can't bind to 'ngIf' since it isn't a known property of 'ili-button-item' (used in the '_TicketLegalLista' component template).
If the 'ngIf' is an Angular control flow directive, please make sure that either the 'NgIf' directive or the 'CommonModule' is included in the '@Component.imports' of this component. @ http://localhost:4200/@fs/D:/repos/luxuryapp-api/appsweb/angular/.angular/cache/22.1.8/luxury-app/vite/deps/core-gRj2gSiC.js?v=b1c063b9:2321
[    4102ms] [ERROR] NG0303: Can't bind to 'ngIf' since it isn't a known property of 'ili-button-item' (used in the '_TicketLegalLista' component template).
If the 'ngIf' is an Angular control flow directive, please make sure that either the 'NgIf' directive or the 'CommonModule' is included in the '@Component.imports' of this component. @ http://localhost:4200/@fs/D:/repos/luxuryapp-api/appsweb/angular/.angular/cache/22.1.8/luxury-app/vite/deps/core-gRj2gSiC.js?v=b1c063b9:2321
[    4103ms] [ERROR] NG0303: Can't bind to 'ngIf' since it isn't a known property of 'ili-button-item' (used in the '_TicketLegalLista' component template).
If the 'ngIf' is an Angular control flow directive, please make sure that either the 'NgIf' directive or the 'CommonModule' is included in the '@Component.imports' of this component. @ http://localhost:4200/@fs/D:/repos/luxuryapp-api/appsweb/angular/.angular/cache/22.1.8/luxury-app/vite/deps/core-gRj2gSiC.js?v=b1c063b9:2321
[    4105ms] [ERROR] NG0303: Can't bind to 'ngIf' since it isn't a known property of 'ili-button-item' (used in the '_TicketLegalLista' component template).
If the 'ngIf' is an Angular control flow directive, please make sure that either the 'NgIf' directive or the 'CommonModule' is included in the '@Component.imports' of this component. @ http://localhost:4200/@fs/D:/repos/luxuryapp-api/appsweb/angular/.angular/cache/22.1.8/luxury-app/vite/deps/core-gRj2gSiC.js?v=b1c063b9:2321
[    4107ms] [ERROR] NG0303: Can't bind to 'ngIf' since it isn't a known property of 'ili-button-item' (used in the '_TicketLegalLista' component template).
If the 'ngIf' is an Angular control flow directive, please make sure that either the 'NgIf' directive or the 'CommonModule' is included in the '@Component.imports' of this component. @ http://localhost:4200/@fs/D:/repos/luxuryapp-api/appsweb/angular/.angular/cache/22.1.8/luxury-app/vite/deps/core-gRj2gSiC.js?v=b1c063b9:2321
[    4108ms] [ERROR] NG0303: Can't bind to 'ngIf' since it isn't a known property of 'ili-button-item' (used in the '_TicketLegalLista' component template).
If the 'ngIf' is an Angular control flow directive, please make sure that either the 'NgIf' directive or the 'CommonModule' is included in the '@Component.imports' of this component. @ http://localhost:4200/@fs/D:/repos/luxuryapp-api/appsweb/angular/.angular/cache/22.1.8/luxury-app/vite/deps/core-gRj2gSiC.js?v=b1c063b9:2321
[    4110ms] [ERROR] NG0303: Can't bind to 'ngIf' since it isn't a known property of 'ili-button-item' (used in the '_TicketLegalLista' component template).
If the 'ngIf' is an Angular control flow directive, please make sure that either the 'NgIf' directive or the 'CommonModule' is included in the '@Component.imports' of this component. @ http://localhost:4200/@fs/D:/repos/luxuryapp-api/appsweb/angular/.angular/cache/22.1.8/luxury-app/vite/deps/core-gRj2gSiC.js?v=b1c063b9:2321
[    4112ms] [ERROR] NG0303: Can't bind to 'ngIf' since it isn't a known property of 'ili-button-item' (used in the '_TicketLegalLista' component template).
If the 'ngIf' is an Angular control flow directive, please make sure that either the 'NgIf' directive or the 'CommonModule' is included in the '@Component.imports' of this component. @ http://localhost:4200/@fs/D:/repos/luxuryapp-api/appsweb/angular/.angular/cache/22.1.8/luxury-app/vite/deps/core-gRj2gSiC.js?v=b1c063b9:2321
[    4114ms] [ERROR] NG0303: Can't bind to 'ngIf' since it isn't a known property of 'ili-button-item' (used in the '_TicketLegalLista' component template).
If the 'ngIf' is an Angular control flow directive, please make sure that either the 'NgIf' directive or the 'CommonModule' is included in the '@Component.imports' of this component. @ http://localhost:4200/@fs/D:/repos/luxuryapp-api/appsweb/angular/.angular/cache/22.1.8/luxury-app/vite/deps/core-gRj2gSiC.js?v=b1c063b9:2321
[    4118ms] [ERROR] NG0303: Can't bind to 'ngIf' since it isn't a known property of 'ili-button-item' (used in the '_TicketLegalLista' component template).
If the 'ngIf' is an Angular control flow directive, please make sure that either the 'NgIf' directive or the 'CommonModule' is included in the '@Component.imports' of this component. @ http://localhost:4200/@fs/D:/repos/luxuryapp-api/appsweb/angular/.angular/cache/22.1.8/luxury-app/vite/deps/core-gRj2gSiC.js?v=b1c063b9:2321
[    4120ms] [ERROR] NG0303: Can't bind to 'ngIf' since it isn't a known property of 'ili-button-item' (used in the '_TicketLegalLista' component template).
If the 'ngIf' is an Angular control flow directive, please make sure that either the 'NgIf' directive or the 'CommonModule' is included in the '@Component.imports' of this component. @ http://localhost:4200/@fs/D:/repos/luxuryapp-api/appsweb/angular/.angular/cache/22.1.8/luxury-app/vite/deps/core-gRj2gSiC.js?v=b1c063b9:2321
[    4122ms] [ERROR] NG0303: Can't bind to 'ngIf' since it isn't a known property of 'ili-button-item' (used in the '_TicketLegalLista' component template).
If the 'ngIf' is an Angular control flow directive, please make sure that either the 'NgIf' directive or the 'CommonModule' is included in the '@Component.imports' of this component. @ http://localhost:4200/@fs/D:/repos/luxuryapp-api/appsweb/angular/.angular/cache/22.1.8/luxury-app/vite/deps/core-gRj2gSiC.js?v=b1c063b9:2321
[    4126ms] [ERROR] NG0303: Can't bind to 'ngIf' since it isn't a known property of 'ili-button-item' (used in the '_TicketLegalLista' component template).
If the 'ngIf' is an Angular control flow directive, please make sure that either the 'NgIf' directive or the 'CommonModule' is included in the '@Component.imports' of this component. @ http://localhost:4200/@fs/D:/repos/luxuryapp-api/appsweb/angular/.angular/cache/22.1.8/luxury-app/vite/deps/core-gRj2gSiC.js?v=b1c063b9:2321
[    4128ms] [ERROR] NG0303: Can't bind to 'ngIf' since it isn't a known property of 'ili-button-item' (used in the '_TicketLegalLista' component template).
If the 'ngIf' is an Angular control flow directive, please make sure that either the 'NgIf' directive or the 'CommonModule' is included in the '@Component.imports' of this component. @ http://localhost:4200/@fs/D:/repos/luxuryapp-api/appsweb/angular/.angular/cache/22.1.8/luxury-app/vite/deps/core-gRj2gSiC.js?v=b1c063b9:2321
[    4130ms] [ERROR] NG0303: Can't bind to 'ngIf' since it isn't a known property of 'ili-button-item' (used in the '_TicketLegalLista' component template).
If the 'ngIf' is an Angular control flow directive, please make sure that either the 'NgIf' directive or the 'CommonModule' is included in the '@Component.imports' of this component. @ http://localhost:4200/@fs/D:/repos/luxuryapp-api/appsweb/angular/.angular/cache/22.1.8/luxury-app/vite/deps/core-gRj2gSiC.js?v=b1c063b9:2321
[    4132ms] [ERROR] NG0303: Can't bind to 'ngIf' since it isn't a known property of 'ili-button-item' (used in the '_TicketLegalLista' component template).
If the 'ngIf' is an Angular control flow directive, please make sure that either the 'NgIf' directive or the 'CommonModule' is included in the '@Component.imports' of this component. @ http://localhost:4200/@fs/D:/repos/luxuryapp-api/appsweb/angular/.angular/cache/22.1.8/luxury-app/vite/deps/core-gRj2gSiC.js?v=b1c063b9:2321
[    4134ms] [ERROR] NG0303: Can't bind to 'ngIf' since it isn't a known property of 'ili-button-item' (used in the '_TicketLegalLista' component template).
If the 'ngIf' is an Angular control flow directive, please make sure that either the 'NgIf' directive or the 'CommonModule' is included in the '@Component.imports' of this component. @ http://localhost:4200/@fs/D:/repos/luxuryapp-api/appsweb/angular/.angular/cache/22.1.8/luxury-app/vite/deps/core-gRj2gSiC.js?v=b1c063b9:2321
[    4136ms] [ERROR] NG0303: Can't bind to 'ngIf' since it isn't a known property of 'ili-button-item' (used in the '_TicketLegalLista' component template).
If the 'ngIf' is an Angular control flow directive, please make sure that either the 'NgIf' directive or the 'CommonModule' is included in the '@Component.imports' of this component. @ http://localhost:4200/@fs/D:/repos/luxuryapp-api/appsweb/angular/.angular/cache/22.1.8/luxury-app/vite/deps/core-gRj2gSiC.js?v=b1c063b9:2321
[    4137ms] [ERROR] NG0303: Can't bind to 'ngIf' since it isn't a known property of 'ili-button-item' (used in the '_TicketLegalLista' component template).
If the 'ngIf' is an Angular control flow directive, please make sure that either the 'NgIf' directive or the 'CommonModule' is included in the '@Component.imports' of this component. @ http://localhost:4200/@fs/D:/repos/luxuryapp-api/appsweb/angular/.angular/cache/22.1.8/luxury-app/vite/deps/core-gRj2gSiC.js?v=b1c063b9:2321
[    4139ms] [ERROR] NG0303: Can't bind to 'ngIf' since it isn't a known property of 'ili-button-item' (used in the '_TicketLegalLista' component template).
If the 'ngIf' is an Angular control flow directive, please make sure that either the 'NgIf' directive or the 'CommonModule' is included in the '@Component.imports' of this component. @ http://localhost:4200/@fs/D:/repos/luxuryapp-api/appsweb/angular/.angular/cache/22.1.8/luxury-app/vite/deps/core-gRj2gSiC.js?v=b1c063b9:2321
[    4141ms] [ERROR] NG0303: Can't bind to 'ngIf' since it isn't a known property of 'ili-button-item' (used in the '_TicketLegalLista' component template).
If the 'ngIf' is an Angular control flow directive, please make sure that either the 'NgIf' directive or the 'CommonModule' is included in the '@Component.imports' of this component. @ http://localhost:4200/@fs/D:/repos/luxuryapp-api/appsweb/angular/.angular/cache/22.1.8/luxury-app/vite/deps/core-gRj2gSiC.js?v=b1c063b9:2321
[    4142ms] [ERROR] NG0303: Can't bind to 'ngIf' since it isn't a known property of 'ili-button-item' (used in the '_TicketLegalLista' component template).
If the 'ngIf' is an Angular control flow directive, please make sure that either the 'NgIf' directive or the 'CommonModule' is included in the '@Component.imports' of this component. @ http://localhost:4200/@fs/D:/repos/luxuryapp-api/appsweb/angular/.angular/cache/22.1.8/luxury-app/vite/deps/core-gRj2gSiC.js?v=b1c063b9:2321
[    4144ms] [ERROR] NG0303: Can't bind to 'ngIf' since it isn't a known property of 'ili-button-item' (used in the '_TicketLegalLista' component template).
If the 'ngIf' is an Angular control flow directive, please make sure that either the 'NgIf' directive or the 'CommonModule' is included in the '@Component.imports' of this component. @ http://localhost:4200/@fs/D:/repos/luxuryapp-api/appsweb/angular/.angular/cache/22.1.8/luxury-app/vite/deps/core-gRj2gSiC.js?v=b1c063b9:2321
[    4145ms] [ERROR] NG0303: Can't bind to 'ngIf' since it isn't a known property of 'ili-button-item' (used in the '_TicketLegalLista' component template).
If the 'ngIf' is an Angular control flow directive, please make sure that either the 'NgIf' directive or the 'CommonModule' is included in the '@Component.imports' of this component. @ http://localhost:4200/@fs/D:/repos/luxuryapp-api/appsweb/angular/.angular/cache/22.1.8/luxury-app/vite/deps/core-gRj2gSiC.js?v=b1c063b9:2321
[    4148ms] [ERROR] NG0303: Can't bind to 'ngIf' since it isn't a known property of 'ili-button-item' (used in the '_TicketLegalLista' component template).
If the 'ngIf' is an Angular control flow directive, please make sure that either the 'NgIf' directive or the 'CommonModule' is included in the '@Component.imports' of this component. @ http://localhost:4200/@fs/D:/repos/luxuryapp-api/appsweb/angular/.angular/cache/22.1.8/luxury-app/vite/deps/core-gRj2gSiC.js?v=b1c063b9:2321
[    4150ms] [ERROR] NG0303: Can't bind to 'ngIf' since it isn't a known property of 'ili-button-item' (used in the '_TicketLegalLista' component template).
If the 'ngIf' is an Angular control flow directive, please make sure that either the 'NgIf' directive or the 'CommonModule' is included in the '@Component.imports' of this component. @ http://localhost:4200/@fs/D:/repos/luxuryapp-api/appsweb/angular/.angular/cache/22.1.8/luxury-app/vite/deps/core-gRj2gSiC.js?v=b1c063b9:2321
[    4152ms] [ERROR] NG0303: Can't bind to 'ngIf' since it isn't a known property of 'ili-button-item' (used in the '_TicketLegalLista' component template).
If the 'ngIf' is an Angular control flow directive, please make sure that either the 'NgIf' directive or the 'CommonModule' is included in the '@Component.imports' of this component. @ http://localhost:4200/@fs/D:/repos/luxuryapp-api/appsweb/angular/.angular/cache/22.1.8/luxury-app/vite/deps/core-gRj2gSiC.js?v=b1c063b9:2321
[    4153ms] [ERROR] NG0303: Can't bind to 'ngIf' since it isn't a known property of 'ili-button-item' (used in the '_TicketLegalLista' component template).
If the 'ngIf' is an Angular control flow directive, please make sure that either the 'NgIf' directive or the 'CommonModule' is included in the '@Component.imports' of this component. @ http://localhost:4200/@fs/D:/repos/luxuryapp-api/appsweb/angular/.angular/cache/22.1.8/luxury-app/vite/deps/core-gRj2gSiC.js?v=b1c063b9:2321
[    4155ms] [ERROR] NG0303: Can't bind to 'ngIf' since it isn't a known property of 'ili-button-item' (used in the '_TicketLegalLista' component template).
If the 'ngIf' is an Angular control flow directive, please make sure that either the 'NgIf' directive or the 'CommonModule' is included in the '@Component.imports' of this component. @ http://localhost:4200/@fs/D:/repos/luxuryapp-api/appsweb/angular/.angular/cache/22.1.8/luxury-app/vite/deps/core-gRj2gSiC.js?v=b1c063b9:2321
[    4156ms] [ERROR] NG0303: Can't bind to 'ngIf' since it isn't a known property of 'ili-button-item' (used in the '_TicketLegalLista' component template).
If the 'ngIf' is an Angular control flow directive, please make sure that either the 'NgIf' directive or the 'CommonModule' is included in the '@Component.imports' of this component. @ http://localhost:4200/@fs/D:/repos/luxuryapp-api/appsweb/angular/.angular/cache/22.1.8/luxury-app/vite/deps/core-gRj2gSiC.js?v=b1c063b9:2321
[    4158ms] [ERROR] NG0303: Can't bind to 'ngIf' since it isn't a known property of 'ili-button-item' (used in the '_TicketLegalLista' component template).
If the 'ngIf' is an Angular control flow directive, please make sure that either the 'NgIf' directive or the 'CommonModule' is included in the '@Component.imports' of this component. @ http://localhost:4200/@fs/D:/repos/luxuryapp-api/appsweb/angular/.angular/cache/22.1.8/luxury-app/vite/deps/core-gRj2gSiC.js?v=b1c063b9:2321
[    4159ms] [ERROR] NG0303: Can't bind to 'ngIf' since it isn't a known property of 'ili-button-item' (used in the '_TicketLegalLista' component template).
If the 'ngIf' is an Angular control flow directive, please make sure that either the 'NgIf' directive or the 'CommonModule' is included in the '@Component.imports' of this component. @ http://localhost:4200/@fs/D:/repos/luxuryapp-api/appsweb/angular/.angular/cache/22.1.8/luxury-app/vite/deps/core-gRj2gSiC.js?v=b1c063b9:2321
[    4161ms] [ERROR] NG0303: Can't bind to 'ngIf' since it isn't a known property of 'ili-button-item' (used in the '_TicketLegalLista' component template).
If the 'ngIf' is an Angular control flow directive, please make sure that either the 'NgIf' directive or the 'CommonModule' is included in the '@Component.imports' of this component. @ http://localhost:4200/@fs/D:/repos/luxuryapp-api/appsweb/angular/.angular/cache/22.1.8/luxury-app/vite/deps/core-gRj2gSiC.js?v=b1c063b9:2321
[    4162ms] [ERROR] NG0303: Can't bind to 'ngIf' since it isn't a known property of 'ili-button-item' (used in the '_TicketLegalLista' component template).
If the 'ngIf' is an Angular control flow directive, please make sure that either the 'NgIf' directive or the 'CommonModule' is included in the '@Component.imports' of this component. @ http://localhost:4200/@fs/D:/repos/luxuryapp-api/appsweb/angular/.angular/cache/22.1.8/luxury-app/vite/deps/core-gRj2gSiC.js?v=b1c063b9:2321
[    4164ms] [ERROR] NG0303: Can't bind to 'ngIf' since it isn't a known property of 'ili-button-item' (used in the '_TicketLegalLista' component template).
If the 'ngIf' is an Angular control flow directive, please make sure that either the 'NgIf' directive or the 'CommonModule' is included in the '@Component.imports' of this component. @ http://localhost:4200/@fs/D:/repos/luxuryapp-api/appsweb/angular/.angular/cache/22.1.8/luxury-app/vite/deps/core-gRj2gSiC.js?v=b1c063b9:2321
[    4166ms] [ERROR] NG0303: Can't bind to 'ngIf' since it isn't a known property of 'ili-button-item' (used in the '_TicketLegalLista' component template).
If the 'ngIf' is an Angular control flow directive, please make sure that either the 'NgIf' directive or the 'CommonModule' is included in the '@Component.imports' of this component. @ http://localhost:4200/@fs/D:/repos/luxuryapp-api/appsweb/angular/.angular/cache/22.1.8/luxury-app/vite/deps/core-gRj2gSiC.js?v=b1c063b9:2321
[    4167ms] [ERROR] NG0303: Can't bind to 'ngIf' since it isn't a known property of 'ili-button-item' (used in the '_TicketLegalLista' component template).
If the 'ngIf' is an Angular control flow directive, please make sure that either the 'NgIf' directive or the 'CommonModule' is included in the '@Component.imports' of this component. @ http://localhost:4200/@fs/D:/repos/luxuryapp-api/appsweb/angular/.angular/cache/22.1.8/luxury-app/vite/deps/core-gRj2gSiC.js?v=b1c063b9:2321
[    4168ms] [ERROR] NG0303: Can't bind to 'ngIf' since it isn't a known property of 'ili-button-item' (used in the '_TicketLegalLista' component template).
If the 'ngIf' is an Angular control flow directive, please make sure that either the 'NgIf' directive or the 'CommonModule' is included in the '@Component.imports' of this component. @ http://localhost:4200/@fs/D:/repos/luxuryapp-api/appsweb/angular/.angular/cache/22.1.8/luxury-app/vite/deps/core-gRj2gSiC.js?v=b1c063b9:2321
[    4170ms] [ERROR] NG0303: Can't bind to 'ngIf' since it isn't a known property of 'ili-button-item' (used in the '_TicketLegalLista' component template).
If the 'ngIf' is an Angular control flow directive, please make sure that either the 'NgIf' directive or the 'CommonModule' is included in the '@Component.imports' of this component. @ http://localhost:4200/@fs/D:/repos/luxuryapp-api/appsweb/angular/.angular/cache/22.1.8/luxury-app/vite/deps/core-gRj2gSiC.js?v=b1c063b9:2321
[    4171ms] [ERROR] NG0303: Can't bind to 'ngIf' since it isn't a known property of 'ili-button-item' (used in the '_TicketLegalLista' component template).
If the 'ngIf' is an Angular control flow directive, please make sure that either the 'NgIf' directive or the 'CommonModule' is included in the '@Component.imports' of this component. @ http://localhost:4200/@fs/D:/repos/luxuryapp-api/appsweb/angular/.angular/cache/22.1.8/luxury-app/vite/deps/core-gRj2gSiC.js?v=b1c063b9:2321
[    4173ms] [ERROR] NG0303: Can't bind to 'ngIf' since it isn't a known property of 'ili-button-item' (used in the '_TicketLegalLista' component template).
If the 'ngIf' is an Angular control flow directive, please make sure that either the 'NgIf' directive or the 'CommonModule' is included in the '@Component.imports' of this component. @ http://localhost:4200/@fs/D:/repos/luxuryapp-api/appsweb/angular/.angular/cache/22.1.8/luxury-app/vite/deps/core-gRj2gSiC.js?v=b1c063b9:2321
[    4174ms] [ERROR] NG0303: Can't bind to 'ngIf' since it isn't a known property of 'ili-button-item' (used in the '_TicketLegalLista' component template).
If the 'ngIf' is an Angular control flow directive, please make sure that either the 'NgIf' directive or the 'CommonModule' is included in the '@Component.imports' of this component. @ http://localhost:4200/@fs/D:/repos/luxuryapp-api/appsweb/angular/.angular/cache/22.1.8/luxury-app/vite/deps/core-gRj2gSiC.js?v=b1c063b9:2321
[    4175ms] [ERROR] NG0303: Can't bind to 'ngIf' since it isn't a known property of 'ili-button-item' (used in the '_TicketLegalLista' component template).
If the 'ngIf' is an Angular control flow directive, please make sure that either the 'NgIf' directive or the 'CommonModule' is included in the '@Component.imports' of this component. @ http://localhost:4200/@fs/D:/repos/luxuryapp-api/appsweb/angular/.angular/cache/22.1.8/luxury-app/vite/deps/core-gRj2gSiC.js?v=b1c063b9:2321
[    4177ms] [ERROR] NG0303: Can't bind to 'ngIf' since it isn't a known property of 'ili-button-item' (used in the '_TicketLegalLista' component template).
If the 'ngIf' is an Angular control flow directive, please make sure that either the 'NgIf' directive or the 'CommonModule' is included in the '@Component.imports' of this component. @ http://localhost:4200/@fs/D:/repos/luxuryapp-api/appsweb/angular/.angular/cache/22.1.8/luxury-app/vite/deps/core-gRj2gSiC.js?v=b1c063b9:2321
[    4178ms] [ERROR] NG0303: Can't bind to 'ngIf' since it isn't a known property of 'ili-button-item' (used in the '_TicketLegalLista' component template).
If the 'ngIf' is an Angular control flow directive, please make sure that either the 'NgIf' directive or the 'CommonModule' is included in the '@Component.imports' of this component. @ http://localhost:4200/@fs/D:/repos/luxuryapp-api/appsweb/angular/.angular/cache/22.1.8/luxury-app/vite/deps/core-gRj2gSiC.js?v=b1c063b9:2321
[    4179ms] [ERROR] NG0303: Can't bind to 'ngIf' since it isn't a known property of 'ili-button-item' (used in the '_TicketLegalLista' component template).
If the 'ngIf' is an Angular control flow directive, please make sure that either the 'NgIf' directive or the 'CommonModule' is included in the '@Component.imports' of this component. @ http://localhost:4200/@fs/D:/repos/luxuryapp-api/appsweb/angular/.angular/cache/22.1.8/luxury-app/vite/deps/core-gRj2gSiC.js?v=b1c063b9:2321
[    4181ms] [ERROR] NG0303: Can't bind to 'ngIf' since it isn't a known property of 'ili-button-item' (used in the '_TicketLegalLista' component template).
If the 'ngIf' is an Angular control flow directive, please make sure that either the 'NgIf' directive or the 'CommonModule' is included in the '@Component.imports' of this component. @ http://localhost:4200/@fs/D:/repos/luxuryapp-api/appsweb/angular/.angular/cache/22.1.8/luxury-app/vite/deps/core-gRj2gSiC.js?v=b1c063b9:2321
[    4185ms] [ERROR] NG0303: Can't bind to 'ngIf' since it isn't a known property of 'ili-button-item' (used in the '_TicketLegalLista' component template).
If the 'ngIf' is an Angular control flow directive, please make sure that either the 'NgIf' directive or the 'CommonModule' is included in the '@Component.imports' of this component. @ http://localhost:4200/@fs/D:/repos/luxuryapp-api/appsweb/angular/.angular/cache/22.1.8/luxury-app/vite/deps/core-gRj2gSiC.js?v=b1c063b9:2321
[    4187ms] [ERROR] NG0303: Can't bind to 'ngIf' since it isn't a known property of 'ili-button-item' (used in the '_TicketLegalLista' component template).
If the 'ngIf' is an Angular control flow directive, please make sure that either the 'NgIf' directive or the 'CommonModule' is included in the '@Component.imports' of this component. @ http://localhost:4200/@fs/D:/repos/luxuryapp-api/appsweb/angular/.angular/cache/22.1.8/luxury-app/vite/deps/core-gRj2gSiC.js?v=b1c063b9:2321
[    4190ms] [ERROR] NG0303: Can't bind to 'ngIf' since it isn't a known property of 'ili-button-item' (used in the '_TicketLegalLista' component template).
If the 'ngIf' is an Angular control flow directive, please make sure that either the 'NgIf' directive or the 'CommonModule' is included in the '@Component.imports' of this component. @ http://localhost:4200/@fs/D:/repos/luxuryapp-api/appsweb/angular/.angular/cache/22.1.8/luxury-app/vite/deps/core-gRj2gSiC.js?v=b1c063b9:2321
[    4192ms] [ERROR] NG0303: Can't bind to 'ngIf' since it isn't a known property of 'ili-button-item' (used in the '_TicketLegalLista' component template).
If the 'ngIf' is an Angular control flow directive, please make sure that either the 'NgIf' directive or the 'CommonModule' is included in the '@Component.imports' of this component. @ http://localhost:4200/@fs/D:/repos/luxuryapp-api/appsweb/angular/.angular/cache/22.1.8/luxury-app/vite/deps/core-gRj2gSiC.js?v=b1c063b9:2321
[    4195ms] [ERROR] NG0303: Can't bind to 'ngIf' since it isn't a known property of 'ili-button-item' (used in the '_TicketLegalLista' component template).
If the 'ngIf' is an Angular control flow directive, please make sure that either the 'NgIf' directive or the 'CommonModule' is included in the '@Component.imports' of this component. @ http://localhost:4200/@fs/D:/repos/luxuryapp-api/appsweb/angular/.angular/cache/22.1.8/luxury-app/vite/deps/core-gRj2gSiC.js?v=b1c063b9:2321
[    4197ms] [ERROR] NG0303: Can't bind to 'ngIf' since it isn't a known property of 'ili-button-item' (used in the '_TicketLegalLista' component template).
If the 'ngIf' is an Angular control flow directive, please make sure that either the 'NgIf' directive or the 'CommonModule' is included in the '@Component.imports' of this component. @ http://localhost:4200/@fs/D:/repos/luxuryapp-api/appsweb/angular/.angular/cache/22.1.8/luxury-app/vite/deps/core-gRj2gSiC.js?v=b1c063b9:2321
[    4208ms] [ERROR] NG0303: Can't bind to 'ngIf' since it isn't a known property of 'ili-button-item' (used in the '_TicketLegalLista' component template).
If the 'ngIf' is an Angular control flow directive, please make sure that either the 'NgIf' directive or the 'CommonModule' is included in the '@Component.imports' of this component. @ http://localhost:4200/@fs/D:/repos/luxuryapp-api/appsweb/angular/.angular/cache/22.1.8/luxury-app/vite/deps/core-gRj2gSiC.js?v=b1c063b9:2321
[    4210ms] [ERROR] NG0303: Can't bind to 'ngIf' since it isn't a known property of 'ili-button-item' (used in the '_TicketLegalLista' component template).
If the 'ngIf' is an Angular control flow directive, please make sure that either the 'NgIf' directive or the 'CommonModule' is included in the '@Component.imports' of this component. @ http://localhost:4200/@fs/D:/repos/luxuryapp-api/appsweb/angular/.angular/cache/22.1.8/luxury-app/vite/deps/core-gRj2gSiC.js?v=b1c063b9:2321
[    4211ms] [ERROR] NG0303: Can't bind to 'ngIf' since it isn't a known property of 'ili-button-item' (used in the '_TicketLegalLista' component template).
If the 'ngIf' is an Angular control flow directive, please make sure that either the 'NgIf' directive or the 'CommonModule' is included in the '@Component.imports' of this component. @ http://localhost:4200/@fs/D:/repos/luxuryapp-api/appsweb/angular/.angular/cache/22.1.8/luxury-app/vite/deps/core-gRj2gSiC.js?v=b1c063b9:2321
[    4213ms] [ERROR] NG0303: Can't bind to 'ngIf' since it isn't a known property of 'ili-button-item' (used in the '_TicketLegalLista' component template).
If the 'ngIf' is an Angular control flow directive, please make sure that either the 'NgIf' directive or the 'CommonModule' is included in the '@Component.imports' of this component. @ http://localhost:4200/@fs/D:/repos/luxuryapp-api/appsweb/angular/.angular/cache/22.1.8/luxury-app/vite/deps/core-gRj2gSiC.js?v=b1c063b9:2321
[    4215ms] [ERROR] NG0303: Can't bind to 'ngIf' since it isn't a known property of 'ili-button-item' (used in the '_TicketLegalLista' component template).
If the 'ngIf' is an Angular control flow directive, please make sure that either the 'NgIf' directive or the 'CommonModule' is included in the '@Component.imports' of this component. @ http://localhost:4200/@fs/D:/repos/luxuryapp-api/appsweb/angular/.angular/cache/22.1.8/luxury-app/vite/deps/core-gRj2gSiC.js?v=b1c063b9:2321
[    4216ms] [ERROR] NG0303: Can't bind to 'ngIf' since it isn't a known property of 'ili-button-item' (used in the '_TicketLegalLista' component template).
If the 'ngIf' is an Angular control flow directive, please make sure that either the 'NgIf' directive or the 'CommonModule' is included in the '@Component.imports' of this component. @ http://localhost:4200/@fs/D:/repos/luxuryapp-api/appsweb/angular/.angular/cache/22.1.8/luxury-app/vite/deps/core-gRj2gSiC.js?v=b1c063b9:2321
[    4218ms] [ERROR] NG0303: Can't bind to 'ngIf' since it isn't a known property of 'ili-button-item' (used in the '_TicketLegalLista' component template).
If the 'ngIf' is an Angular control flow directive, please make sure that either the 'NgIf' directive or the 'CommonModule' is included in the '@Component.imports' of this component. @ http://localhost:4200/@fs/D:/repos/luxuryapp-api/appsweb/angular/.angular/cache/22.1.8/luxury-app/vite/deps/core-gRj2gSiC.js?v=b1c063b9:2321
[    4220ms] [ERROR] NG0303: Can't bind to 'ngIf' since it isn't a known property of 'ili-button-item' (used in the '_TicketLegalLista' component template).
If the 'ngIf' is an Angular control flow directive, please make sure that either the 'NgIf' directive or the 'CommonModule' is included in the '@Component.imports' of this component. @ http://localhost:4200/@fs/D:/repos/luxuryapp-api/appsweb/angular/.angular/cache/22.1.8/luxury-app/vite/deps/core-gRj2gSiC.js?v=b1c063b9:2321
[    4221ms] [ERROR] NG0303: Can't bind to 'ngIf' since it isn't a known property of 'ili-button-item' (used in the '_TicketLegalLista' component template).
If the 'ngIf' is an Angular control flow directive, please make sure that either the 'NgIf' directive or the 'CommonModule' is included in the '@Component.imports' of this component. @ http://localhost:4200/@fs/D:/repos/luxuryapp-api/appsweb/angular/.angular/cache/22.1.8/luxury-app/vite/deps/core-gRj2gSiC.js?v=b1c063b9:2321
[    4223ms] [ERROR] NG0303: Can't bind to 'ngIf' since it isn't a known property of 'ili-button-item' (used in the '_TicketLegalLista' component template).
If the 'ngIf' is an Angular control flow directive, please make sure that either the 'NgIf' directive or the 'CommonModule' is included in the '@Component.imports' of this component. @ http://localhost:4200/@fs/D:/repos/luxuryapp-api/appsweb/angular/.angular/cache/22.1.8/luxury-app/vite/deps/core-gRj2gSiC.js?v=b1c063b9:2321
[    4225ms] [ERROR] NG0303: Can't bind to 'ngIf' since it isn't a known property of 'ili-button-item' (used in the '_TicketLegalLista' component template).
If the 'ngIf' is an Angular control flow directive, please make sure that either the 'NgIf' directive or the 'CommonModule' is included in the '@Component.imports' of this component. @ http://localhost:4200/@fs/D:/repos/luxuryapp-api/appsweb/angular/.angular/cache/22.1.8/luxury-app/vite/deps/core-gRj2gSiC.js?v=b1c063b9:2321
[    4228ms] [ERROR] NG0303: Can't bind to 'ngIf' since it isn't a known property of 'ili-button-item' (used in the '_TicketLegalLista' component template).
If the 'ngIf' is an Angular control flow directive, please make sure that either the 'NgIf' directive or the 'CommonModule' is included in the '@Component.imports' of this component. @ http://localhost:4200/@fs/D:/repos/luxuryapp-api/appsweb/angular/.angular/cache/22.1.8/luxury-app/vite/deps/core-gRj2gSiC.js?v=b1c063b9:2321
[    4230ms] [ERROR] NG0303: Can't bind to 'ngIf' since it isn't a known property of 'ili-button-item' (used in the '_TicketLegalLista' component template).
If the 'ngIf' is an Angular control flow directive, please make sure that either the 'NgIf' directive or the 'CommonModule' is included in the '@Component.imports' of this component. @ http://localhost:4200/@fs/D:/repos/luxuryapp-api/appsweb/angular/.angular/cache/22.1.8/luxury-app/vite/deps/core-gRj2gSiC.js?v=b1c063b9:2321
[    4232ms] [ERROR] NG0303: Can't bind to 'ngIf' since it isn't a known property of 'ili-button-item' (used in the '_TicketLegalLista' component template).
If the 'ngIf' is an Angular control flow directive, please make sure that either the 'NgIf' directive or the 'CommonModule' is included in the '@Component.imports' of this component. @ http://localhost:4200/@fs/D:/repos/luxuryapp-api/appsweb/angular/.angular/cache/22.1.8/luxury-app/vite/deps/core-gRj2gSiC.js?v=b1c063b9:2321
[    4236ms] [ERROR] NG0303: Can't bind to 'ngIf' since it isn't a known property of 'ili-button-item' (used in the '_TicketLegalLista' component template).
If the 'ngIf' is an Angular control flow directive, please make sure that either the 'NgIf' directive or the 'CommonModule' is included in the '@Component.imports' of this component. @ http://localhost:4200/@fs/D:/repos/luxuryapp-api/appsweb/angular/.angular/cache/22.1.8/luxury-app/vite/deps/core-gRj2gSiC.js?v=b1c063b9:2321
[    4240ms] [ERROR] NG0303: Can't bind to 'ngIf' since it isn't a known property of 'ili-button-item' (used in the '_TicketLegalLista' component template).
If the 'ngIf' is an Angular control flow directive, please make sure that either the 'NgIf' directive or the 'CommonModule' is included in the '@Component.imports' of this component. @ http://localhost:4200/@fs/D:/repos/luxuryapp-api/appsweb/angular/.angular/cache/22.1.8/luxury-app/vite/deps/core-gRj2gSiC.js?v=b1c063b9:2321
[    4243ms] [ERROR] NG0303: Can't bind to 'ngIf' since it isn't a known property of 'ili-button-item' (used in the '_TicketLegalLista' component template).
If the 'ngIf' is an Angular control flow directive, please make sure that either the 'NgIf' directive or the 'CommonModule' is included in the '@Component.imports' of this component. @ http://localhost:4200/@fs/D:/repos/luxuryapp-api/appsweb/angular/.angular/cache/22.1.8/luxury-app/vite/deps/core-gRj2gSiC.js?v=b1c063b9:2321
[    4246ms] [ERROR] NG0303: Can't bind to 'ngIf' since it isn't a known property of 'ili-button-item' (used in the '_TicketLegalLista' component template).
If the 'ngIf' is an Angular control flow directive, please make sure that either the 'NgIf' directive or the 'CommonModule' is included in the '@Component.imports' of this component. @ http://localhost:4200/@fs/D:/repos/luxuryapp-api/appsweb/angular/.angular/cache/22.1.8/luxury-app/vite/deps/core-gRj2gSiC.js?v=b1c063b9:2321
[    4249ms] [ERROR] NG0303: Can't bind to 'ngIf' since it isn't a known property of 'ili-button-item' (used in the '_TicketLegalLista' component template).
If the 'ngIf' is an Angular control flow directive, please make sure that either the 'NgIf' directive or the 'CommonModule' is included in the '@Component.imports' of this component. @ http://localhost:4200/@fs/D:/repos/luxuryapp-api/appsweb/angular/.angular/cache/22.1.8/luxury-app/vite/deps/core-gRj2gSiC.js?v=b1c063b9:2321
[    4254ms] [ERROR] NG0303: Can't bind to 'ngIf' since it isn't a known property of 'ili-button-item' (used in the '_TicketLegalLista' component template).
If the 'ngIf' is an Angular control flow directive, please make sure that either the 'NgIf' directive or the 'CommonModule' is included in the '@Component.imports' of this component. @ http://localhost:4200/@fs/D:/repos/luxuryapp-api/appsweb/angular/.angular/cache/22.1.8/luxury-app/vite/deps/core-gRj2gSiC.js?v=b1c063b9:2321
[    4256ms] [ERROR] NG0303: Can't bind to 'ngIf' since it isn't a known property of 'ili-button-item' (used in the '_TicketLegalLista' component template).
If the 'ngIf' is an Angular control flow directive, please make sure that either the 'NgIf' directive or the 'CommonModule' is included in the '@Component.imports' of this component. @ http://localhost:4200/@fs/D:/repos/luxuryapp-api/appsweb/angular/.angular/cache/22.1.8/luxury-app/vite/deps/core-gRj2gSiC.js?v=b1c063b9:2321
[    4257ms] [ERROR] NG0303: Can't bind to 'ngIf' since it isn't a known property of 'ili-button-item' (used in the '_TicketLegalLista' component template).
If the 'ngIf' is an Angular control flow directive, please make sure that either the 'NgIf' directive or the 'CommonModule' is included in the '@Component.imports' of this component. @ http://localhost:4200/@fs/D:/repos/luxuryapp-api/appsweb/angular/.angular/cache/22.1.8/luxury-app/vite/deps/core-gRj2gSiC.js?v=b1c063b9:2321
[    4259ms] [ERROR] NG0303: Can't bind to 'ngIf' since it isn't a known property of 'ili-button-item' (used in the '_TicketLegalLista' component template).
If the 'ngIf' is an Angular control flow directive, please make sure that either the 'NgIf' directive or the 'CommonModule' is included in the '@Component.imports' of this component. @ http://localhost:4200/@fs/D:/repos/luxuryapp-api/appsweb/angular/.angular/cache/22.1.8/luxury-app/vite/deps/core-gRj2gSiC.js?v=b1c063b9:2321
[    4260ms] [ERROR] NG0303: Can't bind to 'ngIf' since it isn't a known property of 'ili-button-item' (used in the '_TicketLegalLista' component template).
If the 'ngIf' is an Angular control flow directive, please make sure that either the 'NgIf' directive or the 'CommonModule' is included in the '@Component.imports' of this component. @ http://localhost:4200/@fs/D:/repos/luxuryapp-api/appsweb/angular/.angular/cache/22.1.8/luxury-app/vite/deps/core-gRj2gSiC.js?v=b1c063b9:2321
[    4262ms] [ERROR] NG0303: Can't bind to 'ngIf' since it isn't a known property of 'ili-button-item' (used in the '_TicketLegalLista' component template).
If the 'ngIf' is an Angular control flow directive, please make sure that either the 'NgIf' directive or the 'CommonModule' is included in the '@Component.imports' of this component. @ http://localhost:4200/@fs/D:/repos/luxuryapp-api/appsweb/angular/.angular/cache/22.1.8/luxury-app/vite/deps/core-gRj2gSiC.js?v=b1c063b9:2321
[    4264ms] [ERROR] NG0303: Can't bind to 'ngIf' since it isn't a known property of 'ili-button-item' (used in the '_TicketLegalLista' component template).
If the 'ngIf' is an Angular control flow directive, please make sure that either the 'NgIf' directive or the 'CommonModule' is included in the '@Component.imports' of this component. @ http://localhost:4200/@fs/D:/repos/luxuryapp-api/appsweb/angular/.angular/cache/22.1.8/luxury-app/vite/deps/core-gRj2gSiC.js?v=b1c063b9:2321
[    4266ms] [ERROR] NG0303: Can't bind to 'ngIf' since it isn't a known property of 'ili-button-item' (used in the '_TicketLegalLista' component template).
If the 'ngIf' is an Angular control flow directive, please make sure that either the 'NgIf' directive or the 'CommonModule' is included in the '@Component.imports' of this component. @ http://localhost:4200/@fs/D:/repos/luxuryapp-api/appsweb/angular/.angular/cache/22.1.8/luxury-app/vite/deps/core-gRj2gSiC.js?v=b1c063b9:2321
[    4268ms] [ERROR] NG0303: Can't bind to 'ngIf' since it isn't a known property of 'ili-button-item' (used in the '_TicketLegalLista' component template).
If the 'ngIf' is an Angular control flow directive, please make sure that either the 'NgIf' directive or the 'CommonModule' is included in the '@Component.imports' of this component. @ http://localhost:4200/@fs/D:/repos/luxuryapp-api/appsweb/angular/.angular/cache/22.1.8/luxury-app/vite/deps/core-gRj2gSiC.js?v=b1c063b9:2321
[    4270ms] [ERROR] NG0303: Can't bind to 'ngIf' since it isn't a known property of 'ili-button-item' (used in the '_TicketLegalLista' component template).
If the 'ngIf' is an Angular control flow directive, please make sure that either the 'NgIf' directive or the 'CommonModule' is included in the '@Component.imports' of this component. @ http://localhost:4200/@fs/D:/repos/luxuryapp-api/appsweb/angular/.angular/cache/22.1.8/luxury-app/vite/deps/core-gRj2gSiC.js?v=b1c063b9:2321
[    4272ms] [ERROR] NG0303: Can't bind to 'ngIf' since it isn't a known property of 'ili-button-item' (used in the '_TicketLegalLista' component template).
If the 'ngIf' is an Angular control flow directive, please make sure that either the 'NgIf' directive or the 'CommonModule' is included in the '@Component.imports' of this component. @ http://localhost:4200/@fs/D:/repos/luxuryapp-api/appsweb/angular/.angular/cache/22.1.8/luxury-app/vite/deps/core-gRj2gSiC.js?v=b1c063b9:2321
[    4274ms] [ERROR] NG0303: Can't bind to 'ngIf' since it isn't a known property of 'ili-button-item' (used in the '_TicketLegalLista' component template).
If the 'ngIf' is an Angular control flow directive, please make sure that either the 'NgIf' directive or the 'CommonModule' is included in the '@Component.imports' of this component. @ http://localhost:4200/@fs/D:/repos/luxuryapp-api/appsweb/angular/.angular/cache/22.1.8/luxury-app/vite/deps/core-gRj2gSiC.js?v=b1c063b9:2321
[    4275ms] [ERROR] NG0303: Can't bind to 'ngIf' since it isn't a known property of 'ili-button-item' (used in the '_TicketLegalLista' component template).
If the 'ngIf' is an Angular control flow directive, please make sure that either the 'NgIf' directive or the 'CommonModule' is included in the '@Component.imports' of this component. @ http://localhost:4200/@fs/D:/repos/luxuryapp-api/appsweb/angular/.angular/cache/22.1.8/luxury-app/vite/deps/core-gRj2gSiC.js?v=b1c063b9:2321
[    4277ms] [ERROR] NG0303: Can't bind to 'ngIf' since it isn't a known property of 'ili-button-item' (used in the '_TicketLegalLista' component template).
If the 'ngIf' is an Angular control flow directive, please make sure that either the 'NgIf' directive or the 'CommonModule' is included in the '@Component.imports' of this component. @ http://localhost:4200/@fs/D:/repos/luxuryapp-api/appsweb/angular/.angular/cache/22.1.8/luxury-app/vite/deps/core-gRj2gSiC.js?v=b1c063b9:2321
[    4279ms] [ERROR] NG0303: Can't bind to 'ngIf' since it isn't a known property of 'ili-button-item' (used in the '_TicketLegalLista' component template).
If the 'ngIf' is an Angular control flow directive, please make sure that either the 'NgIf' directive or the 'CommonModule' is included in the '@Component.imports' of this component. @ http://localhost:4200/@fs/D:/repos/luxuryapp-api/appsweb/angular/.angular/cache/22.1.8/luxury-app/vite/deps/core-gRj2gSiC.js?v=b1c063b9:2321
[    4280ms] [ERROR] NG0303: Can't bind to 'ngIf' since it isn't a known property of 'ili-button-item' (used in the '_TicketLegalLista' component template).
If the 'ngIf' is an Angular control flow directive, please make sure that either the 'NgIf' directive or the 'CommonModule' is included in the '@Component.imports' of this component. @ http://localhost:4200/@fs/D:/repos/luxuryapp-api/appsweb/angular/.angular/cache/22.1.8/luxury-app/vite/deps/core-gRj2gSiC.js?v=b1c063b9:2321
[    4282ms] [ERROR] NG0303: Can't bind to 'ngIf' since it isn't a known property of 'ili-button-item' (used in the '_TicketLegalLista' component template).
If the 'ngIf' is an Angular control flow directive, please make sure that either the 'NgIf' directive or the 'CommonModule' is included in the '@Component.imports' of this component. @ http://localhost:4200/@fs/D:/repos/luxuryapp-api/appsweb/angular/.angular/cache/22.1.8/luxury-app/vite/deps/core-gRj2gSiC.js?v=b1c063b9:2321
[    4283ms] [ERROR] NG0303: Can't bind to 'ngIf' since it isn't a known property of 'ili-button-item' (used in the '_TicketLegalLista' component template).
If the 'ngIf' is an Angular control flow directive, please make sure that either the 'NgIf' directive or the 'CommonModule' is included in the '@Component.imports' of this component. @ http://localhost:4200/@fs/D:/repos/luxuryapp-api/appsweb/angular/.angular/cache/22.1.8/luxury-app/vite/deps/core-gRj2gSiC.js?v=b1c063b9:2321
[    4285ms] [ERROR] NG0303: Can't bind to 'ngIf' since it isn't a known property of 'ili-button-item' (used in the '_TicketLegalLista' component template).
If the 'ngIf' is an Angular control flow directive, please make sure that either the 'NgIf' directive or the 'CommonModule' is included in the '@Component.imports' of this component. @ http://localhost:4200/@fs/D:/repos/luxuryapp-api/appsweb/angular/.angular/cache/22.1.8/luxury-app/vite/deps/core-gRj2gSiC.js?v=b1c063b9:2321
[    4286ms] [ERROR] NG0303: Can't bind to 'ngIf' since it isn't a known property of 'ili-button-item' (used in the '_TicketLegalLista' component template).
If the 'ngIf' is an Angular control flow directive, please make sure that either the 'NgIf' directive or the 'CommonModule' is included in the '@Component.imports' of this component. @ http://localhost:4200/@fs/D:/repos/luxuryapp-api/appsweb/angular/.angular/cache/22.1.8/luxury-app/vite/deps/core-gRj2gSiC.js?v=b1c063b9:2321
[    4288ms] [ERROR] NG0303: Can't bind to 'ngIf' since it isn't a known property of 'ili-button-item' (used in the '_TicketLegalLista' component template).
If the 'ngIf' is an Angular control flow directive, please make sure that either the 'NgIf' directive or the 'CommonModule' is included in the '@Component.imports' of this component. @ http://localhost:4200/@fs/D:/repos/luxuryapp-api/appsweb/angular/.angular/cache/22.1.8/luxury-app/vite/deps/core-gRj2gSiC.js?v=b1c063b9:2321
[    4290ms] [ERROR] NG0303: Can't bind to 'ngIf' since it isn't a known property of 'ili-button-item' (used in the '_TicketLegalLista' component template).
If the 'ngIf' is an Angular control flow directive, please make sure that either the 'NgIf' directive or the 'CommonModule' is included in the '@Component.imports' of this component. @ http://localhost:4200/@fs/D:/repos/luxuryapp-api/appsweb/angular/.angular/cache/22.1.8/luxury-app/vite/deps/core-gRj2gSiC.js?v=b1c063b9:2321
[    4291ms] [ERROR] NG0303: Can't bind to 'ngIf' since it isn't a known property of 'ili-button-item' (used in the '_TicketLegalLista' component template).
If the 'ngIf' is an Angular control flow directive, please make sure that either the 'NgIf' directive or the 'CommonModule' is included in the '@Component.imports' of this component. @ http://localhost:4200/@fs/D:/repos/luxuryapp-api/appsweb/angular/.angular/cache/22.1.8/luxury-app/vite/deps/core-gRj2gSiC.js?v=b1c063b9:2321
[    4292ms] [ERROR] NG0303: Can't bind to 'ngIf' since it isn't a known property of 'ili-button-item' (used in the '_TicketLegalLista' component template).
If the 'ngIf' is an Angular control flow directive, please make sure that either the 'NgIf' directive or the 'CommonModule' is included in the '@Component.imports' of this component. @ http://localhost:4200/@fs/D:/repos/luxuryapp-api/appsweb/angular/.angular/cache/22.1.8/luxury-app/vite/deps/core-gRj2gSiC.js?v=b1c063b9:2321
[    4294ms] [ERROR] NG0303: Can't bind to 'ngIf' since it isn't a known property of 'ili-button-item' (used in the '_TicketLegalLista' component template).
If the 'ngIf' is an Angular control flow directive, please make sure that either the 'NgIf' directive or the 'CommonModule' is included in the '@Component.imports' of this component. @ http://localhost:4200/@fs/D:/repos/luxuryapp-api/appsweb/angular/.angular/cache/22.1.8/luxury-app/vite/deps/core-gRj2gSiC.js?v=b1c063b9:2321
[    4295ms] [ERROR] NG0303: Can't bind to 'ngIf' since it isn't a known property of 'ili-button-item' (used in the '_TicketLegalLista' component template).
If the 'ngIf' is an Angular control flow directive, please make sure that either the 'NgIf' directive or the 'CommonModule' is included in the '@Component.imports' of this component. @ http://localhost:4200/@fs/D:/repos/luxuryapp-api/appsweb/angular/.angular/cache/22.1.8/luxury-app/vite/deps/core-gRj2gSiC.js?v=b1c063b9:2321
[    4297ms] [ERROR] NG0303: Can't bind to 'ngIf' since it isn't a known property of 'ili-button-item' (used in the '_TicketLegalLista' component template).
If the 'ngIf' is an Angular control flow directive, please make sure that either the 'NgIf' directive or the 'CommonModule' is included in the '@Component.imports' of this component. @ http://localhost:4200/@fs/D:/repos/luxuryapp-api/appsweb/angular/.angular/cache/22.1.8/luxury-app/vite/deps/core-gRj2gSiC.js?v=b1c063b9:2321
[    4298ms] [ERROR] NG0303: Can't bind to 'ngIf' since it isn't a known property of 'ili-button-item' (used in the '_TicketLegalLista' component template).
If the 'ngIf' is an Angular control flow directive, please make sure that either the 'NgIf' directive or the 'CommonModule' is included in the '@Component.imports' of this component. @ http://localhost:4200/@fs/D:/repos/luxuryapp-api/appsweb/angular/.angular/cache/22.1.8/luxury-app/vite/deps/core-gRj2gSiC.js?v=b1c063b9:2321
[    4300ms] [ERROR] NG0303: Can't bind to 'ngIf' since it isn't a known property of 'ili-button-item' (used in the '_TicketLegalLista' component template).
If the 'ngIf' is an Angular control flow directive, please make sure that either the 'NgIf' directive or the 'CommonModule' is included in the '@Component.imports' of this component. @ http://localhost:4200/@fs/D:/repos/luxuryapp-api/appsweb/angular/.angular/cache/22.1.8/luxury-app/vite/deps/core-gRj2gSiC.js?v=b1c063b9:2321
[    4302ms] [ERROR] NG0303: Can't bind to 'ngIf' since it isn't a known property of 'ili-button-item' (used in the '_TicketLegalLista' component template).
If the 'ngIf' is an Angular control flow directive, please make sure that either the 'NgIf' directive or the 'CommonModule' is included in the '@Component.imports' of this component. @ http://localhost:4200/@fs/D:/repos/luxuryapp-api/appsweb/angular/.angular/cache/22.1.8/luxury-app/vite/deps/core-gRj2gSiC.js?v=b1c063b9:2321
[    4304ms] [ERROR] NG0303: Can't bind to 'ngIf' since it isn't a known property of 'ili-button-item' (used in the '_TicketLegalLista' component template).
If the 'ngIf' is an Angular control flow directive, please make sure that either the 'NgIf' directive or the 'CommonModule' is included in the '@Component.imports' of this component. @ http://localhost:4200/@fs/D:/repos/luxuryapp-api/appsweb/angular/.angular/cache/22.1.8/luxury-app/vite/deps/core-gRj2gSiC.js?v=b1c063b9:2321
[    4305ms] [ERROR] NG0303: Can't bind to 'ngIf' since it isn't a known property of 'ili-button-item' (used in the '_TicketLegalLista' component template).
If the 'ngIf' is an Angular control flow directive, please make sure that either the 'NgIf' directive or the 'CommonModule' is included in the '@Component.imports' of this component. @ http://localhost:4200/@fs/D:/repos/luxuryapp-api/appsweb/angular/.angular/cache/22.1.8/luxury-app/vite/deps/core-gRj2gSiC.js?v=b1c063b9:2321
[    4307ms] [ERROR] NG0303: Can't bind to 'ngIf' since it isn't a known property of 'ili-button-item' (used in the '_TicketLegalLista' component template).
If the 'ngIf' is an Angular control flow directive, please make sure that either the 'NgIf' directive or the 'CommonModule' is included in the '@Component.imports' of this component. @ http://localhost:4200/@fs/D:/repos/luxuryapp-api/appsweb/angular/.angular/cache/22.1.8/luxury-app/vite/deps/core-gRj2gSiC.js?v=b1c063b9:2321
[    4309ms] [ERROR] NG0303: Can't bind to 'ngIf' since it isn't a known property of 'ili-button-item' (used in the '_TicketLegalLista' component template).
If the 'ngIf' is an Angular control flow directive, please make sure that either the 'NgIf' directive or the 'CommonModule' is included in the '@Component.imports' of this component. @ http://localhost:4200/@fs/D:/repos/luxuryapp-api/appsweb/angular/.angular/cache/22.1.8/luxury-app/vite/deps/core-gRj2gSiC.js?v=b1c063b9:2321
[    4311ms] [ERROR] NG0303: Can't bind to 'ngIf' since it isn't a known property of 'ili-button-item' (used in the '_TicketLegalLista' component template).
If the 'ngIf' is an Angular control flow directive, please make sure that either the 'NgIf' directive or the 'CommonModule' is included in the '@Component.imports' of this component. @ http://localhost:4200/@fs/D:/repos/luxuryapp-api/appsweb/angular/.angular/cache/22.1.8/luxury-app/vite/deps/core-gRj2gSiC.js?v=b1c063b9:2321
[    4312ms] [ERROR] NG0303: Can't bind to 'ngIf' since it isn't a known property of 'ili-button-item' (used in the '_TicketLegalLista' component template).
If the 'ngIf' is an Angular control flow directive, please make sure that either the 'NgIf' directive or the 'CommonModule' is included in the '@Component.imports' of this component. @ http://localhost:4200/@fs/D:/repos/luxuryapp-api/appsweb/angular/.angular/cache/22.1.8/luxury-app/vite/deps/core-gRj2gSiC.js?v=b1c063b9:2321
[    4314ms] [ERROR] NG0303: Can't bind to 'ngIf' since it isn't a known property of 'ili-button-item' (used in the '_TicketLegalLista' component template).
If the 'ngIf' is an Angular control flow directive, please make sure that either the 'NgIf' directive or the 'CommonModule' is included in the '@Component.imports' of this component. @ http://localhost:4200/@fs/D:/repos/luxuryapp-api/appsweb/angular/.angular/cache/22.1.8/luxury-app/vite/deps/core-gRj2gSiC.js?v=b1c063b9:2321
[    4316ms] [ERROR] NG0303: Can't bind to 'ngIf' since it isn't a known property of 'ili-button-item' (used in the '_TicketLegalLista' component template).
If the 'ngIf' is an Angular control flow directive, please make sure that either the 'NgIf' directive or the 'CommonModule' is included in the '@Component.imports' of this component. @ http://localhost:4200/@fs/D:/repos/luxuryapp-api/appsweb/angular/.angular/cache/22.1.8/luxury-app/vite/deps/core-gRj2gSiC.js?v=b1c063b9:2321
[    4318ms] [ERROR] NG0303: Can't bind to 'ngIf' since it isn't a known property of 'ili-button-item' (used in the '_TicketLegalLista' component template).
If the 'ngIf' is an Angular control flow directive, please make sure that either the 'NgIf' directive or the 'CommonModule' is included in the '@Component.imports' of this component. @ http://localhost:4200/@fs/D:/repos/luxuryapp-api/appsweb/angular/.angular/cache/22.1.8/luxury-app/vite/deps/core-gRj2gSiC.js?v=b1c063b9:2321
[    4320ms] [ERROR] NG0303: Can't bind to 'ngIf' since it isn't a known property of 'ili-button-item' (used in the '_TicketLegalLista' component template).
If the 'ngIf' is an Angular control flow directive, please make sure that either the 'NgIf' directive or the 'CommonModule' is included in the '@Component.imports' of this component. @ http://localhost:4200/@fs/D:/repos/luxuryapp-api/appsweb/angular/.angular/cache/22.1.8/luxury-app/vite/deps/core-gRj2gSiC.js?v=b1c063b9:2321
[    4322ms] [ERROR] NG0303: Can't bind to 'ngIf' since it isn't a known property of 'ili-button-item' (used in the '_TicketLegalLista' component template).
If the 'ngIf' is an Angular control flow directive, please make sure that either the 'NgIf' directive or the 'CommonModule' is included in the '@Component.imports' of this component. @ http://localhost:4200/@fs/D:/repos/luxuryapp-api/appsweb/angular/.angular/cache/22.1.8/luxury-app/vite/deps/core-gRj2gSiC.js?v=b1c063b9:2321
[    4323ms] [ERROR] NG0303: Can't bind to 'ngIf' since it isn't a known property of 'ili-button-item' (used in the '_TicketLegalLista' component template).
If the 'ngIf' is an Angular control flow directive, please make sure that either the 'NgIf' directive or the 'CommonModule' is included in the '@Component.imports' of this component. @ http://localhost:4200/@fs/D:/repos/luxuryapp-api/appsweb/angular/.angular/cache/22.1.8/luxury-app/vite/deps/core-gRj2gSiC.js?v=b1c063b9:2321
[    4325ms] [ERROR] NG0303: Can't bind to 'ngIf' since it isn't a known property of 'ili-button-item' (used in the '_TicketLegalLista' component template).
If the 'ngIf' is an Angular control flow directive, please make sure that either the 'NgIf' directive or the 'CommonModule' is included in the '@Component.imports' of this component. @ http://localhost:4200/@fs/D:/repos/luxuryapp-api/appsweb/angular/.angular/cache/22.1.8/luxury-app/vite/deps/core-gRj2gSiC.js?v=b1c063b9:2321
[    4327ms] [ERROR] NG0303: Can't bind to 'ngIf' since it isn't a known property of 'ili-button-item' (used in the '_TicketLegalLista' component template).
If the 'ngIf' is an Angular control flow directive, please make sure that either the 'NgIf' directive or the 'CommonModule' is included in the '@Component.imports' of this component. @ http://localhost:4200/@fs/D:/repos/luxuryapp-api/appsweb/angular/.angular/cache/22.1.8/luxury-app/vite/deps/core-gRj2gSiC.js?v=b1c063b9:2321
[    4329ms] [ERROR] NG0303: Can't bind to 'ngIf' since it isn't a known property of 'ili-button-item' (used in the '_TicketLegalLista' component template).
If the 'ngIf' is an Angular control flow directive, please make sure that either the 'NgIf' directive or the 'CommonModule' is included in the '@Component.imports' of this component. @ http://localhost:4200/@fs/D:/repos/luxuryapp-api/appsweb/angular/.angular/cache/22.1.8/luxury-app/vite/deps/core-gRj2gSiC.js?v=b1c063b9:2321
[    4330ms] [ERROR] NG0303: Can't bind to 'ngIf' since it isn't a known property of 'ili-button-item' (used in the '_TicketLegalLista' component template).
If the 'ngIf' is an Angular control flow directive, please make sure that either the 'NgIf' directive or the 'CommonModule' is included in the '@Component.imports' of this component. @ http://localhost:4200/@fs/D:/repos/luxuryapp-api/appsweb/angular/.angular/cache/22.1.8/luxury-app/vite/deps/core-gRj2gSiC.js?v=b1c063b9:2321
[    4333ms] [ERROR] NG0303: Can't bind to 'ngIf' since it isn't a known property of 'ili-button-item' (used in the '_TicketLegalLista' component template).
If the 'ngIf' is an Angular control flow directive, please make sure that either the 'NgIf' directive or the 'CommonModule' is included in the '@Component.imports' of this component. @ http://localhost:4200/@fs/D:/repos/luxuryapp-api/appsweb/angular/.angular/cache/22.1.8/luxury-app/vite/deps/core-gRj2gSiC.js?v=b1c063b9:2321
[    4335ms] [ERROR] NG0303: Can't bind to 'ngIf' since it isn't a known property of 'ili-button-item' (used in the '_TicketLegalLista' component template).
If the 'ngIf' is an Angular control flow directive, please make sure that either the 'NgIf' directive or the 'CommonModule' is included in the '@Component.imports' of this component. @ http://localhost:4200/@fs/D:/repos/luxuryapp-api/appsweb/angular/.angular/cache/22.1.8/luxury-app/vite/deps/core-gRj2gSiC.js?v=b1c063b9:2321
[    4337ms] [ERROR] NG0303: Can't bind to 'ngIf' since it isn't a known property of 'ili-button-item' (used in the '_TicketLegalLista' component template).
If the 'ngIf' is an Angular control flow directive, please make sure that either the 'NgIf' directive or the 'CommonModule' is included in the '@Component.imports' of this component. @ http://localhost:4200/@fs/D:/repos/luxuryapp-api/appsweb/angular/.angular/cache/22.1.8/luxury-app/vite/deps/core-gRj2gSiC.js?v=b1c063b9:2321
[    4339ms] [ERROR] NG0303: Can't bind to 'ngIf' since it isn't a known property of 'ili-button-item' (used in the '_TicketLegalLista' component template).
If the 'ngIf' is an Angular control flow directive, please make sure that either the 'NgIf' directive or the 'CommonModule' is included in the '@Component.imports' of this component. @ http://localhost:4200/@fs/D:/repos/luxuryapp-api/appsweb/angular/.angular/cache/22.1.8/luxury-app/vite/deps/core-gRj2gSiC.js?v=b1c063b9:2321
[    4341ms] [ERROR] NG0303: Can't bind to 'ngIf' since it isn't a known property of 'ili-button-item' (used in the '_TicketLegalLista' component template).
If the 'ngIf' is an Angular control flow directive, please make sure that either the 'NgIf' directive or the 'CommonModule' is included in the '@Component.imports' of this component. @ http://localhost:4200/@fs/D:/repos/luxuryapp-api/appsweb/angular/.angular/cache/22.1.8/luxury-app/vite/deps/core-gRj2gSiC.js?v=b1c063b9:2321
[    4343ms] [ERROR] NG0303: Can't bind to 'ngIf' since it isn't a known property of 'ili-button-item' (used in the '_TicketLegalLista' component template).
If the 'ngIf' is an Angular control flow directive, please make sure that either the 'NgIf' directive or the 'CommonModule' is included in the '@Component.imports' of this component. @ http://localhost:4200/@fs/D:/repos/luxuryapp-api/appsweb/angular/.angular/cache/22.1.8/luxury-app/vite/deps/core-gRj2gSiC.js?v=b1c063b9:2321
[    4345ms] [ERROR] NG0303: Can't bind to 'ngIf' since it isn't a known property of 'ili-button-item' (used in the '_TicketLegalLista' component template).
If the 'ngIf' is an Angular control flow directive, please make sure that either the 'NgIf' directive or the 'CommonModule' is included in the '@Component.imports' of this component. @ http://localhost:4200/@fs/D:/repos/luxuryapp-api/appsweb/angular/.angular/cache/22.1.8/luxury-app/vite/deps/core-gRj2gSiC.js?v=b1c063b9:2321
[    4347ms] [ERROR] NG0303: Can't bind to 'ngIf' since it isn't a known property of 'ili-button-item' (used in the '_TicketLegalLista' component template).
If the 'ngIf' is an Angular control flow directive, please make sure that either the 'NgIf' directive or the 'CommonModule' is included in the '@Component.imports' of this component. @ http://localhost:4200/@fs/D:/repos/luxuryapp-api/appsweb/angular/.angular/cache/22.1.8/luxury-app/vite/deps/core-gRj2gSiC.js?v=b1c063b9:2321
[    4349ms] [ERROR] NG0303: Can't bind to 'ngIf' since it isn't a known property of 'ili-button-item' (used in the '_TicketLegalLista' component template).
If the 'ngIf' is an Angular control flow directive, please make sure that either the 'NgIf' directive or the 'CommonModule' is included in the '@Component.imports' of this component. @ http://localhost:4200/@fs/D:/repos/luxuryapp-api/appsweb/angular/.angular/cache/22.1.8/luxury-app/vite/deps/core-gRj2gSiC.js?v=b1c063b9:2321
[    4351ms] [ERROR] NG0303: Can't bind to 'ngIf' since it isn't a known property of 'ili-button-item' (used in the '_TicketLegalLista' component template).
If the 'ngIf' is an Angular control flow directive, please make sure that either the 'NgIf' directive or the 'CommonModule' is included in the '@Component.imports' of this component. @ http://localhost:4200/@fs/D:/repos/luxuryapp-api/appsweb/angular/.angular/cache/22.1.8/luxury-app/vite/deps/core-gRj2gSiC.js?v=b1c063b9:2321
[    4353ms] [ERROR] NG0303: Can't bind to 'ngIf' since it isn't a known property of 'ili-button-item' (used in the '_TicketLegalLista' component template).
If the 'ngIf' is an Angular control flow directive, please make sure that either the 'NgIf' directive or the 'CommonModule' is included in the '@Component.imports' of this component. @ http://localhost:4200/@fs/D:/repos/luxuryapp-api/appsweb/angular/.angular/cache/22.1.8/luxury-app/vite/deps/core-gRj2gSiC.js?v=b1c063b9:2321
[    4355ms] [ERROR] NG0303: Can't bind to 'ngIf' since it isn't a known property of 'ili-button-item' (used in the '_TicketLegalLista' component template).
If the 'ngIf' is an Angular control flow directive, please make sure that either the 'NgIf' directive or the 'CommonModule' is included in the '@Component.imports' of this component. @ http://localhost:4200/@fs/D:/repos/luxuryapp-api/appsweb/angular/.angular/cache/22.1.8/luxury-app/vite/deps/core-gRj2gSiC.js?v=b1c063b9:2321
[    4357ms] [ERROR] NG0303: Can't bind to 'ngIf' since it isn't a known property of 'ili-button-item' (used in the '_TicketLegalLista' component template).
If the 'ngIf' is an Angular control flow directive, please make sure that either the 'NgIf' directive or the 'CommonModule' is included in the '@Component.imports' of this component. @ http://localhost:4200/@fs/D:/repos/luxuryapp-api/appsweb/angular/.angular/cache/22.1.8/luxury-app/vite/deps/core-gRj2gSiC.js?v=b1c063b9:2321
[    4359ms] [ERROR] NG0303: Can't bind to 'ngIf' since it isn't a known property of 'ili-button-item' (used in the '_TicketLegalLista' component template).
If the 'ngIf' is an Angular control flow directive, please make sure that either the 'NgIf' directive or the 'CommonModule' is included in the '@Component.imports' of this component. @ http://localhost:4200/@fs/D:/repos/luxuryapp-api/appsweb/angular/.angular/cache/22.1.8/luxury-app/vite/deps/core-gRj2gSiC.js?v=b1c063b9:2321
[    4361ms] [ERROR] NG0303: Can't bind to 'ngIf' since it isn't a known property of 'ili-button-item' (used in the '_TicketLegalLista' component template).
If the 'ngIf' is an Angular control flow directive, please make sure that either the 'NgIf' directive or the 'CommonModule' is included in the '@Component.imports' of this component. @ http://localhost:4200/@fs/D:/repos/luxuryapp-api/appsweb/angular/.angular/cache/22.1.8/luxury-app/vite/deps/core-gRj2gSiC.js?v=b1c063b9:2321
[    4363ms] [ERROR] NG0303: Can't bind to 'ngIf' since it isn't a known property of 'ili-button-item' (used in the '_TicketLegalLista' component template).
If the 'ngIf' is an Angular control flow directive, please make sure that either the 'NgIf' directive or the 'CommonModule' is included in the '@Component.imports' of this component. @ http://localhost:4200/@fs/D:/repos/luxuryapp-api/appsweb/angular/.angular/cache/22.1.8/luxury-app/vite/deps/core-gRj2gSiC.js?v=b1c063b9:2321
[    4366ms] [ERROR] NG0303: Can't bind to 'ngIf' since it isn't a known property of 'ili-button-item' (used in the '_TicketLegalLista' component template).
If the 'ngIf' is an Angular control flow directive, please make sure that either the 'NgIf' directive or the 'CommonModule' is included in the '@Component.imports' of this component. @ http://localhost:4200/@fs/D:/repos/luxuryapp-api/appsweb/angular/.angular/cache/22.1.8/luxury-app/vite/deps/core-gRj2gSiC.js?v=b1c063b9:2321
[    4368ms] [ERROR] NG0303: Can't bind to 'ngIf' since it isn't a known property of 'ili-button-item' (used in the '_TicketLegalLista' component template).
If the 'ngIf' is an Angular control flow directive, please make sure that either the 'NgIf' directive or the 'CommonModule' is included in the '@Component.imports' of this component. @ http://localhost:4200/@fs/D:/repos/luxuryapp-api/appsweb/angular/.angular/cache/22.1.8/luxury-app/vite/deps/core-gRj2gSiC.js?v=b1c063b9:2321
[    4370ms] [ERROR] NG0303: Can't bind to 'ngIf' since it isn't a known property of 'ili-button-item' (used in the '_TicketLegalLista' component template).
If the 'ngIf' is an Angular control flow directive, please make sure that either the 'NgIf' directive or the 'CommonModule' is included in the '@Component.imports' of this component. @ http://localhost:4200/@fs/D:/repos/luxuryapp-api/appsweb/angular/.angular/cache/22.1.8/luxury-app/vite/deps/core-gRj2gSiC.js?v=b1c063b9:2321
[    4372ms] [ERROR] NG0303: Can't bind to 'ngIf' since it isn't a known property of 'ili-button-item' (used in the '_TicketLegalLista' component template).
If the 'ngIf' is an Angular control flow directive, please make sure that either the 'NgIf' directive or the 'CommonModule' is included in the '@Component.imports' of this component. @ http://localhost:4200/@fs/D:/repos/luxuryapp-api/appsweb/angular/.angular/cache/22.1.8/luxury-app/vite/deps/core-gRj2gSiC.js?v=b1c063b9:2321
[    4374ms] [ERROR] NG0303: Can't bind to 'ngIf' since it isn't a known property of 'ili-button-item' (used in the '_TicketLegalLista' component template).
If the 'ngIf' is an Angular control flow directive, please make sure that either the 'NgIf' directive or the 'CommonModule' is included in the '@Component.imports' of this component. @ http://localhost:4200/@fs/D:/repos/luxuryapp-api/appsweb/angular/.angular/cache/22.1.8/luxury-app/vite/deps/core-gRj2gSiC.js?v=b1c063b9:2321
[    4376ms] [ERROR] NG0303: Can't bind to 'ngIf' since it isn't a known property of 'ili-button-item' (used in the '_TicketLegalLista' component template).
If the 'ngIf' is an Angular control flow directive, please make sure that either the 'NgIf' directive or the 'CommonModule' is included in the '@Component.imports' of this component. @ http://localhost:4200/@fs/D:/repos/luxuryapp-api/appsweb/angular/.angular/cache/22.1.8/luxury-app/vite/deps/core-gRj2gSiC.js?v=b1c063b9:2321
[    4378ms] [ERROR] NG0303: Can't bind to 'ngIf' since it isn't a known property of 'ili-button-item' (used in the '_TicketLegalLista' component template).
If the 'ngIf' is an Angular control flow directive, please make sure that either the 'NgIf' directive or the 'CommonModule' is included in the '@Component.imports' of this component. @ http://localhost:4200/@fs/D:/repos/luxuryapp-api/appsweb/angular/.angular/cache/22.1.8/luxury-app/vite/deps/core-gRj2gSiC.js?v=b1c063b9:2321
[    4380ms] [ERROR] NG0303: Can't bind to 'ngIf' since it isn't a known property of 'ili-button-item' (used in the '_TicketLegalLista' component template).
If the 'ngIf' is an Angular control flow directive, please make sure that either the 'NgIf' directive or the 'CommonModule' is included in the '@Component.imports' of this component. @ http://localhost:4200/@fs/D:/repos/luxuryapp-api/appsweb/angular/.angular/cache/22.1.8/luxury-app/vite/deps/core-gRj2gSiC.js?v=b1c063b9:2321
[    4382ms] [ERROR] NG0303: Can't bind to 'ngIf' since it isn't a known property of 'ili-button-item' (used in the '_TicketLegalLista' component template).
If the 'ngIf' is an Angular control flow directive, please make sure that either the 'NgIf' directive or the 'CommonModule' is included in the '@Component.imports' of this component. @ http://localhost:4200/@fs/D:/repos/luxuryapp-api/appsweb/angular/.angular/cache/22.1.8/luxury-app/vite/deps/core-gRj2gSiC.js?v=b1c063b9:2321
[    4383ms] [ERROR] NG0303: Can't bind to 'ngIf' since it isn't a known property of 'ili-button-item' (used in the '_TicketLegalLista' component template).
If the 'ngIf' is an Angular control flow directive, please make sure that either the 'NgIf' directive or the 'CommonModule' is included in the '@Component.imports' of this component. @ http://localhost:4200/@fs/D:/repos/luxuryapp-api/appsweb/angular/.angular/cache/22.1.8/luxury-app/vite/deps/core-gRj2gSiC.js?v=b1c063b9:2321
[    4385ms] [ERROR] NG0303: Can't bind to 'ngIf' since it isn't a known property of 'ili-button-item' (used in the '_TicketLegalLista' component template).
If the 'ngIf' is an Angular control flow directive, please make sure that either the 'NgIf' directive or the 'CommonModule' is included in the '@Component.imports' of this component. @ http://localhost:4200/@fs/D:/repos/luxuryapp-api/appsweb/angular/.angular/cache/22.1.8/luxury-app/vite/deps/core-gRj2gSiC.js?v=b1c063b9:2321
[    4387ms] [ERROR] NG0303: Can't bind to 'ngIf' since it isn't a known property of 'ili-button-item' (used in the '_TicketLegalLista' component template).
If the 'ngIf' is an Angular control flow directive, please make sure that either the 'NgIf' directive or the 'CommonModule' is included in the '@Component.imports' of this component. @ http://localhost:4200/@fs/D:/repos/luxuryapp-api/appsweb/angular/.angular/cache/22.1.8/luxury-app/vite/deps/core-gRj2gSiC.js?v=b1c063b9:2321
[    4388ms] [ERROR] NG0303: Can't bind to 'ngIf' since it isn't a known property of 'ili-button-item' (used in the '_TicketLegalLista' component template).
If the 'ngIf' is an Angular control flow directive, please make sure that either the 'NgIf' directive or the 'CommonModule' is included in the '@Component.imports' of this component. @ http://localhost:4200/@fs/D:/repos/luxuryapp-api/appsweb/angular/.angular/cache/22.1.8/luxury-app/vite/deps/core-gRj2gSiC.js?v=b1c063b9:2321
[    4390ms] [ERROR] NG0303: Can't bind to 'ngIf' since it isn't a known property of 'ili-button-item' (used in the '_TicketLegalLista' component template).
If the 'ngIf' is an Angular control flow directive, please make sure that either the 'NgIf' directive or the 'CommonModule' is included in the '@Component.imports' of this component. @ http://localhost:4200/@fs/D:/repos/luxuryapp-api/appsweb/angular/.angular/cache/22.1.8/luxury-app/vite/deps/core-gRj2gSiC.js?v=b1c063b9:2321
[    4392ms] [ERROR] NG0303: Can't bind to 'ngIf' since it isn't a known property of 'ili-button-item' (used in the '_TicketLegalLista' component template).
If the 'ngIf' is an Angular control flow directive, please make sure that either the 'NgIf' directive or the 'CommonModule' is included in the '@Component.imports' of this component. @ http://localhost:4200/@fs/D:/repos/luxuryapp-api/appsweb/angular/.angular/cache/22.1.8/luxury-app/vite/deps/core-gRj2gSiC.js?v=b1c063b9:2321
[    4393ms] [ERROR] NG0303: Can't bind to 'ngIf' since it isn't a known property of 'ili-button-item' (used in the '_TicketLegalLista' component template).
If the 'ngIf' is an Angular control flow directive, please make sure that either the 'NgIf' directive or the 'CommonModule' is included in the '@Component.imports' of this component. @ http://localhost:4200/@fs/D:/repos/luxuryapp-api/appsweb/angular/.angular/cache/22.1.8/luxury-app/vite/deps/core-gRj2gSiC.js?v=b1c063b9:2321
[    4395ms] [ERROR] NG0303: Can't bind to 'ngIf' since it isn't a known property of 'ili-button-item' (used in the '_TicketLegalLista' component template).
If the 'ngIf' is an Angular control flow directive, please make sure that either the 'NgIf' directive or the 'CommonModule' is included in the '@Component.imports' of this component. @ http://localhost:4200/@fs/D:/repos/luxuryapp-api/appsweb/angular/.angular/cache/22.1.8/luxury-app/vite/deps/core-gRj2gSiC.js?v=b1c063b9:2321
[    4396ms] [ERROR] NG0303: Can't bind to 'ngIf' since it isn't a known property of 'ili-button-item' (used in the '_TicketLegalLista' component template).
If the 'ngIf' is an Angular control flow directive, please make sure that either the 'NgIf' directive or the 'CommonModule' is included in the '@Component.imports' of this component. @ http://localhost:4200/@fs/D:/repos/luxuryapp-api/appsweb/angular/.angular/cache/22.1.8/luxury-app/vite/deps/core-gRj2gSiC.js?v=b1c063b9:2321
[    4398ms] [ERROR] NG0303: Can't bind to 'ngIf' since it isn't a known property of 'ili-button-item' (used in the '_TicketLegalLista' component template).
If the 'ngIf' is an Angular control flow directive, please make sure that either the 'NgIf' directive or the 'CommonModule' is included in the '@Component.imports' of this component. @ http://localhost:4200/@fs/D:/repos/luxuryapp-api/appsweb/angular/.angular/cache/22.1.8/luxury-app/vite/deps/core-gRj2gSiC.js?v=b1c063b9:2321
[    4400ms] [ERROR] NG0303: Can't bind to 'ngIf' since it isn't a known property of 'ili-button-item' (used in the '_TicketLegalLista' component template).
If the 'ngIf' is an Angular control flow directive, please make sure that either the 'NgIf' directive or the 'CommonModule' is included in the '@Component.imports' of this component. @ http://localhost:4200/@fs/D:/repos/luxuryapp-api/appsweb/angular/.angular/cache/22.1.8/luxury-app/vite/deps/core-gRj2gSiC.js?v=b1c063b9:2321
[    4401ms] [ERROR] NG0303: Can't bind to 'ngIf' since it isn't a known property of 'ili-button-item' (used in the '_TicketLegalLista' component template).
If the 'ngIf' is an Angular control flow directive, please make sure that either the 'NgIf' directive or the 'CommonModule' is included in the '@Component.imports' of this component. @ http://localhost:4200/@fs/D:/repos/luxuryapp-api/appsweb/angular/.angular/cache/22.1.8/luxury-app/vite/deps/core-gRj2gSiC.js?v=b1c063b9:2321
[    4403ms] [ERROR] NG0303: Can't bind to 'ngIf' since it isn't a known property of 'ili-button-item' (used in the '_TicketLegalLista' component template).
If the 'ngIf' is an Angular control flow directive, please make sure that either the 'NgIf' directive or the 'CommonModule' is included in the '@Component.imports' of this component. @ http://localhost:4200/@fs/D:/repos/luxuryapp-api/appsweb/angular/.angular/cache/22.1.8/luxury-app/vite/deps/core-gRj2gSiC.js?v=b1c063b9:2321
[    4405ms] [ERROR] NG0303: Can't bind to 'ngIf' since it isn't a known property of 'ili-button-item' (used in the '_TicketLegalLista' component template).
If the 'ngIf' is an Angular control flow directive, please make sure that either the 'NgIf' directive or the 'CommonModule' is included in the '@Component.imports' of this component. @ http://localhost:4200/@fs/D:/repos/luxuryapp-api/appsweb/angular/.angular/cache/22.1.8/luxury-app/vite/deps/core-gRj2gSiC.js?v=b1c063b9:2321
[    4407ms] [ERROR] NG0303: Can't bind to 'ngIf' since it isn't a known property of 'ili-button-item' (used in the '_TicketLegalLista' component template).
If the 'ngIf' is an Angular control flow directive, please make sure that either the 'NgIf' directive or the 'CommonModule' is included in the '@Component.imports' of this component. @ http://localhost:4200/@fs/D:/repos/luxuryapp-api/appsweb/angular/.angular/cache/22.1.8/luxury-app/vite/deps/core-gRj2gSiC.js?v=b1c063b9:2321
[    4408ms] [ERROR] NG0303: Can't bind to 'ngIf' since it isn't a known property of 'ili-button-item' (used in the '_TicketLegalLista' component template).
If the 'ngIf' is an Angular control flow directive, please make sure that either the 'NgIf' directive or the 'CommonModule' is included in the '@Component.imports' of this component. @ http://localhost:4200/@fs/D:/repos/luxuryapp-api/appsweb/angular/.angular/cache/22.1.8/luxury-app/vite/deps/core-gRj2gSiC.js?v=b1c063b9:2321
[    4410ms] [ERROR] NG0303: Can't bind to 'ngIf' since it isn't a known property of 'ili-button-item' (used in the '_TicketLegalLista' component template).
If the 'ngIf' is an Angular control flow directive, please make sure that either the 'NgIf' directive or the 'CommonModule' is included in the '@Component.imports' of this component. @ http://localhost:4200/@fs/D:/repos/luxuryapp-api/appsweb/angular/.angular/cache/22.1.8/luxury-app/vite/deps/core-gRj2gSiC.js?v=b1c063b9:2321
[    4411ms] [ERROR] NG0303: Can't bind to 'ngIf' since it isn't a known property of 'ili-button-item' (used in the '_TicketLegalLista' component template).
If the 'ngIf' is an Angular control flow directive, please make sure that either the 'NgIf' directive or the 'CommonModule' is included in the '@Component.imports' of this component. @ http://localhost:4200/@fs/D:/repos/luxuryapp-api/appsweb/angular/.angular/cache/22.1.8/luxury-app/vite/deps/core-gRj2gSiC.js?v=b1c063b9:2321
[    4413ms] [ERROR] NG0303: Can't bind to 'ngIf' since it isn't a known property of 'ili-button-item' (used in the '_TicketLegalLista' component template).
If the 'ngIf' is an Angular control flow directive, please make sure that either the 'NgIf' directive or the 'CommonModule' is included in the '@Component.imports' of this component. @ http://localhost:4200/@fs/D:/repos/luxuryapp-api/appsweb/angular/.angular/cache/22.1.8/luxury-app/vite/deps/core-gRj2gSiC.js?v=b1c063b9:2321
[    4415ms] [ERROR] NG0303: Can't bind to 'ngIf' since it isn't a known property of 'ili-button-item' (used in the '_TicketLegalLista' component template).
If the 'ngIf' is an Angular control flow directive, please make sure that either the 'NgIf' directive or the 'CommonModule' is included in the '@Component.imports' of this component. @ http://localhost:4200/@fs/D:/repos/luxuryapp-api/appsweb/angular/.angular/cache/22.1.8/luxury-app/vite/deps/core-gRj2gSiC.js?v=b1c063b9:2321
[    4416ms] [ERROR] NG0303: Can't bind to 'ngIf' since it isn't a known property of 'ili-button-item' (used in the '_TicketLegalLista' component template).
If the 'ngIf' is an Angular control flow directive, please make sure that either the 'NgIf' directive or the 'CommonModule' is included in the '@Component.imports' of this component. @ http://localhost:4200/@fs/D:/repos/luxuryapp-api/appsweb/angular/.angular/cache/22.1.8/luxury-app/vite/deps/core-gRj2gSiC.js?v=b1c063b9:2321
[    4418ms] [ERROR] NG0303: Can't bind to 'ngIf' since it isn't a known property of 'ili-button-item' (used in the '_TicketLegalLista' component template).
If the 'ngIf' is an Angular control flow directive, please make sure that either the 'NgIf' directive or the 'CommonModule' is included in the '@Component.imports' of this component. @ http://localhost:4200/@fs/D:/repos/luxuryapp-api/appsweb/angular/.angular/cache/22.1.8/luxury-app/vite/deps/core-gRj2gSiC.js?v=b1c063b9:2321
[    4419ms] [ERROR] NG0303: Can't bind to 'ngIf' since it isn't a known property of 'ili-button-item' (used in the '_TicketLegalLista' component template).
If the 'ngIf' is an Angular control flow directive, please make sure that either the 'NgIf' directive or the 'CommonModule' is included in the '@Component.imports' of this component. @ http://localhost:4200/@fs/D:/repos/luxuryapp-api/appsweb/angular/.angular/cache/22.1.8/luxury-app/vite/deps/core-gRj2gSiC.js?v=b1c063b9:2321
[    4421ms] [ERROR] NG0303: Can't bind to 'ngIf' since it isn't a known property of 'ili-button-item' (used in the '_TicketLegalLista' component template).
If the 'ngIf' is an Angular control flow directive, please make sure that either the 'NgIf' directive or the 'CommonModule' is included in the '@Component.imports' of this component. @ http://localhost:4200/@fs/D:/repos/luxuryapp-api/appsweb/angular/.angular/cache/22.1.8/luxury-app/vite/deps/core-gRj2gSiC.js?v=b1c063b9:2321
[    4422ms] [ERROR] NG0303: Can't bind to 'ngIf' since it isn't a known property of 'ili-button-item' (used in the '_TicketLegalLista' component template).
If the 'ngIf' is an Angular control flow directive, please make sure that either the 'NgIf' directive or the 'CommonModule' is included in the '@Component.imports' of this component. @ http://localhost:4200/@fs/D:/repos/luxuryapp-api/appsweb/angular/.angular/cache/22.1.8/luxury-app/vite/deps/core-gRj2gSiC.js?v=b1c063b9:2321
[    4424ms] [ERROR] NG0303: Can't bind to 'ngIf' since it isn't a known property of 'ili-button-item' (used in the '_TicketLegalLista' component template).
If the 'ngIf' is an Angular control flow directive, please make sure that either the 'NgIf' directive or the 'CommonModule' is included in the '@Component.imports' of this component. @ http://localhost:4200/@fs/D:/repos/luxuryapp-api/appsweb/angular/.angular/cache/22.1.8/luxury-app/vite/deps/core-gRj2gSiC.js?v=b1c063b9:2321
[    4426ms] [ERROR] NG0303: Can't bind to 'ngIf' since it isn't a known property of 'ili-button-item' (used in the '_TicketLegalLista' component template).
If the 'ngIf' is an Angular control flow directive, please make sure that either the 'NgIf' directive or the 'CommonModule' is included in the '@Component.imports' of this component. @ http://localhost:4200/@fs/D:/repos/luxuryapp-api/appsweb/angular/.angular/cache/22.1.8/luxury-app/vite/deps/core-gRj2gSiC.js?v=b1c063b9:2321
[    4427ms] [ERROR] NG0303: Can't bind to 'ngIf' since it isn't a known property of 'ili-button-item' (used in the '_TicketLegalLista' component template).
If the 'ngIf' is an Angular control flow directive, please make sure that either the 'NgIf' directive or the 'CommonModule' is included in the '@Component.imports' of this component. @ http://localhost:4200/@fs/D:/repos/luxuryapp-api/appsweb/angular/.angular/cache/22.1.8/luxury-app/vite/deps/core-gRj2gSiC.js?v=b1c063b9:2321
[    4429ms] [ERROR] NG0303: Can't bind to 'ngIf' since it isn't a known property of 'ili-button-item' (used in the '_TicketLegalLista' component template).
If the 'ngIf' is an Angular control flow directive, please make sure that either the 'NgIf' directive or the 'CommonModule' is included in the '@Component.imports' of this component. @ http://localhost:4200/@fs/D:/repos/luxuryapp-api/appsweb/angular/.angular/cache/22.1.8/luxury-app/vite/deps/core-gRj2gSiC.js?v=b1c063b9:2321
[    4430ms] [ERROR] NG0303: Can't bind to 'ngIf' since it isn't a known property of 'ili-button-item' (used in the '_TicketLegalLista' component template).
If the 'ngIf' is an Angular control flow directive, please make sure that either the 'NgIf' directive or the 'CommonModule' is included in the '@Component.imports' of this component. @ http://localhost:4200/@fs/D:/repos/luxuryapp-api/appsweb/angular/.angular/cache/22.1.8/luxury-app/vite/deps/core-gRj2gSiC.js?v=b1c063b9:2321
[    4432ms] [ERROR] NG0303: Can't bind to 'ngIf' since it isn't a known property of 'ili-button-item' (used in the '_TicketLegalLista' component template).
If the 'ngIf' is an Angular control flow directive, please make sure that either the 'NgIf' directive or the 'CommonModule' is included in the '@Component.imports' of this component. @ http://localhost:4200/@fs/D:/repos/luxuryapp-api/appsweb/angular/.angular/cache/22.1.8/luxury-app/vite/deps/core-gRj2gSiC.js?v=b1c063b9:2321
[    4434ms] [ERROR] NG0303: Can't bind to 'ngIf' since it isn't a known property of 'ili-button-item' (used in the '_TicketLegalLista' component template).
If the 'ngIf' is an Angular control flow directive, please make sure that either the 'NgIf' directive or the 'CommonModule' is included in the '@Component.imports' of this component. @ http://localhost:4200/@fs/D:/repos/luxuryapp-api/appsweb/angular/.angular/cache/22.1.8/luxury-app/vite/deps/core-gRj2gSiC.js?v=b1c063b9:2321
[    4435ms] [ERROR] NG0303: Can't bind to 'ngIf' since it isn't a known property of 'ili-button-item' (used in the '_TicketLegalLista' component template).
If the 'ngIf' is an Angular control flow directive, please make sure that either the 'NgIf' directive or the 'CommonModule' is included in the '@Component.imports' of this component. @ http://localhost:4200/@fs/D:/repos/luxuryapp-api/appsweb/angular/.angular/cache/22.1.8/luxury-app/vite/deps/core-gRj2gSiC.js?v=b1c063b9:2321
[    4437ms] [ERROR] NG0303: Can't bind to 'ngIf' since it isn't a known property of 'ili-button-item' (used in the '_TicketLegalLista' component template).
If the 'ngIf' is an Angular control flow directive, please make sure that either the 'NgIf' directive or the 'CommonModule' is included in the '@Component.imports' of this component. @ http://localhost:4200/@fs/D:/repos/luxuryapp-api/appsweb/angular/.angular/cache/22.1.8/luxury-app/vite/deps/core-gRj2gSiC.js?v=b1c063b9:2321
[    4439ms] [ERROR] NG0303: Can't bind to 'ngIf' since it isn't a known property of 'ili-button-item' (used in the '_TicketLegalLista' component template).
If the 'ngIf' is an Angular control flow directive, please make sure that either the 'NgIf' directive or the 'CommonModule' is included in the '@Component.imports' of this component. @ http://localhost:4200/@fs/D:/repos/luxuryapp-api/appsweb/angular/.angular/cache/22.1.8/luxury-app/vite/deps/core-gRj2gSiC.js?v=b1c063b9:2321
[    4440ms] [ERROR] NG0303: Can't bind to 'ngIf' since it isn't a known property of 'ili-button-item' (used in the '_TicketLegalLista' component template).
If the 'ngIf' is an Angular control flow directive, please make sure that either the 'NgIf' directive or the 'CommonModule' is included in the '@Component.imports' of this component. @ http://localhost:4200/@fs/D:/repos/luxuryapp-api/appsweb/angular/.angular/cache/22.1.8/luxury-app/vite/deps/core-gRj2gSiC.js?v=b1c063b9:2321
[    4442ms] [ERROR] NG0303: Can't bind to 'ngIf' since it isn't a known property of 'ili-button-item' (used in the '_TicketLegalLista' component template).
If the 'ngIf' is an Angular control flow directive, please make sure that either the 'NgIf' directive or the 'CommonModule' is included in the '@Component.imports' of this component. @ http://localhost:4200/@fs/D:/repos/luxuryapp-api/appsweb/angular/.angular/cache/22.1.8/luxury-app/vite/deps/core-gRj2gSiC.js?v=b1c063b9:2321
[    4444ms] [ERROR] NG0303: Can't bind to 'ngIf' since it isn't a known property of 'ili-button-item' (used in the '_TicketLegalLista' component template).
If the 'ngIf' is an Angular control flow directive, please make sure that either the 'NgIf' directive or the 'CommonModule' is included in the '@Component.imports' of this component. @ http://localhost:4200/@fs/D:/repos/luxuryapp-api/appsweb/angular/.angular/cache/22.1.8/luxury-app/vite/deps/core-gRj2gSiC.js?v=b1c063b9:2321
[    4446ms] [ERROR] NG0303: Can't bind to 'ngIf' since it isn't a known property of 'ili-button-item' (used in the '_TicketLegalLista' component template).
If the 'ngIf' is an Angular control flow directive, please make sure that either the 'NgIf' directive or the 'CommonModule' is included in the '@Component.imports' of this component. @ http://localhost:4200/@fs/D:/repos/luxuryapp-api/appsweb/angular/.angular/cache/22.1.8/luxury-app/vite/deps/core-gRj2gSiC.js?v=b1c063b9:2321
[    4450ms] [ERROR] NG0303: Can't bind to 'ngIf' since it isn't a known property of 'ili-button-item' (used in the '_TicketLegalLista' component template).
If the 'ngIf' is an Angular control flow directive, please make sure that either the 'NgIf' directive or the 'CommonModule' is included in the '@Component.imports' of this component. @ http://localhost:4200/@fs/D:/repos/luxuryapp-api/appsweb/angular/.angular/cache/22.1.8/luxury-app/vite/deps/core-gRj2gSiC.js?v=b1c063b9:2321
[    4452ms] [ERROR] NG0303: Can't bind to 'ngIf' since it isn't a known property of 'ili-button-item' (used in the '_TicketLegalLista' component template).
If the 'ngIf' is an Angular control flow directive, please make sure that either the 'NgIf' directive or the 'CommonModule' is included in the '@Component.imports' of this component. @ http://localhost:4200/@fs/D:/repos/luxuryapp-api/appsweb/angular/.angular/cache/22.1.8/luxury-app/vite/deps/core-gRj2gSiC.js?v=b1c063b9:2321
[    4454ms] [ERROR] NG0303: Can't bind to 'ngIf' since it isn't a known property of 'ili-button-item' (used in the '_TicketLegalLista' component template).
If the 'ngIf' is an Angular control flow directive, please make sure that either the 'NgIf' directive or the 'CommonModule' is included in the '@Component.imports' of this component. @ http://localhost:4200/@fs/D:/repos/luxuryapp-api/appsweb/angular/.angular/cache/22.1.8/luxury-app/vite/deps/core-gRj2gSiC.js?v=b1c063b9:2321
[    4457ms] [ERROR] NG0303: Can't bind to 'ngIf' since it isn't a known property of 'ili-button-item' (used in the '_TicketLegalLista' component template).
If the 'ngIf' is an Angular control flow directive, please make sure that either the 'NgIf' directive or the 'CommonModule' is included in the '@Component.imports' of this component. @ http://localhost:4200/@fs/D:/repos/luxuryapp-api/appsweb/angular/.angular/cache/22.1.8/luxury-app/vite/deps/core-gRj2gSiC.js?v=b1c063b9:2321
[    4459ms] [ERROR] NG0303: Can't bind to 'ngIf' since it isn't a known property of 'ili-button-item' (used in the '_TicketLegalLista' component template).
If the 'ngIf' is an Angular control flow directive, please make sure that either the 'NgIf' directive or the 'CommonModule' is included in the '@Component.imports' of this component. @ http://localhost:4200/@fs/D:/repos/luxuryapp-api/appsweb/angular/.angular/cache/22.1.8/luxury-app/vite/deps/core-gRj2gSiC.js?v=b1c063b9:2321
[    4460ms] [ERROR] NG0303: Can't bind to 'ngIf' since it isn't a known property of 'ili-button-item' (used in the '_TicketLegalLista' component template).
If the 'ngIf' is an Angular control flow directive, please make sure that either the 'NgIf' directive or the 'CommonModule' is included in the '@Component.imports' of this component. @ http://localhost:4200/@fs/D:/repos/luxuryapp-api/appsweb/angular/.angular/cache/22.1.8/luxury-app/vite/deps/core-gRj2gSiC.js?v=b1c063b9:2321
[    4462ms] [ERROR] NG0303: Can't bind to 'ngIf' since it isn't a known property of 'ili-button-item' (used in the '_TicketLegalLista' component template).
If the 'ngIf' is an Angular control flow directive, please make sure that either the 'NgIf' directive or the 'CommonModule' is included in the '@Component.imports' of this component. @ http://localhost:4200/@fs/D:/repos/luxuryapp-api/appsweb/angular/.angular/cache/22.1.8/luxury-app/vite/deps/core-gRj2gSiC.js?v=b1c063b9:2321
[    4464ms] [ERROR] NG0303: Can't bind to 'ngIf' since it isn't a known property of 'ili-button-item' (used in the '_TicketLegalLista' component template).
If the 'ngIf' is an Angular control flow directive, please make sure that either the 'NgIf' directive or the 'CommonModule' is included in the '@Component.imports' of this component. @ http://localhost:4200/@fs/D:/repos/luxuryapp-api/appsweb/angular/.angular/cache/22.1.8/luxury-app/vite/deps/core-gRj2gSiC.js?v=b1c063b9:2321
[    4466ms] [ERROR] NG0303: Can't bind to 'ngIf' since it isn't a known property of 'ili-button-item' (used in the '_TicketLegalLista' component template).
If the 'ngIf' is an Angular control flow directive, please make sure that either the 'NgIf' directive or the 'CommonModule' is included in the '@Component.imports' of this component. @ http://localhost:4200/@fs/D:/repos/luxuryapp-api/appsweb/angular/.angular/cache/22.1.8/luxury-app/vite/deps/core-gRj2gSiC.js?v=b1c063b9:2321
[    4468ms] [ERROR] NG0303: Can't bind to 'ngIf' since it isn't a known property of 'ili-button-item' (used in the '_TicketLegalLista' component template).
If the 'ngIf' is an Angular control flow directive, please make sure that either the 'NgIf' directive or the 'CommonModule' is included in the '@Component.imports' of this component. @ http://localhost:4200/@fs/D:/repos/luxuryapp-api/appsweb/angular/.angular/cache/22.1.8/luxury-app/vite/deps/core-gRj2gSiC.js?v=b1c063b9:2321
[    4470ms] [ERROR] NG0303: Can't bind to 'ngIf' since it isn't a known property of 'ili-button-item' (used in the '_TicketLegalLista' component template).
If the 'ngIf' is an Angular control flow directive, please make sure that either the 'NgIf' directive or the 'CommonModule' is included in the '@Component.imports' of this component. @ http://localhost:4200/@fs/D:/repos/luxuryapp-api/appsweb/angular/.angular/cache/22.1.8/luxury-app/vite/deps/core-gRj2gSiC.js?v=b1c063b9:2321
[    4472ms] [ERROR] NG0303: Can't bind to 'ngIf' since it isn't a known property of 'ili-button-item' (used in the '_TicketLegalLista' component template).
If the 'ngIf' is an Angular control flow directive, please make sure that either the 'NgIf' directive or the 'CommonModule' is included in the '@Component.imports' of this component. @ http://localhost:4200/@fs/D:/repos/luxuryapp-api/appsweb/angular/.angular/cache/22.1.8/luxury-app/vite/deps/core-gRj2gSiC.js?v=b1c063b9:2321
[    4475ms] [ERROR] NG0303: Can't bind to 'ngIf' since it isn't a known property of 'ili-button-item' (used in the '_TicketLegalLista' component template).
If the 'ngIf' is an Angular control flow directive, please make sure that either the 'NgIf' directive or the 'CommonModule' is included in the '@Component.imports' of this component. @ http://localhost:4200/@fs/D:/repos/luxuryapp-api/appsweb/angular/.angular/cache/22.1.8/luxury-app/vite/deps/core-gRj2gSiC.js?v=b1c063b9:2321
[    4478ms] [ERROR] NG0303: Can't bind to 'ngIf' since it isn't a known property of 'ili-button-item' (used in the '_TicketLegalLista' component template).
If the 'ngIf' is an Angular control flow directive, please make sure that either the 'NgIf' directive or the 'CommonModule' is included in the '@Component.imports' of this component. @ http://localhost:4200/@fs/D:/repos/luxuryapp-api/appsweb/angular/.angular/cache/22.1.8/luxury-app/vite/deps/core-gRj2gSiC.js?v=b1c063b9:2321
[    4480ms] [ERROR] NG0303: Can't bind to 'ngIf' since it isn't a known property of 'ili-button-item' (used in the '_TicketLegalLista' component template).
If the 'ngIf' is an Angular control flow directive, please make sure that either the 'NgIf' directive or the 'CommonModule' is included in the '@Component.imports' of this component. @ http://localhost:4200/@fs/D:/repos/luxuryapp-api/appsweb/angular/.angular/cache/22.1.8/luxury-app/vite/deps/core-gRj2gSiC.js?v=b1c063b9:2321
[    4482ms] [ERROR] NG0303: Can't bind to 'ngIf' since it isn't a known property of 'ili-button-item' (used in the '_TicketLegalLista' component template).
If the 'ngIf' is an Angular control flow directive, please make sure that either the 'NgIf' directive or the 'CommonModule' is included in the '@Component.imports' of this component. @ http://localhost:4200/@fs/D:/repos/luxuryapp-api/appsweb/angular/.angular/cache/22.1.8/luxury-app/vite/deps/core-gRj2gSiC.js?v=b1c063b9:2321
[    4485ms] [ERROR] NG0303: Can't bind to 'ngIf' since it isn't a known property of 'ili-button-item' (used in the '_TicketLegalLista' component template).
If the 'ngIf' is an Angular control flow directive, please make sure that either the 'NgIf' directive or the 'CommonModule' is included in the '@Component.imports' of this component. @ http://localhost:4200/@fs/D:/repos/luxuryapp-api/appsweb/angular/.angular/cache/22.1.8/luxury-app/vite/deps/core-gRj2gSiC.js?v=b1c063b9:2321
[    4487ms] [ERROR] NG0303: Can't bind to 'ngIf' since it isn't a known property of 'ili-button-item' (used in the '_TicketLegalLista' component template).
If the 'ngIf' is an Angular control flow directive, please make sure that either the 'NgIf' directive or the 'CommonModule' is included in the '@Component.imports' of this component. @ http://localhost:4200/@fs/D:/repos/luxuryapp-api/appsweb/angular/.angular/cache/22.1.8/luxury-app/vite/deps/core-gRj2gSiC.js?v=b1c063b9:2321
[    4489ms] [ERROR] NG0303: Can't bind to 'ngIf' since it isn't a known property of 'ili-button-item' (used in the '_TicketLegalLista' component template).
If the 'ngIf' is an Angular control flow directive, please make sure that either the 'NgIf' directive or the 'CommonModule' is included in the '@Component.imports' of this component. @ http://localhost:4200/@fs/D:/repos/luxuryapp-api/appsweb/angular/.angular/cache/22.1.8/luxury-app/vite/deps/core-gRj2gSiC.js?v=b1c063b9:2321
[    4491ms] [ERROR] NG0303: Can't bind to 'ngIf' since it isn't a known property of 'ili-button-item' (used in the '_TicketLegalLista' component template).
If the 'ngIf' is an Angular control flow directive, please make sure that either the 'NgIf' directive or the 'CommonModule' is included in the '@Component.imports' of this component. @ http://localhost:4200/@fs/D:/repos/luxuryapp-api/appsweb/angular/.angular/cache/22.1.8/luxury-app/vite/deps/core-gRj2gSiC.js?v=b1c063b9:2321
[    4492ms] [ERROR] NG0303: Can't bind to 'ngIf' since it isn't a known property of 'ili-button-item' (used in the '_TicketLegalLista' component template).
If the 'ngIf' is an Angular control flow directive, please make sure that either the 'NgIf' directive or the 'CommonModule' is included in the '@Component.imports' of this component. @ http://localhost:4200/@fs/D:/repos/luxuryapp-api/appsweb/angular/.angular/cache/22.1.8/luxury-app/vite/deps/core-gRj2gSiC.js?v=b1c063b9:2321
[    4494ms] [ERROR] NG0303: Can't bind to 'ngIf' since it isn't a known property of 'ili-button-item' (used in the '_TicketLegalLista' component template).
If the 'ngIf' is an Angular control flow directive, please make sure that either the 'NgIf' directive or the 'CommonModule' is included in the '@Component.imports' of this component. @ http://localhost:4200/@fs/D:/repos/luxuryapp-api/appsweb/angular/.angular/cache/22.1.8/luxury-app/vite/deps/core-gRj2gSiC.js?v=b1c063b9:2321
[    4496ms] [ERROR] NG0303: Can't bind to 'ngIf' since it isn't a known property of 'ili-button-item' (used in the '_TicketLegalLista' component template).
If the 'ngIf' is an Angular control flow directive, please make sure that either the 'NgIf' directive or the 'CommonModule' is included in the '@Component.imports' of this component. @ http://localhost:4200/@fs/D:/repos/luxuryapp-api/appsweb/angular/.angular/cache/22.1.8/luxury-app/vite/deps/core-gRj2gSiC.js?v=b1c063b9:2321
[    4498ms] [ERROR] NG0303: Can't bind to 'ngIf' since it isn't a known property of 'ili-button-item' (used in the '_TicketLegalLista' component template).
If the 'ngIf' is an Angular control flow directive, please make sure that either the 'NgIf' directive or the 'CommonModule' is included in the '@Component.imports' of this component. @ http://localhost:4200/@fs/D:/repos/luxuryapp-api/appsweb/angular/.angular/cache/22.1.8/luxury-app/vite/deps/core-gRj2gSiC.js?v=b1c063b9:2321
[    4500ms] [ERROR] NG0303: Can't bind to 'ngIf' since it isn't a known property of 'ili-button-item' (used in the '_TicketLegalLista' component template).
If the 'ngIf' is an Angular control flow directive, please make sure that either the 'NgIf' directive or the 'CommonModule' is included in the '@Component.imports' of this component. @ http://localhost:4200/@fs/D:/repos/luxuryapp-api/appsweb/angular/.angular/cache/22.1.8/luxury-app/vite/deps/core-gRj2gSiC.js?v=b1c063b9:2321
[    4504ms] [ERROR] NG0303: Can't bind to 'ngIf' since it isn't a known property of 'ili-button-item' (used in the '_TicketLegalLista' component template).
If the 'ngIf' is an Angular control flow directive, please make sure that either the 'NgIf' directive or the 'CommonModule' is included in the '@Component.imports' of this component. @ http://localhost:4200/@fs/D:/repos/luxuryapp-api/appsweb/angular/.angular/cache/22.1.8/luxury-app/vite/deps/core-gRj2gSiC.js?v=b1c063b9:2321
[    4506ms] [ERROR] NG0303: Can't bind to 'ngIf' since it isn't a known property of 'ili-button-item' (used in the '_TicketLegalLista' component template).
If the 'ngIf' is an Angular control flow directive, please make sure that either the 'NgIf' directive or the 'CommonModule' is included in the '@Component.imports' of this component. @ http://localhost:4200/@fs/D:/repos/luxuryapp-api/appsweb/angular/.angular/cache/22.1.8/luxury-app/vite/deps/core-gRj2gSiC.js?v=b1c063b9:2321
[    4509ms] [ERROR] NG0303: Can't bind to 'ngIf' since it isn't a known property of 'ili-button-item' (used in the '_TicketLegalLista' component template).
If the 'ngIf' is an Angular control flow directive, please make sure that either the 'NgIf' directive or the 'CommonModule' is included in the '@Component.imports' of this component. @ http://localhost:4200/@fs/D:/repos/luxuryapp-api/appsweb/angular/.angular/cache/22.1.8/luxury-app/vite/deps/core-gRj2gSiC.js?v=b1c063b9:2321
[    4512ms] [ERROR] NG0303: Can't bind to 'ngIf' since it isn't a known property of 'ili-button-item' (used in the '_TicketLegalLista' component template).
If the 'ngIf' is an Angular control flow directive, please make sure that either the 'NgIf' directive or the 'CommonModule' is included in the '@Component.imports' of this component. @ http://localhost:4200/@fs/D:/repos/luxuryapp-api/appsweb/angular/.angular/cache/22.1.8/luxury-app/vite/deps/core-gRj2gSiC.js?v=b1c063b9:2321
[    4513ms] [ERROR] NG0303: Can't bind to 'ngIf' since it isn't a known property of 'ili-button-item' (used in the '_TicketLegalLista' component template).
If the 'ngIf' is an Angular control flow directive, please make sure that either the 'NgIf' directive or the 'CommonModule' is included in the '@Component.imports' of this component. @ http://localhost:4200/@fs/D:/repos/luxuryapp-api/appsweb/angular/.angular/cache/22.1.8/luxury-app/vite/deps/core-gRj2gSiC.js?v=b1c063b9:2321
[    4516ms] [ERROR] NG0303: Can't bind to 'ngIf' since it isn't a known property of 'ili-button-item' (used in the '_TicketLegalLista' component template).
If the 'ngIf' is an Angular control flow directive, please make sure that either the 'NgIf' directive or the 'CommonModule' is included in the '@Component.imports' of this component. @ http://localhost:4200/@fs/D:/repos/luxuryapp-api/appsweb/angular/.angular/cache/22.1.8/luxury-app/vite/deps/core-gRj2gSiC.js?v=b1c063b9:2321
[    4520ms] [ERROR] NG0303: Can't bind to 'ngIf' since it isn't a known property of 'ili-button-item' (used in the '_TicketLegalLista' component template).
If the 'ngIf' is an Angular control flow directive, please make sure that either the 'NgIf' directive or the 'CommonModule' is included in the '@Component.imports' of this component. @ http://localhost:4200/@fs/D:/repos/luxuryapp-api/appsweb/angular/.angular/cache/22.1.8/luxury-app/vite/deps/core-gRj2gSiC.js?v=b1c063b9:2321
[    4523ms] [ERROR] NG0303: Can't bind to 'ngIf' since it isn't a known property of 'ili-button-item' (used in the '_TicketLegalLista' component template).
If the 'ngIf' is an Angular control flow directive, please make sure that either the 'NgIf' directive or the 'CommonModule' is included in the '@Component.imports' of this component. @ http://localhost:4200/@fs/D:/repos/luxuryapp-api/appsweb/angular/.angular/cache/22.1.8/luxury-app/vite/deps/core-gRj2gSiC.js?v=b1c063b9:2321
[    4526ms] [ERROR] NG0303: Can't bind to 'ngIf' since it isn't a known property of 'ili-button-item' (used in the '_TicketLegalLista' component template).
If the 'ngIf' is an Angular control flow directive, please make sure that either the 'NgIf' directive or the 'CommonModule' is included in the '@Component.imports' of this component. @ http://localhost:4200/@fs/D:/repos/luxuryapp-api/appsweb/angular/.angular/cache/22.1.8/luxury-app/vite/deps/core-gRj2gSiC.js?v=b1c063b9:2321
[    4528ms] [ERROR] NG0303: Can't bind to 'ngIf' since it isn't a known property of 'ili-button-item' (used in the '_TicketLegalLista' component template).
If the 'ngIf' is an Angular control flow directive, please make sure that either the 'NgIf' directive or the 'CommonModule' is included in the '@Component.imports' of this component. @ http://localhost:4200/@fs/D:/repos/luxuryapp-api/appsweb/angular/.angular/cache/22.1.8/luxury-app/vite/deps/core-gRj2gSiC.js?v=b1c063b9:2321
[    4530ms] [ERROR] NG0303: Can't bind to 'ngIf' since it isn't a known property of 'ili-button-item' (used in the '_TicketLegalLista' component template).
If the 'ngIf' is an Angular control flow directive, please make sure that either the 'NgIf' directive or the 'CommonModule' is included in the '@Component.imports' of this component. @ http://localhost:4200/@fs/D:/repos/luxuryapp-api/appsweb/angular/.angular/cache/22.1.8/luxury-app/vite/deps/core-gRj2gSiC.js?v=b1c063b9:2321
[    4532ms] [ERROR] NG0303: Can't bind to 'ngIf' since it isn't a known property of 'ili-button-item' (used in the '_TicketLegalLista' component template).
If the 'ngIf' is an Angular control flow directive, please make sure that either the 'NgIf' directive or the 'CommonModule' is included in the '@Component.imports' of this component. @ http://localhost:4200/@fs/D:/repos/luxuryapp-api/appsweb/angular/.angular/cache/22.1.8/luxury-app/vite/deps/core-gRj2gSiC.js?v=b1c063b9:2321
[    4534ms] [ERROR] NG0303: Can't bind to 'ngIf' since it isn't a known property of 'ili-button-item' (used in the '_TicketLegalLista' component template).
If the 'ngIf' is an Angular control flow directive, please make sure that either the 'NgIf' directive or the 'CommonModule' is included in the '@Component.imports' of this component. @ http://localhost:4200/@fs/D:/repos/luxuryapp-api/appsweb/angular/.angular/cache/22.1.8/luxury-app/vite/deps/core-gRj2gSiC.js?v=b1c063b9:2321
[    4536ms] [ERROR] NG0303: Can't bind to 'ngIf' since it isn't a known property of 'ili-button-item' (used in the '_TicketLegalLista' component template).
If the 'ngIf' is an Angular control flow directive, please make sure that either the 'NgIf' directive or the 'CommonModule' is included in the '@Component.imports' of this component. @ http://localhost:4200/@fs/D:/repos/luxuryapp-api/appsweb/angular/.angular/cache/22.1.8/luxury-app/vite/deps/core-gRj2gSiC.js?v=b1c063b9:2321
[    4539ms] [ERROR] NG0303: Can't bind to 'ngIf' since it isn't a known property of 'ili-button-item' (used in the '_TicketLegalLista' component template).
If the 'ngIf' is an Angular control flow directive, please make sure that either the 'NgIf' directive or the 'CommonModule' is included in the '@Component.imports' of this component. @ http://localhost:4200/@fs/D:/repos/luxuryapp-api/appsweb/angular/.angular/cache/22.1.8/luxury-app/vite/deps/core-gRj2gSiC.js?v=b1c063b9:2321
[    4541ms] [ERROR] NG0303: Can't bind to 'ngIf' since it isn't a known property of 'ili-button-item' (used in the '_TicketLegalLista' component template).
If the 'ngIf' is an Angular control flow directive, please make sure that either the 'NgIf' directive or the 'CommonModule' is included in the '@Component.imports' of this component. @ http://localhost:4200/@fs/D:/repos/luxuryapp-api/appsweb/angular/.angular/cache/22.1.8/luxury-app/vite/deps/core-gRj2gSiC.js?v=b1c063b9:2321
[    4542ms] [ERROR] NG0303: Can't bind to 'ngIf' since it isn't a known property of 'ili-button-item' (used in the '_TicketLegalLista' component template).
If the 'ngIf' is an Angular control flow directive, please make sure that either the 'NgIf' directive or the 'CommonModule' is included in the '@Component.imports' of this component. @ http://localhost:4200/@fs/D:/repos/luxuryapp-api/appsweb/angular/.angular/cache/22.1.8/luxury-app/vite/deps/core-gRj2gSiC.js?v=b1c063b9:2321
[    4544ms] [ERROR] NG0303: Can't bind to 'ngIf' since it isn't a known property of 'ili-button-item' (used in the '_TicketLegalLista' component template).
If the 'ngIf' is an Angular control flow directive, please make sure that either the 'NgIf' directive or the 'CommonModule' is included in the '@Component.imports' of this component. @ http://localhost:4200/@fs/D:/repos/luxuryapp-api/appsweb/angular/.angular/cache/22.1.8/luxury-app/vite/deps/core-gRj2gSiC.js?v=b1c063b9:2321
[    4546ms] [ERROR] NG0303: Can't bind to 'ngIf' since it isn't a known property of 'ili-button-item' (used in the '_TicketLegalLista' component template).
If the 'ngIf' is an Angular control flow directive, please make sure that either the 'NgIf' directive or the 'CommonModule' is included in the '@Component.imports' of this component. @ http://localhost:4200/@fs/D:/repos/luxuryapp-api/appsweb/angular/.angular/cache/22.1.8/luxury-app/vite/deps/core-gRj2gSiC.js?v=b1c063b9:2321
[    4548ms] [ERROR] NG0303: Can't bind to 'ngIf' since it isn't a known property of 'ili-button-item' (used in the '_TicketLegalLista' component template).
If the 'ngIf' is an Angular control flow directive, please make sure that either the 'NgIf' directive or the 'CommonModule' is included in the '@Component.imports' of this component. @ http://localhost:4200/@fs/D:/repos/luxuryapp-api/appsweb/angular/.angular/cache/22.1.8/luxury-app/vite/deps/core-gRj2gSiC.js?v=b1c063b9:2321
[    4550ms] [ERROR] NG0303: Can't bind to 'ngIf' since it isn't a known property of 'ili-button-item' (used in the '_TicketLegalLista' component template).
If the 'ngIf' is an Angular control flow directive, please make sure that either the 'NgIf' directive or the 'CommonModule' is included in the '@Component.imports' of this component. @ http://localhost:4200/@fs/D:/repos/luxuryapp-api/appsweb/angular/.angular/cache/22.1.8/luxury-app/vite/deps/core-gRj2gSiC.js?v=b1c063b9:2321
[    4551ms] [ERROR] NG0303: Can't bind to 'ngIf' since it isn't a known property of 'ili-button-item' (used in the '_TicketLegalLista' component template).
If the 'ngIf' is an Angular control flow directive, please make sure that either the 'NgIf' directive or the 'CommonModule' is included in the '@Component.imports' of this component. @ http://localhost:4200/@fs/D:/repos/luxuryapp-api/appsweb/angular/.angular/cache/22.1.8/luxury-app/vite/deps/core-gRj2gSiC.js?v=b1c063b9:2321
[    4553ms] [ERROR] NG0303: Can't bind to 'ngIf' since it isn't a known property of 'ili-button-item' (used in the '_TicketLegalLista' component template).
If the 'ngIf' is an Angular control flow directive, please make sure that either the 'NgIf' directive or the 'CommonModule' is included in the '@Component.imports' of this component. @ http://localhost:4200/@fs/D:/repos/luxuryapp-api/appsweb/angular/.angular/cache/22.1.8/luxury-app/vite/deps/core-gRj2gSiC.js?v=b1c063b9:2321
[    4555ms] [ERROR] NG0303: Can't bind to 'ngIf' since it isn't a known property of 'ili-button-item' (used in the '_TicketLegalLista' component template).
If the 'ngIf' is an Angular control flow directive, please make sure that either the 'NgIf' directive or the 'CommonModule' is included in the '@Component.imports' of this component. @ http://localhost:4200/@fs/D:/repos/luxuryapp-api/appsweb/angular/.angular/cache/22.1.8/luxury-app/vite/deps/core-gRj2gSiC.js?v=b1c063b9:2321
[    4557ms] [ERROR] NG0303: Can't bind to 'ngIf' since it isn't a known property of 'ili-button-item' (used in the '_TicketLegalLista' component template).
If the 'ngIf' is an Angular control flow directive, please make sure that either the 'NgIf' directive or the 'CommonModule' is included in the '@Component.imports' of this component. @ http://localhost:4200/@fs/D:/repos/luxuryapp-api/appsweb/angular/.angular/cache/22.1.8/luxury-app/vite/deps/core-gRj2gSiC.js?v=b1c063b9:2321
[    4558ms] [ERROR] NG0303: Can't bind to 'ngIf' since it isn't a known property of 'ili-button-item' (used in the '_TicketLegalLista' component template).
If the 'ngIf' is an Angular control flow directive, please make sure that either the 'NgIf' directive or the 'CommonModule' is included in the '@Component.imports' of this component. @ http://localhost:4200/@fs/D:/repos/luxuryapp-api/appsweb/angular/.angular/cache/22.1.8/luxury-app/vite/deps/core-gRj2gSiC.js?v=b1c063b9:2321
[    4560ms] [ERROR] NG0303: Can't bind to 'ngIf' since it isn't a known property of 'ili-button-item' (used in the '_TicketLegalLista' component template).
If the 'ngIf' is an Angular control flow directive, please make sure that either the 'NgIf' directive or the 'CommonModule' is included in the '@Component.imports' of this component. @ http://localhost:4200/@fs/D:/repos/luxuryapp-api/appsweb/angular/.angular/cache/22.1.8/luxury-app/vite/deps/core-gRj2gSiC.js?v=b1c063b9:2321
[    4562ms] [ERROR] NG0303: Can't bind to 'ngIf' since it isn't a known property of 'ili-button-item' (used in the '_TicketLegalLista' component template).
If the 'ngIf' is an Angular control flow directive, please make sure that either the 'NgIf' directive or the 'CommonModule' is included in the '@Component.imports' of this component. @ http://localhost:4200/@fs/D:/repos/luxuryapp-api/appsweb/angular/.angular/cache/22.1.8/luxury-app/vite/deps/core-gRj2gSiC.js?v=b1c063b9:2321
[    4564ms] [ERROR] NG0303: Can't bind to 'ngIf' since it isn't a known property of 'ili-button-item' (used in the '_TicketLegalLista' component template).
If the 'ngIf' is an Angular control flow directive, please make sure that either the 'NgIf' directive or the 'CommonModule' is included in the '@Component.imports' of this component. @ http://localhost:4200/@fs/D:/repos/luxuryapp-api/appsweb/angular/.angular/cache/22.1.8/luxury-app/vite/deps/core-gRj2gSiC.js?v=b1c063b9:2321
[    4565ms] [ERROR] NG0303: Can't bind to 'ngIf' since it isn't a known property of 'ili-button-item' (used in the '_TicketLegalLista' component template).
If the 'ngIf' is an Angular control flow directive, please make sure that either the 'NgIf' directive or the 'CommonModule' is included in the '@Component.imports' of this component. @ http://localhost:4200/@fs/D:/repos/luxuryapp-api/appsweb/angular/.angular/cache/22.1.8/luxury-app/vite/deps/core-gRj2gSiC.js?v=b1c063b9:2321
[    4567ms] [ERROR] NG0303: Can't bind to 'ngIf' since it isn't a known property of 'ili-button-item' (used in the '_TicketLegalLista' component template).
If the 'ngIf' is an Angular control flow directive, please make sure that either the 'NgIf' directive or the 'CommonModule' is included in the '@Component.imports' of this component. @ http://localhost:4200/@fs/D:/repos/luxuryapp-api/appsweb/angular/.angular/cache/22.1.8/luxury-app/vite/deps/core-gRj2gSiC.js?v=b1c063b9:2321
[    4569ms] [ERROR] NG0303: Can't bind to 'ngIf' since it isn't a known property of 'ili-button-item' (used in the '_TicketLegalLista' component template).
If the 'ngIf' is an Angular control flow directive, please make sure that either the 'NgIf' directive or the 'CommonModule' is included in the '@Component.imports' of this component. @ http://localhost:4200/@fs/D:/repos/luxuryapp-api/appsweb/angular/.angular/cache/22.1.8/luxury-app/vite/deps/core-gRj2gSiC.js?v=b1c063b9:2321
[    4570ms] [ERROR] NG0303: Can't bind to 'ngIf' since it isn't a known property of 'ili-button-item' (used in the '_TicketLegalLista' component template).
If the 'ngIf' is an Angular control flow directive, please make sure that either the 'NgIf' directive or the 'CommonModule' is included in the '@Component.imports' of this component. @ http://localhost:4200/@fs/D:/repos/luxuryapp-api/appsweb/angular/.angular/cache/22.1.8/luxury-app/vite/deps/core-gRj2gSiC.js?v=b1c063b9:2321
[    4572ms] [ERROR] NG0303: Can't bind to 'ngIf' since it isn't a known property of 'ili-button-item' (used in the '_TicketLegalLista' component template).
If the 'ngIf' is an Angular control flow directive, please make sure that either the 'NgIf' directive or the 'CommonModule' is included in the '@Component.imports' of this component. @ http://localhost:4200/@fs/D:/repos/luxuryapp-api/appsweb/angular/.angular/cache/22.1.8/luxury-app/vite/deps/core-gRj2gSiC.js?v=b1c063b9:2321
[    4574ms] [ERROR] NG0303: Can't bind to 'ngIf' since it isn't a known property of 'ili-button-item' (used in the '_TicketLegalLista' component template).
If the 'ngIf' is an Angular control flow directive, please make sure that either the 'NgIf' directive or the 'CommonModule' is included in the '@Component.imports' of this component. @ http://localhost:4200/@fs/D:/repos/luxuryapp-api/appsweb/angular/.angular/cache/22.1.8/luxury-app/vite/deps/core-gRj2gSiC.js?v=b1c063b9:2321
[    4575ms] [ERROR] NG0303: Can't bind to 'ngIf' since it isn't a known property of 'ili-button-item' (used in the '_TicketLegalLista' component template).
If the 'ngIf' is an Angular control flow directive, please make sure that either the 'NgIf' directive or the 'CommonModule' is included in the '@Component.imports' of this component. @ http://localhost:4200/@fs/D:/repos/luxuryapp-api/appsweb/angular/.angular/cache/22.1.8/luxury-app/vite/deps/core-gRj2gSiC.js?v=b1c063b9:2321
[    4577ms] [ERROR] NG0303: Can't bind to 'ngIf' since it isn't a known property of 'ili-button-item' (used in the '_TicketLegalLista' component template).
If the 'ngIf' is an Angular control flow directive, please make sure that either the 'NgIf' directive or the 'CommonModule' is included in the '@Component.imports' of this component. @ http://localhost:4200/@fs/D:/repos/luxuryapp-api/appsweb/angular/.angular/cache/22.1.8/luxury-app/vite/deps/core-gRj2gSiC.js?v=b1c063b9:2321
[    4579ms] [ERROR] NG0303: Can't bind to 'ngIf' since it isn't a known property of 'ili-button-item' (used in the '_TicketLegalLista' component template).
If the 'ngIf' is an Angular control flow directive, please make sure that either the 'NgIf' directive or the 'CommonModule' is included in the '@Component.imports' of this component. @ http://localhost:4200/@fs/D:/repos/luxuryapp-api/appsweb/angular/.angular/cache/22.1.8/luxury-app/vite/deps/core-gRj2gSiC.js?v=b1c063b9:2321
[    4580ms] [ERROR] NG0303: Can't bind to 'ngIf' since it isn't a known property of 'ili-button-item' (used in the '_TicketLegalLista' component template).
If the 'ngIf' is an Angular control flow directive, please make sure that either the 'NgIf' directive or the 'CommonModule' is included in the '@Component.imports' of this component. @ http://localhost:4200/@fs/D:/repos/luxuryapp-api/appsweb/angular/.angular/cache/22.1.8/luxury-app/vite/deps/core-gRj2gSiC.js?v=b1c063b9:2321
[    4582ms] [ERROR] NG0303: Can't bind to 'ngIf' since it isn't a known property of 'ili-button-item' (used in the '_TicketLegalLista' component template).
If the 'ngIf' is an Angular control flow directive, please make sure that either the 'NgIf' directive or the 'CommonModule' is included in the '@Component.imports' of this component. @ http://localhost:4200/@fs/D:/repos/luxuryapp-api/appsweb/angular/.angular/cache/22.1.8/luxury-app/vite/deps/core-gRj2gSiC.js?v=b1c063b9:2321
[    4583ms] [ERROR] NG0303: Can't bind to 'ngIf' since it isn't a known property of 'ili-button-item' (used in the '_TicketLegalLista' component template).
If the 'ngIf' is an Angular control flow directive, please make sure that either the 'NgIf' directive or the 'CommonModule' is included in the '@Component.imports' of this component. @ http://localhost:4200/@fs/D:/repos/luxuryapp-api/appsweb/angular/.angular/cache/22.1.8/luxury-app/vite/deps/core-gRj2gSiC.js?v=b1c063b9:2321
[    4585ms] [ERROR] NG0303: Can't bind to 'ngIf' since it isn't a known property of 'ili-button-item' (used in the '_TicketLegalLista' component template).
If the 'ngIf' is an Angular control flow directive, please make sure that either the 'NgIf' directive or the 'CommonModule' is included in the '@Component.imports' of this component. @ http://localhost:4200/@fs/D:/repos/luxuryapp-api/appsweb/angular/.angular/cache/22.1.8/luxury-app/vite/deps/core-gRj2gSiC.js?v=b1c063b9:2321
[    4587ms] [ERROR] NG0303: Can't bind to 'ngIf' since it isn't a known property of 'ili-button-item' (used in the '_TicketLegalLista' component template).
If the 'ngIf' is an Angular control flow directive, please make sure that either the 'NgIf' directive or the 'CommonModule' is included in the '@Component.imports' of this component. @ http://localhost:4200/@fs/D:/repos/luxuryapp-api/appsweb/angular/.angular/cache/22.1.8/luxury-app/vite/deps/core-gRj2gSiC.js?v=b1c063b9:2321
[    4588ms] [ERROR] NG0303: Can't bind to 'ngIf' since it isn't a known property of 'ili-button-item' (used in the '_TicketLegalLista' component template).
If the 'ngIf' is an Angular control flow directive, please make sure that either the 'NgIf' directive or the 'CommonModule' is included in the '@Component.imports' of this component. @ http://localhost:4200/@fs/D:/repos/luxuryapp-api/appsweb/angular/.angular/cache/22.1.8/luxury-app/vite/deps/core-gRj2gSiC.js?v=b1c063b9:2321
[    4590ms] [ERROR] NG0303: Can't bind to 'ngIf' since it isn't a known property of 'ili-button-item' (used in the '_TicketLegalLista' component template).
If the 'ngIf' is an Angular control flow directive, please make sure that either the 'NgIf' directive or the 'CommonModule' is included in the '@Component.imports' of this component. @ http://localhost:4200/@fs/D:/repos/luxuryapp-api/appsweb/angular/.angular/cache/22.1.8/luxury-app/vite/deps/core-gRj2gSiC.js?v=b1c063b9:2321
[    4592ms] [ERROR] NG0303: Can't bind to 'ngIf' since it isn't a known property of 'ili-button-item' (used in the '_TicketLegalLista' component template).
If the 'ngIf' is an Angular control flow directive, please make sure that either the 'NgIf' directive or the 'CommonModule' is included in the '@Component.imports' of this component. @ http://localhost:4200/@fs/D:/repos/luxuryapp-api/appsweb/angular/.angular/cache/22.1.8/luxury-app/vite/deps/core-gRj2gSiC.js?v=b1c063b9:2321
[    4594ms] [ERROR] NG0303: Can't bind to 'ngIf' since it isn't a known property of 'ili-button-item' (used in the '_TicketLegalLista' component template).
If the 'ngIf' is an Angular control flow directive, please make sure that either the 'NgIf' directive or the 'CommonModule' is included in the '@Component.imports' of this component. @ http://localhost:4200/@fs/D:/repos/luxuryapp-api/appsweb/angular/.angular/cache/22.1.8/luxury-app/vite/deps/core-gRj2gSiC.js?v=b1c063b9:2321
[    4597ms] [ERROR] NG0303: Can't bind to 'ngIf' since it isn't a known property of 'ili-button-item' (used in the '_TicketLegalLista' component template).
If the 'ngIf' is an Angular control flow directive, please make sure that either the 'NgIf' directive or the 'CommonModule' is included in the '@Component.imports' of this component. @ http://localhost:4200/@fs/D:/repos/luxuryapp-api/appsweb/angular/.angular/cache/22.1.8/luxury-app/vite/deps/core-gRj2gSiC.js?v=b1c063b9:2321
[    4600ms] [ERROR] NG0303: Can't bind to 'ngIf' since it isn't a known property of 'ili-button-item' (used in the '_TicketLegalLista' component template).
If the 'ngIf' is an Angular control flow directive, please make sure that either the 'NgIf' directive or the 'CommonModule' is included in the '@Component.imports' of this component. @ http://localhost:4200/@fs/D:/repos/luxuryapp-api/appsweb/angular/.angular/cache/22.1.8/luxury-app/vite/deps/core-gRj2gSiC.js?v=b1c063b9:2321
[    4603ms] [ERROR] NG0303: Can't bind to 'ngIf' since it isn't a known property of 'ili-button-item' (used in the '_TicketLegalLista' component template).
If the 'ngIf' is an Angular control flow directive, please make sure that either the 'NgIf' directive or the 'CommonModule' is included in the '@Component.imports' of this component. @ http://localhost:4200/@fs/D:/repos/luxuryapp-api/appsweb/angular/.angular/cache/22.1.8/luxury-app/vite/deps/core-gRj2gSiC.js?v=b1c063b9:2321
[    4605ms] [ERROR] NG0303: Can't bind to 'ngIf' since it isn't a known property of 'ili-button-item' (used in the '_TicketLegalLista' component template).
If the 'ngIf' is an Angular control flow directive, please make sure that either the 'NgIf' directive or the 'CommonModule' is included in the '@Component.imports' of this component. @ http://localhost:4200/@fs/D:/repos/luxuryapp-api/appsweb/angular/.angular/cache/22.1.8/luxury-app/vite/deps/core-gRj2gSiC.js?v=b1c063b9:2321
[    4607ms] [ERROR] NG0303: Can't bind to 'ngIf' since it isn't a known property of 'ili-button-item' (used in the '_TicketLegalLista' component template).
If the 'ngIf' is an Angular control flow directive, please make sure that either the 'NgIf' directive or the 'CommonModule' is included in the '@Component.imports' of this component. @ http://localhost:4200/@fs/D:/repos/luxuryapp-api/appsweb/angular/.angular/cache/22.1.8/luxury-app/vite/deps/core-gRj2gSiC.js?v=b1c063b9:2321
[    4609ms] [ERROR] NG0303: Can't bind to 'ngIf' since it isn't a known property of 'ili-button-item' (used in the '_TicketLegalLista' component template).
If the 'ngIf' is an Angular control flow directive, please make sure that either the 'NgIf' directive or the 'CommonModule' is included in the '@Component.imports' of this component. @ http://localhost:4200/@fs/D:/repos/luxuryapp-api/appsweb/angular/.angular/cache/22.1.8/luxury-app/vite/deps/core-gRj2gSiC.js?v=b1c063b9:2321
[    4610ms] [ERROR] NG0303: Can't bind to 'ngIf' since it isn't a known property of 'ili-button-item' (used in the '_TicketLegalLista' component template).
If the 'ngIf' is an Angular control flow directive, please make sure that either the 'NgIf' directive or the 'CommonModule' is included in the '@Component.imports' of this component. @ http://localhost:4200/@fs/D:/repos/luxuryapp-api/appsweb/angular/.angular/cache/22.1.8/luxury-app/vite/deps/core-gRj2gSiC.js?v=b1c063b9:2321
[    4612ms] [ERROR] NG0303: Can't bind to 'ngIf' since it isn't a known property of 'ili-button-item' (used in the '_TicketLegalLista' component template).
If the 'ngIf' is an Angular control flow directive, please make sure that either the 'NgIf' directive or the 'CommonModule' is included in the '@Component.imports' of this component. @ http://localhost:4200/@fs/D:/repos/luxuryapp-api/appsweb/angular/.angular/cache/22.1.8/luxury-app/vite/deps/core-gRj2gSiC.js?v=b1c063b9:2321
[    4614ms] [ERROR] NG0303: Can't bind to 'ngIf' since it isn't a known property of 'ili-button-item' (used in the '_TicketLegalLista' component template).
If the 'ngIf' is an Angular control flow directive, please make sure that either the 'NgIf' directive or the 'CommonModule' is included in the '@Component.imports' of this component. @ http://localhost:4200/@fs/D:/repos/luxuryapp-api/appsweb/angular/.angular/cache/22.1.8/luxury-app/vite/deps/core-gRj2gSiC.js?v=b1c063b9:2321
[    4616ms] [ERROR] NG0303: Can't bind to 'ngIf' since it isn't a known property of 'ili-button-item' (used in the '_TicketLegalLista' component template).
If the 'ngIf' is an Angular control flow directive, please make sure that either the 'NgIf' directive or the 'CommonModule' is included in the '@Component.imports' of this component. @ http://localhost:4200/@fs/D:/repos/luxuryapp-api/appsweb/angular/.angular/cache/22.1.8/luxury-app/vite/deps/core-gRj2gSiC.js?v=b1c063b9:2321
[    4618ms] [ERROR] NG0303: Can't bind to 'ngIf' since it isn't a known property of 'ili-button-item' (used in the '_TicketLegalLista' component template).
If the 'ngIf' is an Angular control flow directive, please make sure that either the 'NgIf' directive or the 'CommonModule' is included in the '@Component.imports' of this component. @ http://localhost:4200/@fs/D:/repos/luxuryapp-api/appsweb/angular/.angular/cache/22.1.8/luxury-app/vite/deps/core-gRj2gSiC.js?v=b1c063b9:2321
[    4619ms] [ERROR] NG0303: Can't bind to 'ngIf' since it isn't a known property of 'ili-button-item' (used in the '_TicketLegalLista' component template).
If the 'ngIf' is an Angular control flow directive, please make sure that either the 'NgIf' directive or the 'CommonModule' is included in the '@Component.imports' of this component. @ http://localhost:4200/@fs/D:/repos/luxuryapp-api/appsweb/angular/.angular/cache/22.1.8/luxury-app/vite/deps/core-gRj2gSiC.js?v=b1c063b9:2321
[    4621ms] [ERROR] NG0303: Can't bind to 'ngIf' since it isn't a known property of 'ili-button-item' (used in the '_TicketLegalLista' component template).
If the 'ngIf' is an Angular control flow directive, please make sure that either the 'NgIf' directive or the 'CommonModule' is included in the '@Component.imports' of this component. @ http://localhost:4200/@fs/D:/repos/luxuryapp-api/appsweb/angular/.angular/cache/22.1.8/luxury-app/vite/deps/core-gRj2gSiC.js?v=b1c063b9:2321
[    4622ms] [ERROR] NG0303: Can't bind to 'ngIf' since it isn't a known property of 'ili-button-item' (used in the '_TicketLegalLista' component template).
If the 'ngIf' is an Angular control flow directive, please make sure that either the 'NgIf' directive or the 'CommonModule' is included in the '@Component.imports' of this component. @ http://localhost:4200/@fs/D:/repos/luxuryapp-api/appsweb/angular/.angular/cache/22.1.8/luxury-app/vite/deps/core-gRj2gSiC.js?v=b1c063b9:2321
[    4624ms] [ERROR] NG0303: Can't bind to 'ngIf' since it isn't a known property of 'ili-button-item' (used in the '_TicketLegalLista' component template).
If the 'ngIf' is an Angular control flow directive, please make sure that either the 'NgIf' directive or the 'CommonModule' is included in the '@Component.imports' of this component. @ http://localhost:4200/@fs/D:/repos/luxuryapp-api/appsweb/angular/.angular/cache/22.1.8/luxury-app/vite/deps/core-gRj2gSiC.js?v=b1c063b9:2321
[    4626ms] [ERROR] NG0303: Can't bind to 'ngIf' since it isn't a known property of 'ili-button-item' (used in the '_TicketLegalLista' component template).
If the 'ngIf' is an Angular control flow directive, please make sure that either the 'NgIf' directive or the 'CommonModule' is included in the '@Component.imports' of this component. @ http://localhost:4200/@fs/D:/repos/luxuryapp-api/appsweb/angular/.angular/cache/22.1.8/luxury-app/vite/deps/core-gRj2gSiC.js?v=b1c063b9:2321
[    4628ms] [ERROR] NG0303: Can't bind to 'ngIf' since it isn't a known property of 'ili-button-item' (used in the '_TicketLegalLista' component template).
If the 'ngIf' is an Angular control flow directive, please make sure that either the 'NgIf' directive or the 'CommonModule' is included in the '@Component.imports' of this component. @ http://localhost:4200/@fs/D:/repos/luxuryapp-api/appsweb/angular/.angular/cache/22.1.8/luxury-app/vite/deps/core-gRj2gSiC.js?v=b1c063b9:2321
[    4629ms] [ERROR] NG0303: Can't bind to 'ngIf' since it isn't a known property of 'ili-button-item' (used in the '_TicketLegalLista' component template).
If the 'ngIf' is an Angular control flow directive, please make sure that either the 'NgIf' directive or the 'CommonModule' is included in the '@Component.imports' of this component. @ http://localhost:4200/@fs/D:/repos/luxuryapp-api/appsweb/angular/.angular/cache/22.1.8/luxury-app/vite/deps/core-gRj2gSiC.js?v=b1c063b9:2321
[    4631ms] [ERROR] NG0303: Can't bind to 'ngIf' since it isn't a known property of 'ili-button-item' (used in the '_TicketLegalLista' component template).
If the 'ngIf' is an Angular control flow directive, please make sure that either the 'NgIf' directive or the 'CommonModule' is included in the '@Component.imports' of this component. @ http://localhost:4200/@fs/D:/repos/luxuryapp-api/appsweb/angular/.angular/cache/22.1.8/luxury-app/vite/deps/core-gRj2gSiC.js?v=b1c063b9:2321
[    4633ms] [ERROR] NG0303: Can't bind to 'ngIf' since it isn't a known property of 'ili-button-item' (used in the '_TicketLegalLista' component template).
If the 'ngIf' is an Angular control flow directive, please make sure that either the 'NgIf' directive or the 'CommonModule' is included in the '@Component.imports' of this component. @ http://localhost:4200/@fs/D:/repos/luxuryapp-api/appsweb/angular/.angular/cache/22.1.8/luxury-app/vite/deps/core-gRj2gSiC.js?v=b1c063b9:2321
[    4635ms] [ERROR] NG0303: Can't bind to 'ngIf' since it isn't a known property of 'ili-button-item' (used in the '_TicketLegalLista' component template).
If the 'ngIf' is an Angular control flow directive, please make sure that either the 'NgIf' directive or the 'CommonModule' is included in the '@Component.imports' of this component. @ http://localhost:4200/@fs/D:/repos/luxuryapp-api/appsweb/angular/.angular/cache/22.1.8/luxury-app/vite/deps/core-gRj2gSiC.js?v=b1c063b9:2321
[    4637ms] [ERROR] NG0303: Can't bind to 'ngIf' since it isn't a known property of 'ili-button-item' (used in the '_TicketLegalLista' component template).
If the 'ngIf' is an Angular control flow directive, please make sure that either the 'NgIf' directive or the 'CommonModule' is included in the '@Component.imports' of this component. @ http://localhost:4200/@fs/D:/repos/luxuryapp-api/appsweb/angular/.angular/cache/22.1.8/luxury-app/vite/deps/core-gRj2gSiC.js?v=b1c063b9:2321
[    4640ms] [ERROR] NG0303: Can't bind to 'ngIf' since it isn't a known property of 'ili-button-item' (used in the '_TicketLegalLista' component template).
If the 'ngIf' is an Angular control flow directive, please make sure that either the 'NgIf' directive or the 'CommonModule' is included in the '@Component.imports' of this component. @ http://localhost:4200/@fs/D:/repos/luxuryapp-api/appsweb/angular/.angular/cache/22.1.8/luxury-app/vite/deps/core-gRj2gSiC.js?v=b1c063b9:2321
[    4642ms] [ERROR] NG0303: Can't bind to 'ngIf' since it isn't a known property of 'ili-button-item' (used in the '_TicketLegalLista' component template).
If the 'ngIf' is an Angular control flow directive, please make sure that either the 'NgIf' directive or the 'CommonModule' is included in the '@Component.imports' of this component. @ http://localhost:4200/@fs/D:/repos/luxuryapp-api/appsweb/angular/.angular/cache/22.1.8/luxury-app/vite/deps/core-gRj2gSiC.js?v=b1c063b9:2321
[    4644ms] [ERROR] NG0303: Can't bind to 'ngIf' since it isn't a known property of 'ili-button-item' (used in the '_TicketLegalLista' component template).
If the 'ngIf' is an Angular control flow directive, please make sure that either the 'NgIf' directive or the 'CommonModule' is included in the '@Component.imports' of this component. @ http://localhost:4200/@fs/D:/repos/luxuryapp-api/appsweb/angular/.angular/cache/22.1.8/luxury-app/vite/deps/core-gRj2gSiC.js?v=b1c063b9:2321
[    4646ms] [ERROR] NG0303: Can't bind to 'ngIf' since it isn't a known property of 'ili-button-item' (used in the '_TicketLegalLista' component template).
If the 'ngIf' is an Angular control flow directive, please make sure that either the 'NgIf' directive or the 'CommonModule' is included in the '@Component.imports' of this component. @ http://localhost:4200/@fs/D:/repos/luxuryapp-api/appsweb/angular/.angular/cache/22.1.8/luxury-app/vite/deps/core-gRj2gSiC.js?v=b1c063b9:2321
[    4648ms] [ERROR] NG0303: Can't bind to 'ngIf' since it isn't a known property of 'ili-button-item' (used in the '_TicketLegalLista' component template).
If the 'ngIf' is an Angular control flow directive, please make sure that either the 'NgIf' directive or the 'CommonModule' is included in the '@Component.imports' of this component. @ http://localhost:4200/@fs/D:/repos/luxuryapp-api/appsweb/angular/.angular/cache/22.1.8/luxury-app/vite/deps/core-gRj2gSiC.js?v=b1c063b9:2321
[    4651ms] [ERROR] NG0303: Can't bind to 'ngIf' since it isn't a known property of 'ili-button-item' (used in the '_TicketLegalLista' component template).
If the 'ngIf' is an Angular control flow directive, please make sure that either the 'NgIf' directive or the 'CommonModule' is included in the '@Component.imports' of this component. @ http://localhost:4200/@fs/D:/repos/luxuryapp-api/appsweb/angular/.angular/cache/22.1.8/luxury-app/vite/deps/core-gRj2gSiC.js?v=b1c063b9:2321
[    4653ms] [ERROR] NG0303: Can't bind to 'ngIf' since it isn't a known property of 'ili-button-item' (used in the '_TicketLegalLista' component template).
If the 'ngIf' is an Angular control flow directive, please make sure that either the 'NgIf' directive or the 'CommonModule' is included in the '@Component.imports' of this component. @ http://localhost:4200/@fs/D:/repos/luxuryapp-api/appsweb/angular/.angular/cache/22.1.8/luxury-app/vite/deps/core-gRj2gSiC.js?v=b1c063b9:2321
[    4655ms] [ERROR] NG0303: Can't bind to 'ngIf' since it isn't a known property of 'ili-button-item' (used in the '_TicketLegalLista' component template).
If the 'ngIf' is an Angular control flow directive, please make sure that either the 'NgIf' directive or the 'CommonModule' is included in the '@Component.imports' of this component. @ http://localhost:4200/@fs/D:/repos/luxuryapp-api/appsweb/angular/.angular/cache/22.1.8/luxury-app/vite/deps/core-gRj2gSiC.js?v=b1c063b9:2321
[    4657ms] [ERROR] NG0303: Can't bind to 'ngIf' since it isn't a known property of 'ili-button-item' (used in the '_TicketLegalLista' component template).
If the 'ngIf' is an Angular control flow directive, please make sure that either the 'NgIf' directive or the 'CommonModule' is included in the '@Component.imports' of this component. @ http://localhost:4200/@fs/D:/repos/luxuryapp-api/appsweb/angular/.angular/cache/22.1.8/luxury-app/vite/deps/core-gRj2gSiC.js?v=b1c063b9:2321
[    4659ms] [ERROR] NG0303: Can't bind to 'ngIf' since it isn't a known property of 'ili-button-item' (used in the '_TicketLegalLista' component template).
If the 'ngIf' is an Angular control flow directive, please make sure that either the 'NgIf' directive or the 'CommonModule' is included in the '@Component.imports' of this component. @ http://localhost:4200/@fs/D:/repos/luxuryapp-api/appsweb/angular/.angular/cache/22.1.8/luxury-app/vite/deps/core-gRj2gSiC.js?v=b1c063b9:2321
[    4661ms] [ERROR] NG0303: Can't bind to 'ngIf' since it isn't a known property of 'ili-button-item' (used in the '_TicketLegalLista' component template).
If the 'ngIf' is an Angular control flow directive, please make sure that either the 'NgIf' directive or the 'CommonModule' is included in the '@Component.imports' of this component. @ http://localhost:4200/@fs/D:/repos/luxuryapp-api/appsweb/angular/.angular/cache/22.1.8/luxury-app/vite/deps/core-gRj2gSiC.js?v=b1c063b9:2321
[    4662ms] [ERROR] NG0303: Can't bind to 'ngIf' since it isn't a known property of 'ili-button-item' (used in the '_TicketLegalLista' component template).
If the 'ngIf' is an Angular control flow directive, please make sure that either the 'NgIf' directive or the 'CommonModule' is included in the '@Component.imports' of this component. @ http://localhost:4200/@fs/D:/repos/luxuryapp-api/appsweb/angular/.angular/cache/22.1.8/luxury-app/vite/deps/core-gRj2gSiC.js?v=b1c063b9:2321
[    4665ms] [ERROR] NG0303: Can't bind to 'ngIf' since it isn't a known property of 'ili-button-item' (used in the '_TicketLegalLista' component template).
If the 'ngIf' is an Angular control flow directive, please make sure that either the 'NgIf' directive or the 'CommonModule' is included in the '@Component.imports' of this component. @ http://localhost:4200/@fs/D:/repos/luxuryapp-api/appsweb/angular/.angular/cache/22.1.8/luxury-app/vite/deps/core-gRj2gSiC.js?v=b1c063b9:2321
[    4666ms] [ERROR] NG0303: Can't bind to 'ngIf' since it isn't a known property of 'ili-button-item' (used in the '_TicketLegalLista' component template).
If the 'ngIf' is an Angular control flow directive, please make sure that either the 'NgIf' directive or the 'CommonModule' is included in the '@Component.imports' of this component. @ http://localhost:4200/@fs/D:/repos/luxuryapp-api/appsweb/angular/.angular/cache/22.1.8/luxury-app/vite/deps/core-gRj2gSiC.js?v=b1c063b9:2321
[    4667ms] [ERROR] NG0303: Can't bind to 'ngIf' since it isn't a known property of 'ili-button-item' (used in the '_TicketLegalLista' component template).
If the 'ngIf' is an Angular control flow directive, please make sure that either the 'NgIf' directive or the 'CommonModule' is included in the '@Component.imports' of this component. @ http://localhost:4200/@fs/D:/repos/luxuryapp-api/appsweb/angular/.angular/cache/22.1.8/luxury-app/vite/deps/core-gRj2gSiC.js?v=b1c063b9:2321
[    4668ms] [ERROR] NG0303: Can't bind to 'ngIf' since it isn't a known property of 'ili-button-item' (used in the '_TicketLegalLista' component template).
If the 'ngIf' is an Angular control flow directive, please make sure that either the 'NgIf' directive or the 'CommonModule' is included in the '@Component.imports' of this component. @ http://localhost:4200/@fs/D:/repos/luxuryapp-api/appsweb/angular/.angular/cache/22.1.8/luxury-app/vite/deps/core-gRj2gSiC.js?v=b1c063b9:2321
[    4669ms] [ERROR] NG0303: Can't bind to 'ngIf' since it isn't a known property of 'ili-button-item' (used in the '_TicketLegalLista' component template).
If the 'ngIf' is an Angular control flow directive, please make sure that either the 'NgIf' directive or the 'CommonModule' is included in the '@Component.imports' of this component. @ http://localhost:4200/@fs/D:/repos/luxuryapp-api/appsweb/angular/.angular/cache/22.1.8/luxury-app/vite/deps/core-gRj2gSiC.js?v=b1c063b9:2321
[    4670ms] [ERROR] NG0303: Can't bind to 'ngIf' since it isn't a known property of 'ili-button-item' (used in the '_TicketLegalLista' component template).
If the 'ngIf' is an Angular control flow directive, please make sure that either the 'NgIf' directive or the 'CommonModule' is included in the '@Component.imports' of this component. @ http://localhost:4200/@fs/D:/repos/luxuryapp-api/appsweb/angular/.angular/cache/22.1.8/luxury-app/vite/deps/core-gRj2gSiC.js?v=b1c063b9:2321
[    4671ms] [ERROR] NG0303: Can't bind to 'ngIf' since it isn't a known property of 'ili-button-item' (used in the '_TicketLegalLista' component template).
If the 'ngIf' is an Angular control flow directive, please make sure that either the 'NgIf' directive or the 'CommonModule' is included in the '@Component.imports' of this component. @ http://localhost:4200/@fs/D:/repos/luxuryapp-api/appsweb/angular/.angular/cache/22.1.8/luxury-app/vite/deps/core-gRj2gSiC.js?v=b1c063b9:2321
[    4672ms] [ERROR] NG0303: Can't bind to 'ngIf' since it isn't a known property of 'ili-button-item' (used in the '_TicketLegalLista' component template).
If the 'ngIf' is an Angular control flow directive, please make sure that either the 'NgIf' directive or the 'CommonModule' is included in the '@Component.imports' of this component. @ http://localhost:4200/@fs/D:/repos/luxuryapp-api/appsweb/angular/.angular/cache/22.1.8/luxury-app/vite/deps/core-gRj2gSiC.js?v=b1c063b9:2321
[    4673ms] [ERROR] NG0303: Can't bind to 'ngIf' since it isn't a known property of 'ili-button-item' (used in the '_TicketLegalLista' component template).
If the 'ngIf' is an Angular control flow directive, please make sure that either the 'NgIf' directive or the 'CommonModule' is included in the '@Component.imports' of this component. @ http://localhost:4200/@fs/D:/repos/luxuryapp-api/appsweb/angular/.angular/cache/22.1.8/luxury-app/vite/deps/core-gRj2gSiC.js?v=b1c063b9:2321
[    4674ms] [ERROR] NG0303: Can't bind to 'ngIf' since it isn't a known property of 'ili-button-item' (used in the '_TicketLegalLista' component template).
If the 'ngIf' is an Angular control flow directive, please make sure that either the 'NgIf' directive or the 'CommonModule' is included in the '@Component.imports' of this component. @ http://localhost:4200/@fs/D:/repos/luxuryapp-api/appsweb/angular/.angular/cache/22.1.8/luxury-app/vite/deps/core-gRj2gSiC.js?v=b1c063b9:2321
[    4675ms] [ERROR] NG0303: Can't bind to 'ngIf' since it isn't a known property of 'ili-button-item' (used in the '_TicketLegalLista' component template).
If the 'ngIf' is an Angular control flow directive, please make sure that either the 'NgIf' directive or the 'CommonModule' is included in the '@Component.imports' of this component. @ http://localhost:4200/@fs/D:/repos/luxuryapp-api/appsweb/angular/.angular/cache/22.1.8/luxury-app/vite/deps/core-gRj2gSiC.js?v=b1c063b9:2321
[    4676ms] [ERROR] NG0303: Can't bind to 'ngIf' since it isn't a known property of 'ili-button-item' (used in the '_TicketLegalLista' component template).
If the 'ngIf' is an Angular control flow directive, please make sure that either the 'NgIf' directive or the 'CommonModule' is included in the '@Component.imports' of this component. @ http://localhost:4200/@fs/D:/repos/luxuryapp-api/appsweb/angular/.angular/cache/22.1.8/luxury-app/vite/deps/core-gRj2gSiC.js?v=b1c063b9:2321
[    4677ms] [ERROR] NG0303: Can't bind to 'ngIf' since it isn't a known property of 'ili-button-item' (used in the '_TicketLegalLista' component template).
If the 'ngIf' is an Angular control flow directive, please make sure that either the 'NgIf' directive or the 'CommonModule' is included in the '@Component.imports' of this component. @ http://localhost:4200/@fs/D:/repos/luxuryapp-api/appsweb/angular/.angular/cache/22.1.8/luxury-app/vite/deps/core-gRj2gSiC.js?v=b1c063b9:2321
[    4678ms] [ERROR] NG0303: Can't bind to 'ngIf' since it isn't a known property of 'ili-button-item' (used in the '_TicketLegalLista' component template).
If the 'ngIf' is an Angular control flow directive, please make sure that either the 'NgIf' directive or the 'CommonModule' is included in the '@Component.imports' of this component. @ http://localhost:4200/@fs/D:/repos/luxuryapp-api/appsweb/angular/.angular/cache/22.1.8/luxury-app/vite/deps/core-gRj2gSiC.js?v=b1c063b9:2321
[    4678ms] [ERROR] NG0303: Can't bind to 'ngIf' since it isn't a known property of 'ili-button-item' (used in the '_TicketLegalLista' component template).
If the 'ngIf' is an Angular control flow directive, please make sure that either the 'NgIf' directive or the 'CommonModule' is included in the '@Component.imports' of this component. @ http://localhost:4200/@fs/D:/repos/luxuryapp-api/appsweb/angular/.angular/cache/22.1.8/luxury-app/vite/deps/core-gRj2gSiC.js?v=b1c063b9:2321
[    4679ms] [ERROR] NG0303: Can't bind to 'ngIf' since it isn't a known property of 'ili-button-item' (used in the '_TicketLegalLista' component template).
If the 'ngIf' is an Angular control flow directive, please make sure that either the 'NgIf' directive or the 'CommonModule' is included in the '@Component.imports' of this component. @ http://localhost:4200/@fs/D:/repos/luxuryapp-api/appsweb/angular/.angular/cache/22.1.8/luxury-app/vite/deps/core-gRj2gSiC.js?v=b1c063b9:2321
[    4689ms] [ERROR] NG0303: Can't bind to 'ngIf' since it isn't a known property of 'ili-button-item' (used in the '_TicketLegalLista' component template).
If the 'ngIf' is an Angular control flow directive, please make sure that either the 'NgIf' directive or the 'CommonModule' is included in the '@Component.imports' of this component. @ http://localhost:4200/@fs/D:/repos/luxuryapp-api/appsweb/angular/.angular/cache/22.1.8/luxury-app/vite/deps/core-gRj2gSiC.js?v=b1c063b9:2321
[    4692ms] [ERROR] NG0303: Can't bind to 'ngIf' since it isn't a known property of 'ili-button-item' (used in the '_TicketLegalLista' component template).
If the 'ngIf' is an Angular control flow directive, please make sure that either the 'NgIf' directive or the 'CommonModule' is included in the '@Component.imports' of this component. @ http://localhost:4200/@fs/D:/repos/luxuryapp-api/appsweb/angular/.angular/cache/22.1.8/luxury-app/vite/deps/core-gRj2gSiC.js?v=b1c063b9:2321
[    4694ms] [ERROR] NG0303: Can't bind to 'ngIf' since it isn't a known property of 'ili-button-item' (used in the '_TicketLegalLista' component template).
If the 'ngIf' is an Angular control flow directive, please make sure that either the 'NgIf' directive or the 'CommonModule' is included in the '@Component.imports' of this component. @ http://localhost:4200/@fs/D:/repos/luxuryapp-api/appsweb/angular/.angular/cache/22.1.8/luxury-app/vite/deps/core-gRj2gSiC.js?v=b1c063b9:2321
[    4697ms] [ERROR] NG0303: Can't bind to 'ngIf' since it isn't a known property of 'ili-button-item' (used in the '_TicketLegalLista' component template).
If the 'ngIf' is an Angular control flow directive, please make sure that either the 'NgIf' directive or the 'CommonModule' is included in the '@Component.imports' of this component. @ http://localhost:4200/@fs/D:/repos/luxuryapp-api/appsweb/angular/.angular/cache/22.1.8/luxury-app/vite/deps/core-gRj2gSiC.js?v=b1c063b9:2321
[    4699ms] [ERROR] NG0303: Can't bind to 'ngIf' since it isn't a known property of 'ili-button-item' (used in the '_TicketLegalLista' component template).
If the 'ngIf' is an Angular control flow directive, please make sure that either the 'NgIf' directive or the 'CommonModule' is included in the '@Component.imports' of this component. @ http://localhost:4200/@fs/D:/repos/luxuryapp-api/appsweb/angular/.angular/cache/22.1.8/luxury-app/vite/deps/core-gRj2gSiC.js?v=b1c063b9:2321
[    4702ms] [ERROR] NG0303: Can't bind to 'ngIf' since it isn't a known property of 'ili-button-item' (used in the '_TicketLegalLista' component template).
If the 'ngIf' is an Angular control flow directive, please make sure that either the 'NgIf' directive or the 'CommonModule' is included in the '@Component.imports' of this component. @ http://localhost:4200/@fs/D:/repos/luxuryapp-api/appsweb/angular/.angular/cache/22.1.8/luxury-app/vite/deps/core-gRj2gSiC.js?v=b1c063b9:2321
[    4704ms] [ERROR] NG0303: Can't bind to 'ngIf' since it isn't a known property of 'ili-button-item' (used in the '_TicketLegalLista' component template).
If the 'ngIf' is an Angular control flow directive, please make sure that either the 'NgIf' directive or the 'CommonModule' is included in the '@Component.imports' of this component. @ http://localhost:4200/@fs/D:/repos/luxuryapp-api/appsweb/angular/.angular/cache/22.1.8/luxury-app/vite/deps/core-gRj2gSiC.js?v=b1c063b9:2321
[    4706ms] [ERROR] NG0303: Can't bind to 'ngIf' since it isn't a known property of 'ili-button-item' (used in the '_TicketLegalLista' component template).
If the 'ngIf' is an Angular control flow directive, please make sure that either the 'NgIf' directive or the 'CommonModule' is included in the '@Component.imports' of this component. @ http://localhost:4200/@fs/D:/repos/luxuryapp-api/appsweb/angular/.angular/cache/22.1.8/luxury-app/vite/deps/core-gRj2gSiC.js?v=b1c063b9:2321
[    4708ms] [ERROR] NG0303: Can't bind to 'ngIf' since it isn't a known property of 'ili-button-item' (used in the '_TicketLegalLista' component template).
If the 'ngIf' is an Angular control flow directive, please make sure that either the 'NgIf' directive or the 'CommonModule' is included in the '@Component.imports' of this component. @ http://localhost:4200/@fs/D:/repos/luxuryapp-api/appsweb/angular/.angular/cache/22.1.8/luxury-app/vite/deps/core-gRj2gSiC.js?v=b1c063b9:2321
[    4710ms] [ERROR] NG0303: Can't bind to 'ngIf' since it isn't a known property of 'ili-button-item' (used in the '_TicketLegalLista' component template).
If the 'ngIf' is an Angular control flow directive, please make sure that either the 'NgIf' directive or the 'CommonModule' is included in the '@Component.imports' of this component. @ http://localhost:4200/@fs/D:/repos/luxuryapp-api/appsweb/angular/.angular/cache/22.1.8/luxury-app/vite/deps/core-gRj2gSiC.js?v=b1c063b9:2321
[    4711ms] [ERROR] NG0303: Can't bind to 'ngIf' since it isn't a known property of 'ili-button-item' (used in the '_TicketLegalLista' component template).
If the 'ngIf' is an Angular control flow directive, please make sure that either the 'NgIf' directive or the 'CommonModule' is included in the '@Component.imports' of this component. @ http://localhost:4200/@fs/D:/repos/luxuryapp-api/appsweb/angular/.angular/cache/22.1.8/luxury-app/vite/deps/core-gRj2gSiC.js?v=b1c063b9:2321
[    4713ms] [ERROR] NG0303: Can't bind to 'ngIf' since it isn't a known property of 'ili-button-item' (used in the '_TicketLegalLista' component template).
If the 'ngIf' is an Angular control flow directive, please make sure that either the 'NgIf' directive or the 'CommonModule' is included in the '@Component.imports' of this component. @ http://localhost:4200/@fs/D:/repos/luxuryapp-api/appsweb/angular/.angular/cache/22.1.8/luxury-app/vite/deps/core-gRj2gSiC.js?v=b1c063b9:2321
[    4715ms] [ERROR] NG0303: Can't bind to 'ngIf' since it isn't a known property of 'ili-button-item' (used in the '_TicketLegalLista' component template).
If the 'ngIf' is an Angular control flow directive, please make sure that either the 'NgIf' directive or the 'CommonModule' is included in the '@Component.imports' of this component. @ http://localhost:4200/@fs/D:/repos/luxuryapp-api/appsweb/angular/.angular/cache/22.1.8/luxury-app/vite/deps/core-gRj2gSiC.js?v=b1c063b9:2321
[    4717ms] [ERROR] NG0303: Can't bind to 'ngIf' since it isn't a known property of 'ili-button-item' (used in the '_TicketLegalLista' component template).
If the 'ngIf' is an Angular control flow directive, please make sure that either the 'NgIf' directive or the 'CommonModule' is included in the '@Component.imports' of this component. @ http://localhost:4200/@fs/D:/repos/luxuryapp-api/appsweb/angular/.angular/cache/22.1.8/luxury-app/vite/deps/core-gRj2gSiC.js?v=b1c063b9:2321
[    4718ms] [ERROR] NG0303: Can't bind to 'ngIf' since it isn't a known property of 'ili-button-item' (used in the '_TicketLegalLista' component template).
If the 'ngIf' is an Angular control flow directive, please make sure that either the 'NgIf' directive or the 'CommonModule' is included in the '@Component.imports' of this component. @ http://localhost:4200/@fs/D:/repos/luxuryapp-api/appsweb/angular/.angular/cache/22.1.8/luxury-app/vite/deps/core-gRj2gSiC.js?v=b1c063b9:2321
[    4720ms] [ERROR] NG0303: Can't bind to 'ngIf' since it isn't a known property of 'ili-button-item' (used in the '_TicketLegalLista' component template).
If the 'ngIf' is an Angular control flow directive, please make sure that either the 'NgIf' directive or the 'CommonModule' is included in the '@Component.imports' of this component. @ http://localhost:4200/@fs/D:/repos/luxuryapp-api/appsweb/angular/.angular/cache/22.1.8/luxury-app/vite/deps/core-gRj2gSiC.js?v=b1c063b9:2321
[    4722ms] [ERROR] NG0303: Can't bind to 'ngIf' since it isn't a known property of 'ili-button-item' (used in the '_TicketLegalLista' component template).
If the 'ngIf' is an Angular control flow directive, please make sure that either the 'NgIf' directive or the 'CommonModule' is included in the '@Component.imports' of this component. @ http://localhost:4200/@fs/D:/repos/luxuryapp-api/appsweb/angular/.angular/cache/22.1.8/luxury-app/vite/deps/core-gRj2gSiC.js?v=b1c063b9:2321
[    4723ms] [ERROR] NG0303: Can't bind to 'ngIf' since it isn't a known property of 'ili-button-item' (used in the '_TicketLegalLista' component template).
If the 'ngIf' is an Angular control flow directive, please make sure that either the 'NgIf' directive or the 'CommonModule' is included in the '@Component.imports' of this component. @ http://localhost:4200/@fs/D:/repos/luxuryapp-api/appsweb/angular/.angular/cache/22.1.8/luxury-app/vite/deps/core-gRj2gSiC.js?v=b1c063b9:2321
[    4726ms] [ERROR] NG0303: Can't bind to 'ngIf' since it isn't a known property of 'ili-button-item' (used in the '_TicketLegalLista' component template).
If the 'ngIf' is an Angular control flow directive, please make sure that either the 'NgIf' directive or the 'CommonModule' is included in the '@Component.imports' of this component. @ http://localhost:4200/@fs/D:/repos/luxuryapp-api/appsweb/angular/.angular/cache/22.1.8/luxury-app/vite/deps/core-gRj2gSiC.js?v=b1c063b9:2321
[    4728ms] [ERROR] NG0303: Can't bind to 'ngIf' since it isn't a known property of 'ili-button-item' (used in the '_TicketLegalLista' component template).
If the 'ngIf' is an Angular control flow directive, please make sure that either the 'NgIf' directive or the 'CommonModule' is included in the '@Component.imports' of this component. @ http://localhost:4200/@fs/D:/repos/luxuryapp-api/appsweb/angular/.angular/cache/22.1.8/luxury-app/vite/deps/core-gRj2gSiC.js?v=b1c063b9:2321
[    4730ms] [ERROR] NG0303: Can't bind to 'ngIf' since it isn't a known property of 'ili-button-item' (used in the '_TicketLegalLista' component template).
If the 'ngIf' is an Angular control flow directive, please make sure that either the 'NgIf' directive or the 'CommonModule' is included in the '@Component.imports' of this component. @ http://localhost:4200/@fs/D:/repos/luxuryapp-api/appsweb/angular/.angular/cache/22.1.8/luxury-app/vite/deps/core-gRj2gSiC.js?v=b1c063b9:2321
[    4732ms] [ERROR] NG0303: Can't bind to 'ngIf' since it isn't a known property of 'ili-button-item' (used in the '_TicketLegalLista' component template).
If the 'ngIf' is an Angular control flow directive, please make sure that either the 'NgIf' directive or the 'CommonModule' is included in the '@Component.imports' of this component. @ http://localhost:4200/@fs/D:/repos/luxuryapp-api/appsweb/angular/.angular/cache/22.1.8/luxury-app/vite/deps/core-gRj2gSiC.js?v=b1c063b9:2321
[    4734ms] [ERROR] NG0303: Can't bind to 'ngIf' since it isn't a known property of 'ili-button-item' (used in the '_TicketLegalLista' component template).
If the 'ngIf' is an Angular control flow directive, please make sure that either the 'NgIf' directive or the 'CommonModule' is included in the '@Component.imports' of this component. @ http://localhost:4200/@fs/D:/repos/luxuryapp-api/appsweb/angular/.angular/cache/22.1.8/luxury-app/vite/deps/core-gRj2gSiC.js?v=b1c063b9:2321
[    4736ms] [ERROR] NG0303: Can't bind to 'ngIf' since it isn't a known property of 'ili-button-item' (used in the '_TicketLegalLista' component template).
If the 'ngIf' is an Angular control flow directive, please make sure that either the 'NgIf' directive or the 'CommonModule' is included in the '@Component.imports' of this component. @ http://localhost:4200/@fs/D:/repos/luxuryapp-api/appsweb/angular/.angular/cache/22.1.8/luxury-app/vite/deps/core-gRj2gSiC.js?v=b1c063b9:2321
[    4739ms] [ERROR] NG0303: Can't bind to 'ngIf' since it isn't a known property of 'ili-button-item' (used in the '_TicketLegalLista' component template).
If the 'ngIf' is an Angular control flow directive, please make sure that either the 'NgIf' directive or the 'CommonModule' is included in the '@Component.imports' of this component. @ http://localhost:4200/@fs/D:/repos/luxuryapp-api/appsweb/angular/.angular/cache/22.1.8/luxury-app/vite/deps/core-gRj2gSiC.js?v=b1c063b9:2321
[    4741ms] [ERROR] NG0303: Can't bind to 'ngIf' since it isn't a known property of 'ili-button-item' (used in the '_TicketLegalLista' component template).
If the 'ngIf' is an Angular control flow directive, please make sure that either the 'NgIf' directive or the 'CommonModule' is included in the '@Component.imports' of this component. @ http://localhost:4200/@fs/D:/repos/luxuryapp-api/appsweb/angular/.angular/cache/22.1.8/luxury-app/vite/deps/core-gRj2gSiC.js?v=b1c063b9:2321
[    4743ms] [ERROR] NG0303: Can't bind to 'ngIf' since it isn't a known property of 'ili-button-item' (used in the '_TicketLegalLista' component template).
If the 'ngIf' is an Angular control flow directive, please make sure that either the 'NgIf' directive or the 'CommonModule' is included in the '@Component.imports' of this component. @ http://localhost:4200/@fs/D:/repos/luxuryapp-api/appsweb/angular/.angular/cache/22.1.8/luxury-app/vite/deps/core-gRj2gSiC.js?v=b1c063b9:2321
[    4745ms] [ERROR] NG0303: Can't bind to 'ngIf' since it isn't a known property of 'ili-button-item' (used in the '_TicketLegalLista' component template).
If the 'ngIf' is an Angular control flow directive, please make sure that either the 'NgIf' directive or the 'CommonModule' is included in the '@Component.imports' of this component. @ http://localhost:4200/@fs/D:/repos/luxuryapp-api/appsweb/angular/.angular/cache/22.1.8/luxury-app/vite/deps/core-gRj2gSiC.js?v=b1c063b9:2321
[    4747ms] [ERROR] NG0303: Can't bind to 'ngIf' since it isn't a known property of 'ili-button-item' (used in the '_TicketLegalLista' component template).
If the 'ngIf' is an Angular control flow directive, please make sure that either the 'NgIf' directive or the 'CommonModule' is included in the '@Component.imports' of this component. @ http://localhost:4200/@fs/D:/repos/luxuryapp-api/appsweb/angular/.angular/cache/22.1.8/luxury-app/vite/deps/core-gRj2gSiC.js?v=b1c063b9:2321
[    4749ms] [ERROR] NG0303: Can't bind to 'ngIf' since it isn't a known property of 'ili-button-item' (used in the '_TicketLegalLista' component template).
If the 'ngIf' is an Angular control flow directive, please make sure that either the 'NgIf' directive or the 'CommonModule' is included in the '@Component.imports' of this component. @ http://localhost:4200/@fs/D:/repos/luxuryapp-api/appsweb/angular/.angular/cache/22.1.8/luxury-app/vite/deps/core-gRj2gSiC.js?v=b1c063b9:2321
[    4751ms] [ERROR] NG0303: Can't bind to 'ngIf' since it isn't a known property of 'ili-button-item' (used in the '_TicketLegalLista' component template).
If the 'ngIf' is an Angular control flow directive, please make sure that either the 'NgIf' directive or the 'CommonModule' is included in the '@Component.imports' of this component. @ http://localhost:4200/@fs/D:/repos/luxuryapp-api/appsweb/angular/.angular/cache/22.1.8/luxury-app/vite/deps/core-gRj2gSiC.js?v=b1c063b9:2321
[    4752ms] [ERROR] NG0303: Can't bind to 'ngIf' since it isn't a known property of 'ili-button-item' (used in the '_TicketLegalLista' component template).
If the 'ngIf' is an Angular control flow directive, please make sure that either the 'NgIf' directive or the 'CommonModule' is included in the '@Component.imports' of this component. @ http://localhost:4200/@fs/D:/repos/luxuryapp-api/appsweb/angular/.angular/cache/22.1.8/luxury-app/vite/deps/core-gRj2gSiC.js?v=b1c063b9:2321
[    4754ms] [ERROR] NG0303: Can't bind to 'ngIf' since it isn't a known property of 'ili-button-item' (used in the '_TicketLegalLista' component template).
If the 'ngIf' is an Angular control flow directive, please make sure that either the 'NgIf' directive or the 'CommonModule' is included in the '@Component.imports' of this component. @ http://localhost:4200/@fs/D:/repos/luxuryapp-api/appsweb/angular/.angular/cache/22.1.8/luxury-app/vite/deps/core-gRj2gSiC.js?v=b1c063b9:2321
[    4756ms] [ERROR] NG0303: Can't bind to 'ngIf' since it isn't a known property of 'ili-button-item' (used in the '_TicketLegalLista' component template).
If the 'ngIf' is an Angular control flow directive, please make sure that either the 'NgIf' directive or the 'CommonModule' is included in the '@Component.imports' of this component. @ http://localhost:4200/@fs/D:/repos/luxuryapp-api/appsweb/angular/.angular/cache/22.1.8/luxury-app/vite/deps/core-gRj2gSiC.js?v=b1c063b9:2321
[    4758ms] [ERROR] NG0303: Can't bind to 'ngIf' since it isn't a known property of 'ili-button-item' (used in the '_TicketLegalLista' component template).
If the 'ngIf' is an Angular control flow directive, please make sure that either the 'NgIf' directive or the 'CommonModule' is included in the '@Component.imports' of this component. @ http://localhost:4200/@fs/D:/repos/luxuryapp-api/appsweb/angular/.angular/cache/22.1.8/luxury-app/vite/deps/core-gRj2gSiC.js?v=b1c063b9:2321
[    4759ms] [ERROR] NG0303: Can't bind to 'ngIf' since it isn't a known property of 'ili-button-item' (used in the '_TicketLegalLista' component template).
If the 'ngIf' is an Angular control flow directive, please make sure that either the 'NgIf' directive or the 'CommonModule' is included in the '@Component.imports' of this component. @ http://localhost:4200/@fs/D:/repos/luxuryapp-api/appsweb/angular/.angular/cache/22.1.8/luxury-app/vite/deps/core-gRj2gSiC.js?v=b1c063b9:2321
[    4761ms] [ERROR] NG0303: Can't bind to 'ngIf' since it isn't a known property of 'ili-button-item' (used in the '_TicketLegalLista' component template).
If the 'ngIf' is an Angular control flow directive, please make sure that either the 'NgIf' directive or the 'CommonModule' is included in the '@Component.imports' of this component. @ http://localhost:4200/@fs/D:/repos/luxuryapp-api/appsweb/angular/.angular/cache/22.1.8/luxury-app/vite/deps/core-gRj2gSiC.js?v=b1c063b9:2321
[    4763ms] [ERROR] NG0303: Can't bind to 'ngIf' since it isn't a known property of 'ili-button-item' (used in the '_TicketLegalLista' component template).
If the 'ngIf' is an Angular control flow directive, please make sure that either the 'NgIf' directive or the 'CommonModule' is included in the '@Component.imports' of this component. @ http://localhost:4200/@fs/D:/repos/luxuryapp-api/appsweb/angular/.angular/cache/22.1.8/luxury-app/vite/deps/core-gRj2gSiC.js?v=b1c063b9:2321
[    4764ms] [ERROR] NG0303: Can't bind to 'ngIf' since it isn't a known property of 'ili-button-item' (used in the '_TicketLegalLista' component template).
If the 'ngIf' is an Angular control flow directive, please make sure that either the 'NgIf' directive or the 'CommonModule' is included in the '@Component.imports' of this component. @ http://localhost:4200/@fs/D:/repos/luxuryapp-api/appsweb/angular/.angular/cache/22.1.8/luxury-app/vite/deps/core-gRj2gSiC.js?v=b1c063b9:2321
[    4766ms] [ERROR] NG0303: Can't bind to 'ngIf' since it isn't a known property of 'ili-button-item' (used in the '_TicketLegalLista' component template).
If the 'ngIf' is an Angular control flow directive, please make sure that either the 'NgIf' directive or the 'CommonModule' is included in the '@Component.imports' of this component. @ http://localhost:4200/@fs/D:/repos/luxuryapp-api/appsweb/angular/.angular/cache/22.1.8/luxury-app/vite/deps/core-gRj2gSiC.js?v=b1c063b9:2321
[    4768ms] [ERROR] NG0303: Can't bind to 'ngIf' since it isn't a known property of 'ili-button-item' (used in the '_TicketLegalLista' component template).
If the 'ngIf' is an Angular control flow directive, please make sure that either the 'NgIf' directive or the 'CommonModule' is included in the '@Component.imports' of this component. @ http://localhost:4200/@fs/D:/repos/luxuryapp-api/appsweb/angular/.angular/cache/22.1.8/luxury-app/vite/deps/core-gRj2gSiC.js?v=b1c063b9:2321
[    4769ms] [ERROR] NG0303: Can't bind to 'ngIf' since it isn't a known property of 'ili-button-item' (used in the '_TicketLegalLista' component template).
If the 'ngIf' is an Angular control flow directive, please make sure that either the 'NgIf' directive or the 'CommonModule' is included in the '@Component.imports' of this component. @ http://localhost:4200/@fs/D:/repos/luxuryapp-api/appsweb/angular/.angular/cache/22.1.8/luxury-app/vite/deps/core-gRj2gSiC.js?v=b1c063b9:2321
[    4771ms] [ERROR] NG0303: Can't bind to 'ngIf' since it isn't a known property of 'ili-button-item' (used in the '_TicketLegalLista' component template).
If the 'ngIf' is an Angular control flow directive, please make sure that either the 'NgIf' directive or the 'CommonModule' is included in the '@Component.imports' of this component. @ http://localhost:4200/@fs/D:/repos/luxuryapp-api/appsweb/angular/.angular/cache/22.1.8/luxury-app/vite/deps/core-gRj2gSiC.js?v=b1c063b9:2321
[    4773ms] [ERROR] NG0303: Can't bind to 'ngIf' since it isn't a known property of 'ili-button-item' (used in the '_TicketLegalLista' component template).
If the 'ngIf' is an Angular control flow directive, please make sure that either the 'NgIf' directive or the 'CommonModule' is included in the '@Component.imports' of this component. @ http://localhost:4200/@fs/D:/repos/luxuryapp-api/appsweb/angular/.angular/cache/22.1.8/luxury-app/vite/deps/core-gRj2gSiC.js?v=b1c063b9:2321
[    4774ms] [ERROR] NG0303: Can't bind to 'ngIf' since it isn't a known property of 'ili-button-item' (used in the '_TicketLegalLista' component template).
If the 'ngIf' is an Angular control flow directive, please make sure that either the 'NgIf' directive or the 'CommonModule' is included in the '@Component.imports' of this component. @ http://localhost:4200/@fs/D:/repos/luxuryapp-api/appsweb/angular/.angular/cache/22.1.8/luxury-app/vite/deps/core-gRj2gSiC.js?v=b1c063b9:2321
[    4776ms] [ERROR] NG0303: Can't bind to 'ngIf' since it isn't a known property of 'ili-button-item' (used in the '_TicketLegalLista' component template).
If the 'ngIf' is an Angular control flow directive, please make sure that either the 'NgIf' directive or the 'CommonModule' is included in the '@Component.imports' of this component. @ http://localhost:4200/@fs/D:/repos/luxuryapp-api/appsweb/angular/.angular/cache/22.1.8/luxury-app/vite/deps/core-gRj2gSiC.js?v=b1c063b9:2321
[    4777ms] [ERROR] NG0303: Can't bind to 'ngIf' since it isn't a known property of 'ili-button-item' (used in the '_TicketLegalLista' component template).
If the 'ngIf' is an Angular control flow directive, please make sure that either the 'NgIf' directive or the 'CommonModule' is included in the '@Component.imports' of this component. @ http://localhost:4200/@fs/D:/repos/luxuryapp-api/appsweb/angular/.angular/cache/22.1.8/luxury-app/vite/deps/core-gRj2gSiC.js?v=b1c063b9:2321
[    4779ms] [ERROR] NG0303: Can't bind to 'ngIf' since it isn't a known property of 'ili-button-item' (used in the '_TicketLegalLista' component template).
If the 'ngIf' is an Angular control flow directive, please make sure that either the 'NgIf' directive or the 'CommonModule' is included in the '@Component.imports' of this component. @ http://localhost:4200/@fs/D:/repos/luxuryapp-api/appsweb/angular/.angular/cache/22.1.8/luxury-app/vite/deps/core-gRj2gSiC.js?v=b1c063b9:2321
[    4781ms] [ERROR] NG0303: Can't bind to 'ngIf' since it isn't a known property of 'ili-button-item' (used in the '_TicketLegalLista' component template).
If the 'ngIf' is an Angular control flow directive, please make sure that either the 'NgIf' directive or the 'CommonModule' is included in the '@Component.imports' of this component. @ http://localhost:4200/@fs/D:/repos/luxuryapp-api/appsweb/angular/.angular/cache/22.1.8/luxury-app/vite/deps/core-gRj2gSiC.js?v=b1c063b9:2321
[    4784ms] [ERROR] NG0303: Can't bind to 'ngIf' since it isn't a known property of 'ili-button-item' (used in the '_TicketLegalLista' component template).
If the 'ngIf' is an Angular control flow directive, please make sure that either the 'NgIf' directive or the 'CommonModule' is included in the '@Component.imports' of this component. @ http://localhost:4200/@fs/D:/repos/luxuryapp-api/appsweb/angular/.angular/cache/22.1.8/luxury-app/vite/deps/core-gRj2gSiC.js?v=b1c063b9:2321
[    4787ms] [ERROR] NG0303: Can't bind to 'ngIf' since it isn't a known property of 'ili-button-item' (used in the '_TicketLegalLista' component template).
If the 'ngIf' is an Angular control flow directive, please make sure that either the 'NgIf' directive or the 'CommonModule' is included in the '@Component.imports' of this component. @ http://localhost:4200/@fs/D:/repos/luxuryapp-api/appsweb/angular/.angular/cache/22.1.8/luxury-app/vite/deps/core-gRj2gSiC.js?v=b1c063b9:2321
[    4789ms] [ERROR] NG0303: Can't bind to 'ngIf' since it isn't a known property of 'ili-button-item' (used in the '_TicketLegalLista' component template).
If the 'ngIf' is an Angular control flow directive, please make sure that either the 'NgIf' directive or the 'CommonModule' is included in the '@Component.imports' of this component. @ http://localhost:4200/@fs/D:/repos/luxuryapp-api/appsweb/angular/.angular/cache/22.1.8/luxury-app/vite/deps/core-gRj2gSiC.js?v=b1c063b9:2321
[    4791ms] [ERROR] NG0303: Can't bind to 'ngIf' since it isn't a known property of 'ili-button-item' (used in the '_TicketLegalLista' component template).
If the 'ngIf' is an Angular control flow directive, please make sure that either the 'NgIf' directive or the 'CommonModule' is included in the '@Component.imports' of this component. @ http://localhost:4200/@fs/D:/repos/luxuryapp-api/appsweb/angular/.angular/cache/22.1.8/luxury-app/vite/deps/core-gRj2gSiC.js?v=b1c063b9:2321
[    4793ms] [ERROR] NG0303: Can't bind to 'ngIf' since it isn't a known property of 'ili-button-item' (used in the '_TicketLegalLista' component template).
If the 'ngIf' is an Angular control flow directive, please make sure that either the 'NgIf' directive or the 'CommonModule' is included in the '@Component.imports' of this component. @ http://localhost:4200/@fs/D:/repos/luxuryapp-api/appsweb/angular/.angular/cache/22.1.8/luxury-app/vite/deps/core-gRj2gSiC.js?v=b1c063b9:2321
[    4795ms] [ERROR] NG0303: Can't bind to 'ngIf' since it isn't a known property of 'ili-button-item' (used in the '_TicketLegalLista' component template).
If the 'ngIf' is an Angular control flow directive, please make sure that either the 'NgIf' directive or the 'CommonModule' is included in the '@Component.imports' of this component. @ http://localhost:4200/@fs/D:/repos/luxuryapp-api/appsweb/angular/.angular/cache/22.1.8/luxury-app/vite/deps/core-gRj2gSiC.js?v=b1c063b9:2321
[    4798ms] [ERROR] NG0303: Can't bind to 'ngIf' since it isn't a known property of 'ili-button-item' (used in the '_TicketLegalLista' component template).
If the 'ngIf' is an Angular control flow directive, please make sure that either the 'NgIf' directive or the 'CommonModule' is included in the '@Component.imports' of this component. @ http://localhost:4200/@fs/D:/repos/luxuryapp-api/appsweb/angular/.angular/cache/22.1.8/luxury-app/vite/deps/core-gRj2gSiC.js?v=b1c063b9:2321
[    4800ms] [ERROR] NG0303: Can't bind to 'ngIf' since it isn't a known property of 'ili-button-item' (used in the '_TicketLegalLista' component template).
If the 'ngIf' is an Angular control flow directive, please make sure that either the 'NgIf' directive or the 'CommonModule' is included in the '@Component.imports' of this component. @ http://localhost:4200/@fs/D:/repos/luxuryapp-api/appsweb/angular/.angular/cache/22.1.8/luxury-app/vite/deps/core-gRj2gSiC.js?v=b1c063b9:2321
[    4802ms] [ERROR] NG0303: Can't bind to 'ngIf' since it isn't a known property of 'ili-button-item' (used in the '_TicketLegalLista' component template).
If the 'ngIf' is an Angular control flow directive, please make sure that either the 'NgIf' directive or the 'CommonModule' is included in the '@Component.imports' of this component. @ http://localhost:4200/@fs/D:/repos/luxuryapp-api/appsweb/angular/.angular/cache/22.1.8/luxury-app/vite/deps/core-gRj2gSiC.js?v=b1c063b9:2321
[    4805ms] [ERROR] NG0303: Can't bind to 'ngIf' since it isn't a known property of 'ili-button-item' (used in the '_TicketLegalLista' component template).
If the 'ngIf' is an Angular control flow directive, please make sure that either the 'NgIf' directive or the 'CommonModule' is included in the '@Component.imports' of this component. @ http://localhost:4200/@fs/D:/repos/luxuryapp-api/appsweb/angular/.angular/cache/22.1.8/luxury-app/vite/deps/core-gRj2gSiC.js?v=b1c063b9:2321
[    4807ms] [ERROR] NG0303: Can't bind to 'ngIf' since it isn't a known property of 'ili-button-item' (used in the '_TicketLegalLista' component template).
If the 'ngIf' is an Angular control flow directive, please make sure that either the 'NgIf' directive or the 'CommonModule' is included in the '@Component.imports' of this component. @ http://localhost:4200/@fs/D:/repos/luxuryapp-api/appsweb/angular/.angular/cache/22.1.8/luxury-app/vite/deps/core-gRj2gSiC.js?v=b1c063b9:2321
[    4810ms] [ERROR] NG0303: Can't bind to 'ngIf' since it isn't a known property of 'ili-button-item' (used in the '_TicketLegalLista' component template).
If the 'ngIf' is an Angular control flow directive, please make sure that either the 'NgIf' directive or the 'CommonModule' is included in the '@Component.imports' of this component. @ http://localhost:4200/@fs/D:/repos/luxuryapp-api/appsweb/angular/.angular/cache/22.1.8/luxury-app/vite/deps/core-gRj2gSiC.js?v=b1c063b9:2321
[    4812ms] [ERROR] NG0303: Can't bind to 'ngIf' since it isn't a known property of 'ili-button-item' (used in the '_TicketLegalLista' component template).
If the 'ngIf' is an Angular control flow directive, please make sure that either the 'NgIf' directive or the 'CommonModule' is included in the '@Component.imports' of this component. @ http://localhost:4200/@fs/D:/repos/luxuryapp-api/appsweb/angular/.angular/cache/22.1.8/luxury-app/vite/deps/core-gRj2gSiC.js?v=b1c063b9:2321
[    4815ms] [ERROR] NG0303: Can't bind to 'ngIf' since it isn't a known property of 'ili-button-item' (used in the '_TicketLegalLista' component template).
If the 'ngIf' is an Angular control flow directive, please make sure that either the 'NgIf' directive or the 'CommonModule' is included in the '@Component.imports' of this component. @ http://localhost:4200/@fs/D:/repos/luxuryapp-api/appsweb/angular/.angular/cache/22.1.8/luxury-app/vite/deps/core-gRj2gSiC.js?v=b1c063b9:2321
[    4817ms] [ERROR] NG0303: Can't bind to 'ngIf' since it isn't a known property of 'ili-button-item' (used in the '_TicketLegalLista' component template).
If the 'ngIf' is an Angular control flow directive, please make sure that either the 'NgIf' directive or the 'CommonModule' is included in the '@Component.imports' of this component. @ http://localhost:4200/@fs/D:/repos/luxuryapp-api/appsweb/angular/.angular/cache/22.1.8/luxury-app/vite/deps/core-gRj2gSiC.js?v=b1c063b9:2321
[    4818ms] [ERROR] NG0303: Can't bind to 'ngIf' since it isn't a known property of 'ili-button-item' (used in the '_TicketLegalLista' component template).
If the 'ngIf' is an Angular control flow directive, please make sure that either the 'NgIf' directive or the 'CommonModule' is included in the '@Component.imports' of this component. @ http://localhost:4200/@fs/D:/repos/luxuryapp-api/appsweb/angular/.angular/cache/22.1.8/luxury-app/vite/deps/core-gRj2gSiC.js?v=b1c063b9:2321
[    4820ms] [ERROR] NG0303: Can't bind to 'ngIf' since it isn't a known property of 'ili-button-item' (used in the '_TicketLegalLista' component template).
If the 'ngIf' is an Angular control flow directive, please make sure that either the 'NgIf' directive or the 'CommonModule' is included in the '@Component.imports' of this component. @ http://localhost:4200/@fs/D:/repos/luxuryapp-api/appsweb/angular/.angular/cache/22.1.8/luxury-app/vite/deps/core-gRj2gSiC.js?v=b1c063b9:2321
[    4821ms] [ERROR] NG0303: Can't bind to 'ngIf' since it isn't a known property of 'ili-button-item' (used in the '_TicketLegalLista' component template).
If the 'ngIf' is an Angular control flow directive, please make sure that either the 'NgIf' directive or the 'CommonModule' is included in the '@Component.imports' of this component. @ http://localhost:4200/@fs/D:/repos/luxuryapp-api/appsweb/angular/.angular/cache/22.1.8/luxury-app/vite/deps/core-gRj2gSiC.js?v=b1c063b9:2321
[    4823ms] [ERROR] NG0303: Can't bind to 'ngIf' since it isn't a known property of 'ili-button-item' (used in the '_TicketLegalLista' component template).
If the 'ngIf' is an Angular control flow directive, please make sure that either the 'NgIf' directive or the 'CommonModule' is included in the '@Component.imports' of this component. @ http://localhost:4200/@fs/D:/repos/luxuryapp-api/appsweb/angular/.angular/cache/22.1.8/luxury-app/vite/deps/core-gRj2gSiC.js?v=b1c063b9:2321
[    4825ms] [ERROR] NG0303: Can't bind to 'ngIf' since it isn't a known property of 'ili-button-item' (used in the '_TicketLegalLista' component template).
If the 'ngIf' is an Angular control flow directive, please make sure that either the 'NgIf' directive or the 'CommonModule' is included in the '@Component.imports' of this component. @ http://localhost:4200/@fs/D:/repos/luxuryapp-api/appsweb/angular/.angular/cache/22.1.8/luxury-app/vite/deps/core-gRj2gSiC.js?v=b1c063b9:2321
[    4826ms] [ERROR] NG0303: Can't bind to 'ngIf' since it isn't a known property of 'ili-button-item' (used in the '_TicketLegalLista' component template).
If the 'ngIf' is an Angular control flow directive, please make sure that either the 'NgIf' directive or the 'CommonModule' is included in the '@Component.imports' of this component. @ http://localhost:4200/@fs/D:/repos/luxuryapp-api/appsweb/angular/.angular/cache/22.1.8/luxury-app/vite/deps/core-gRj2gSiC.js?v=b1c063b9:2321
[    4828ms] [ERROR] NG0303: Can't bind to 'ngIf' since it isn't a known property of 'ili-button-item' (used in the '_TicketLegalLista' component template).
If the 'ngIf' is an Angular control flow directive, please make sure that either the 'NgIf' directive or the 'CommonModule' is included in the '@Component.imports' of this component. @ http://localhost:4200/@fs/D:/repos/luxuryapp-api/appsweb/angular/.angular/cache/22.1.8/luxury-app/vite/deps/core-gRj2gSiC.js?v=b1c063b9:2321
[    4829ms] [ERROR] NG0303: Can't bind to 'ngIf' since it isn't a known property of 'ili-button-item' (used in the '_TicketLegalLista' component template).
If the 'ngIf' is an Angular control flow directive, please make sure that either the 'NgIf' directive or the 'CommonModule' is included in the '@Component.imports' of this component. @ http://localhost:4200/@fs/D:/repos/luxuryapp-api/appsweb/angular/.angular/cache/22.1.8/luxury-app/vite/deps/core-gRj2gSiC.js?v=b1c063b9:2321
[    4831ms] [ERROR] NG0303: Can't bind to 'ngIf' since it isn't a known property of 'ili-button-item' (used in the '_TicketLegalLista' component template).
If the 'ngIf' is an Angular control flow directive, please make sure that either the 'NgIf' directive or the 'CommonModule' is included in the '@Component.imports' of this component. @ http://localhost:4200/@fs/D:/repos/luxuryapp-api/appsweb/angular/.angular/cache/22.1.8/luxury-app/vite/deps/core-gRj2gSiC.js?v=b1c063b9:2321
[    4833ms] [ERROR] NG0303: Can't bind to 'ngIf' since it isn't a known property of 'ili-button-item' (used in the '_TicketLegalLista' component template).
If the 'ngIf' is an Angular control flow directive, please make sure that either the 'NgIf' directive or the 'CommonModule' is included in the '@Component.imports' of this component. @ http://localhost:4200/@fs/D:/repos/luxuryapp-api/appsweb/angular/.angular/cache/22.1.8/luxury-app/vite/deps/core-gRj2gSiC.js?v=b1c063b9:2321
[    4835ms] [ERROR] NG0303: Can't bind to 'ngIf' since it isn't a known property of 'ili-button-item' (used in the '_TicketLegalLista' component template).
If the 'ngIf' is an Angular control flow directive, please make sure that either the 'NgIf' directive or the 'CommonModule' is included in the '@Component.imports' of this component. @ http://localhost:4200/@fs/D:/repos/luxuryapp-api/appsweb/angular/.angular/cache/22.1.8/luxury-app/vite/deps/core-gRj2gSiC.js?v=b1c063b9:2321
[    4837ms] [ERROR] NG0303: Can't bind to 'ngIf' since it isn't a known property of 'ili-button-item' (used in the '_TicketLegalLista' component template).
If the 'ngIf' is an Angular control flow directive, please make sure that either the 'NgIf' directive or the 'CommonModule' is included in the '@Component.imports' of this component. @ http://localhost:4200/@fs/D:/repos/luxuryapp-api/appsweb/angular/.angular/cache/22.1.8/luxury-app/vite/deps/core-gRj2gSiC.js?v=b1c063b9:2321
[    4838ms] [ERROR] NG0303: Can't bind to 'ngIf' since it isn't a known property of 'ili-button-item' (used in the '_TicketLegalLista' component template).
If the 'ngIf' is an Angular control flow directive, please make sure that either the 'NgIf' directive or the 'CommonModule' is included in the '@Component.imports' of this component. @ http://localhost:4200/@fs/D:/repos/luxuryapp-api/appsweb/angular/.angular/cache/22.1.8/luxury-app/vite/deps/core-gRj2gSiC.js?v=b1c063b9:2321
[    4841ms] [ERROR] NG0303: Can't bind to 'ngIf' since it isn't a known property of 'ili-button-item' (used in the '_TicketLegalLista' component template).
If the 'ngIf' is an Angular control flow directive, please make sure that either the 'NgIf' directive or the 'CommonModule' is included in the '@Component.imports' of this component. @ http://localhost:4200/@fs/D:/repos/luxuryapp-api/appsweb/angular/.angular/cache/22.1.8/luxury-app/vite/deps/core-gRj2gSiC.js?v=b1c063b9:2321
[    4843ms] [ERROR] NG0303: Can't bind to 'ngIf' since it isn't a known property of 'ili-button-item' (used in the '_TicketLegalLista' component template).
If the 'ngIf' is an Angular control flow directive, please make sure that either the 'NgIf' directive or the 'CommonModule' is included in the '@Component.imports' of this component. @ http://localhost:4200/@fs/D:/repos/luxuryapp-api/appsweb/angular/.angular/cache/22.1.8/luxury-app/vite/deps/core-gRj2gSiC.js?v=b1c063b9:2321
[    4845ms] [ERROR] NG0303: Can't bind to 'ngIf' since it isn't a known property of 'ili-button-item' (used in the '_TicketLegalLista' component template).
If the 'ngIf' is an Angular control flow directive, please make sure that either the 'NgIf' directive or the 'CommonModule' is included in the '@Component.imports' of this component. @ http://localhost:4200/@fs/D:/repos/luxuryapp-api/appsweb/angular/.angular/cache/22.1.8/luxury-app/vite/deps/core-gRj2gSiC.js?v=b1c063b9:2321
[    4846ms] [ERROR] NG0303: Can't bind to 'ngIf' since it isn't a known property of 'ili-button-item' (used in the '_TicketLegalLista' component template).
If the 'ngIf' is an Angular control flow directive, please make sure that either the 'NgIf' directive or the 'CommonModule' is included in the '@Component.imports' of this component. @ http://localhost:4200/@fs/D:/repos/luxuryapp-api/appsweb/angular/.angular/cache/22.1.8/luxury-app/vite/deps/core-gRj2gSiC.js?v=b1c063b9:2321
[    4848ms] [ERROR] NG0303: Can't bind to 'ngIf' since it isn't a known property of 'ili-button-item' (used in the '_TicketLegalLista' component template).
If the 'ngIf' is an Angular control flow directive, please make sure that either the 'NgIf' directive or the 'CommonModule' is included in the '@Component.imports' of this component. @ http://localhost:4200/@fs/D:/repos/luxuryapp-api/appsweb/angular/.angular/cache/22.1.8/luxury-app/vite/deps/core-gRj2gSiC.js?v=b1c063b9:2321
[    4850ms] [ERROR] NG0303: Can't bind to 'ngIf' since it isn't a known property of 'ili-button-item' (used in the '_TicketLegalLista' component template).
If the 'ngIf' is an Angular control flow directive, please make sure that either the 'NgIf' directive or the 'CommonModule' is included in the '@Component.imports' of this component. @ http://localhost:4200/@fs/D:/repos/luxuryapp-api/appsweb/angular/.angular/cache/22.1.8/luxury-app/vite/deps/core-gRj2gSiC.js?v=b1c063b9:2321
[    4852ms] [ERROR] NG0303: Can't bind to 'ngIf' since it isn't a known property of 'ili-button-item' (used in the '_TicketLegalLista' component template).
If the 'ngIf' is an Angular control flow directive, please make sure that either the 'NgIf' directive or the 'CommonModule' is included in the '@Component.imports' of this component. @ http://localhost:4200/@fs/D:/repos/luxuryapp-api/appsweb/angular/.angular/cache/22.1.8/luxury-app/vite/deps/core-gRj2gSiC.js?v=b1c063b9:2321
[    4854ms] [ERROR] NG0303: Can't bind to 'ngIf' since it isn't a known property of 'ili-button-item' (used in the '_TicketLegalLista' component template).
If the 'ngIf' is an Angular control flow directive, please make sure that either the 'NgIf' directive or the 'CommonModule' is included in the '@Component.imports' of this component. @ http://localhost:4200/@fs/D:/repos/luxuryapp-api/appsweb/angular/.angular/cache/22.1.8/luxury-app/vite/deps/core-gRj2gSiC.js?v=b1c063b9:2321
[    4856ms] [ERROR] NG0303: Can't bind to 'ngIf' since it isn't a known property of 'ili-button-item' (used in the '_TicketLegalLista' component template).
If the 'ngIf' is an Angular control flow directive, please make sure that either the 'NgIf' directive or the 'CommonModule' is included in the '@Component.imports' of this component. @ http://localhost:4200/@fs/D:/repos/luxuryapp-api/appsweb/angular/.angular/cache/22.1.8/luxury-app/vite/deps/core-gRj2gSiC.js?v=b1c063b9:2321
[    4858ms] [ERROR] NG0303: Can't bind to 'ngIf' since it isn't a known property of 'ili-button-item' (used in the '_TicketLegalLista' component template).
If the 'ngIf' is an Angular control flow directive, please make sure that either the 'NgIf' directive or the 'CommonModule' is included in the '@Component.imports' of this component. @ http://localhost:4200/@fs/D:/repos/luxuryapp-api/appsweb/angular/.angular/cache/22.1.8/luxury-app/vite/deps/core-gRj2gSiC.js?v=b1c063b9:2321
[    4860ms] [ERROR] NG0303: Can't bind to 'ngIf' since it isn't a known property of 'ili-button-item' (used in the '_TicketLegalLista' component template).
If the 'ngIf' is an Angular control flow directive, please make sure that either the 'NgIf' directive or the 'CommonModule' is included in the '@Component.imports' of this component. @ http://localhost:4200/@fs/D:/repos/luxuryapp-api/appsweb/angular/.angular/cache/22.1.8/luxury-app/vite/deps/core-gRj2gSiC.js?v=b1c063b9:2321
[    4861ms] [ERROR] NG0303: Can't bind to 'ngIf' since it isn't a known property of 'ili-button-item' (used in the '_TicketLegalLista' component template).
If the 'ngIf' is an Angular control flow directive, please make sure that either the 'NgIf' directive or the 'CommonModule' is included in the '@Component.imports' of this component. @ http://localhost:4200/@fs/D:/repos/luxuryapp-api/appsweb/angular/.angular/cache/22.1.8/luxury-app/vite/deps/core-gRj2gSiC.js?v=b1c063b9:2321
[    4864ms] [ERROR] NG0303: Can't bind to 'ngIf' since it isn't a known property of 'ili-button-item' (used in the '_TicketLegalLista' component template).
If the 'ngIf' is an Angular control flow directive, please make sure that either the 'NgIf' directive or the 'CommonModule' is included in the '@Component.imports' of this component. @ http://localhost:4200/@fs/D:/repos/luxuryapp-api/appsweb/angular/.angular/cache/22.1.8/luxury-app/vite/deps/core-gRj2gSiC.js?v=b1c063b9:2321
[    4866ms] [ERROR] NG0303: Can't bind to 'ngIf' since it isn't a known property of 'ili-button-item' (used in the '_TicketLegalLista' component template).
If the 'ngIf' is an Angular control flow directive, please make sure that either the 'NgIf' directive or the 'CommonModule' is included in the '@Component.imports' of this component. @ http://localhost:4200/@fs/D:/repos/luxuryapp-api/appsweb/angular/.angular/cache/22.1.8/luxury-app/vite/deps/core-gRj2gSiC.js?v=b1c063b9:2321
[    4868ms] [ERROR] NG0303: Can't bind to 'ngIf' since it isn't a known property of 'ili-button-item' (used in the '_TicketLegalLista' component template).
If the 'ngIf' is an Angular control flow directive, please make sure that either the 'NgIf' directive or the 'CommonModule' is included in the '@Component.imports' of this component. @ http://localhost:4200/@fs/D:/repos/luxuryapp-api/appsweb/angular/.angular/cache/22.1.8/luxury-app/vite/deps/core-gRj2gSiC.js?v=b1c063b9:2321
[    4870ms] [ERROR] NG0303: Can't bind to 'ngIf' since it isn't a known property of 'ili-button-item' (used in the '_TicketLegalLista' component template).
If the 'ngIf' is an Angular control flow directive, please make sure that either the 'NgIf' directive or the 'CommonModule' is included in the '@Component.imports' of this component. @ http://localhost:4200/@fs/D:/repos/luxuryapp-api/appsweb/angular/.angular/cache/22.1.8/luxury-app/vite/deps/core-gRj2gSiC.js?v=b1c063b9:2321
[    4889ms] [WARNING] NG0318: `[style.max-height]` was bound to an invalid value. Expected a string, number, SafeValue, null, or undefined, but received `function` (`getter`). Find more at https://v22.angular.dev/errors/NG0318 @ http://localhost:4200/@fs/D:/repos/luxuryapp-api/appsweb/angular/.angular/cache/22.1.8/luxury-app/vite/deps/core-gRj2gSiC.js?v=b1c063b9:13599
